coverage,selective_risk,accepted_count
8.333333333333333e-05,0.0,1
0.00016666666666666666,0.0,2
0.00025,0.0,3
0.0003333333333333333,0.0,4
0.0004166666666666667,0.0,5
0.0005,0.0,6
0.0005833333333333334,0.0,7
0.0006666666666666666,0.0,8
0.00075,0.0,9
0.0008333333333333334,0.0,10
0.0009166666666666666,0.0,11
0.001,0.0,12
0.0010833333333333333,0.0,13
0.0011666666666666668,0.0,14
0.00125,0.0,15
0.0013333333333333333,0.0,16
0.0014166666666666668,0.0,17
0.0015,0.0,18
0.0015833333333333333,0.0,19
0.0016666666666666668,0.0,20
0.00175,0.0,21
0.0018333333333333333,0.0,22
0.0019166666666666666,0.0,23
0.002,0.0,24
0.0020833333333333333,0.0,25
0.0021666666666666666,0.0,26
0.00225,0.0,27
0.0023333333333333335,0.0,28
0.002416666666666667,0.0,29
0.0025,0.0,30
0.0025833333333333333,0.0,31
0.0026666666666666666,0.0,32
0.00275,0.0,33
0.0028333333333333335,0.0,34
0.002916666666666667,0.0,35
0.003,0.0,36
0.0030833333333333333,0.0,37
0.0031666666666666666,0.0,38
0.00325,0.0,39
0.0033333333333333335,0.0,40
0.003416666666666667,0.0,41
0.0035,0.0,42
0.0035833333333333333,0.0,43
0.0036666666666666666,0.0,44
0.00375,0.0,45
0.003833333333333333,0.0,46
0.003916666666666666,0.0,47
0.004,0.0,48
0.004083333333333333,0.0,49
0.004166666666666667,0.0,50
0.00425,0.0,51
0.004333333333333333,0.0,52
0.004416666666666667,0.0,53
0.0045,0.0,54
0.004583333333333333,0.0,55
0.004666666666666667,0.0,56
0.00475,0.0,57
0.004833333333333334,0.0,58
0.004916666666666666,0.0,59
0.005,0.0,60
0.005083333333333333,0.0,61
0.005166666666666667,0.0,62
0.00525,0.0,63
0.005333333333333333,0.0,64
0.005416666666666667,0.0,65
0.0055,0.0,66
0.005583333333333333,0.0,67
0.005666666666666667,0.0,68
0.00575,0.0,69
0.005833333333333334,0.0,70
0.005916666666666666,0.0,71
0.006,0.0,72
0.006083333333333333,0.0,73
0.006166666666666667,0.0,74
0.00625,0.0,75
0.006333333333333333,0.0,76
0.006416666666666667,0.0,77
0.0065,0.0,78
0.006583333333333333,0.0,79
0.006666666666666667,0.0,80
0.00675,0.0,81
0.006833333333333334,0.0,82
0.0069166666666666664,0.0,83
0.007,0.0,84
0.007083333333333333,0.0,85
0.007166666666666667,0.0,86
0.00725,0.0,87
0.007333333333333333,0.0,88
0.007416666666666667,0.0,89
0.0075,0.0,90
0.007583333333333333,0.0,91
0.007666666666666666,0.0,92
0.00775,0.0,93
0.007833333333333333,0.0,94
0.007916666666666667,0.0,95
0.008,0.0,96
0.008083333333333333,0.0,97
0.008166666666666666,0.0,98
0.00825,0.0,99
0.008333333333333333,0.0,100
0.008416666666666666,0.0,101
0.0085,0.0,102
0.008583333333333333,0.0,103
0.008666666666666666,0.0,104
0.00875,0.0,105
0.008833333333333334,0.0,106
0.008916666666666666,0.0,107
0.009,0.0,108
0.009083333333333334,0.0,109
0.009166666666666667,0.0,110
0.00925,0.0,111
0.009333333333333334,0.0,112
0.009416666666666667,0.0,113
0.0095,0.0,114
0.009583333333333333,0.0,115
0.009666666666666667,0.0,116
0.00975,0.0,117
0.009833333333333333,0.0,118
0.009916666666666667,0.0,119
0.01,0.0,120
0.010083333333333333,0.0,121
0.010166666666666666,0.0,122
0.01025,0.0,123
0.010333333333333333,0.0,124
0.010416666666666666,0.0,125
0.0105,0.0,126
0.010583333333333333,0.0,127
0.010666666666666666,0.0,128
0.01075,0.0,129
0.010833333333333334,0.0,130
0.010916666666666667,0.0,131
0.011,0.0,132
0.011083333333333334,0.0,133
0.011166666666666667,0.0,134
0.01125,0.0,135
0.011333333333333334,0.0,136
0.011416666666666667,0.0,137
0.0115,0.0,138
0.011583333333333333,0.0,139
0.011666666666666667,0.0,140
0.01175,0.0,141
0.011833333333333333,0.0,142
0.011916666666666667,0.0,143
0.012,0.0,144
0.012083333333333333,0.0,145
0.012166666666666666,0.0,146
0.01225,0.0,147
0.012333333333333333,0.0,148
0.012416666666666666,0.0,149
0.0125,0.0,150
0.012583333333333334,0.0,151
0.012666666666666666,0.0,152
0.01275,0.0,153
0.012833333333333334,0.0,154
0.012916666666666667,0.0,155
0.013,0.0,156
0.013083333333333334,0.0,157
0.013166666666666667,0.0,158
0.01325,0.0,159
0.013333333333333334,0.0,160
0.013416666666666667,0.0,161
0.0135,0.0,162
0.013583333333333333,0.0,163
0.013666666666666667,0.0,164
0.01375,0.0,165
0.013833333333333333,0.0,166
0.013916666666666667,0.0,167
0.014,0.0,168
0.014083333333333333,0.0,169
0.014166666666666666,0.0,170
0.01425,0.0,171
0.014333333333333333,0.0,172
0.014416666666666666,0.0,173
0.0145,0.0,174
0.014583333333333334,0.0,175
0.014666666666666666,0.0,176
0.01475,0.0,177
0.014833333333333334,0.0,178
0.014916666666666667,0.0,179
0.015,0.0,180
0.015083333333333334,0.0,181
0.015166666666666667,0.0,182
0.01525,0.0,183
0.015333333333333332,0.0,184
0.015416666666666667,0.0,185
0.0155,0.0,186
0.015583333333333333,0.0,187
0.015666666666666666,0.0,188
0.01575,0.0,189
0.015833333333333335,0.0,190
0.015916666666666666,0.0,191
0.016,0.0,192
0.016083333333333335,0.0,193
0.016166666666666666,0.0,194
0.01625,0.0,195
0.01633333333333333,0.0,196
0.016416666666666666,0.0,197
0.0165,0.0,198
0.016583333333333332,0.0,199
0.016666666666666666,0.0,200
0.01675,0.0,201
0.016833333333333332,0.0,202
0.016916666666666667,0.0,203
0.017,0.0,204
0.017083333333333332,0.0,205
0.017166666666666667,0.0,206
0.01725,0.0,207
0.017333333333333333,0.0,208
0.017416666666666667,0.0,209
0.0175,0.0,210
0.017583333333333333,0.0,211
0.017666666666666667,0.0,212
0.01775,0.0,213
0.017833333333333333,0.0,214
0.017916666666666668,0.0,215
0.018,0.0,216
0.018083333333333333,0.0,217
0.018166666666666668,0.0,218
0.01825,0.0,219
0.018333333333333333,0.0,220
0.018416666666666668,0.0,221
0.0185,0.0,222
0.018583333333333334,0.0,223
0.018666666666666668,0.0,224
0.01875,0.0,225
0.018833333333333334,0.0,226
0.018916666666666665,0.0,227
0.019,0.0,228
0.019083333333333334,0.0,229
0.019166666666666665,0.0,230
0.01925,0.0,231
0.019333333333333334,0.0,232
0.019416666666666665,0.0,233
0.0195,0.0,234
0.019583333333333335,0.0,235
0.019666666666666666,0.0,236
0.01975,0.0,237
0.019833333333333335,0.0,238
0.019916666666666666,0.0,239
0.02,0.0,240
0.020083333333333335,0.0,241
0.020166666666666666,0.0,242
0.02025,0.0,243
0.02033333333333333,0.0,244
0.020416666666666666,0.0,245
0.0205,0.0,246
0.020583333333333332,0.0,247
0.020666666666666667,0.0,248
0.02075,0.0,249
0.020833333333333332,0.0,250
0.020916666666666667,0.0,251
0.021,0.0,252
0.021083333333333332,0.0,253
0.021166666666666667,0.0,254
0.02125,0.0,255
0.021333333333333333,0.0,256
0.021416666666666667,0.0,257
0.0215,0.0,258
0.021583333333333333,0.0,259
0.021666666666666667,0.0,260
0.02175,0.0,261
0.021833333333333333,0.0,262
0.021916666666666668,0.0,263
0.022,0.0,264
0.022083333333333333,0.0,265
0.022166666666666668,0.0,266
0.02225,0.0,267
0.022333333333333334,0.0,268
0.022416666666666668,0.0,269
0.0225,0.0,270
0.022583333333333334,0.0,271
0.02266666666666667,0.0,272
0.02275,0.0,273
0.022833333333333334,0.0,274
0.022916666666666665,0.0,275
0.023,0.0,276
0.023083333333333334,0.0,277
0.023166666666666665,0.0,278
0.02325,0.0,279
0.023333333333333334,0.0,280
0.023416666666666665,0.0,281
0.0235,0.0,282
0.023583333333333335,0.0,283
0.023666666666666666,0.0,284
0.02375,0.0,285
0.023833333333333335,0.0,286
0.023916666666666666,0.0,287
0.024,0.0,288
0.024083333333333335,0.0,289
0.024166666666666666,0.0,290
0.02425,0.0,291
0.024333333333333332,0.0,292
0.024416666666666666,0.0,293
0.0245,0.0,294
0.024583333333333332,0.0,295
0.024666666666666667,0.0,296
0.02475,0.0,297
0.024833333333333332,0.0,298
0.024916666666666667,0.0,299
0.025,0.0,300
0.025083333333333332,0.0,301
0.025166666666666667,0.0,302
0.02525,0.0,303
0.025333333333333333,0.0,304
0.025416666666666667,0.0,305
0.0255,0.0,306
0.025583333333333333,0.0,307
0.025666666666666667,0.0,308
0.02575,0.0,309
0.025833333333333333,0.0,310
0.025916666666666668,0.0,311
0.026,0.0,312
0.026083333333333333,0.0,313
0.026166666666666668,0.0,314
0.02625,0.0,315
0.026333333333333334,0.0,316
0.026416666666666668,0.0,317
0.0265,0.0,318
0.026583333333333334,0.0,319
0.02666666666666667,0.0,320
0.02675,0.0,321
0.026833333333333334,0.0,322
0.026916666666666665,0.0,323
0.027,0.0,324
0.027083333333333334,0.0,325
0.027166666666666665,0.0,326
0.02725,0.0,327
0.027333333333333334,0.0,328
0.027416666666666666,0.0,329
0.0275,0.0,330
0.027583333333333335,0.0,331
0.027666666666666666,0.0,332
0.02775,0.0,333
0.027833333333333335,0.0,334
0.027916666666666666,0.0,335
0.028,0.0,336
0.02808333333333333,0.0,337
0.028166666666666666,0.0,338
0.02825,0.0,339
0.028333333333333332,0.0,340
0.028416666666666666,0.0,341
0.0285,0.0,342
0.028583333333333332,0.0,343
0.028666666666666667,0.0,344
0.02875,0.0,345
0.028833333333333332,0.0,346
0.028916666666666667,0.0,347
0.029,0.0,348
0.029083333333333333,0.0,349
0.029166666666666667,0.0,350
0.02925,0.0,351
0.029333333333333333,0.0,352
0.029416666666666667,0.0,353
0.0295,0.0,354
0.029583333333333333,0.0,355
0.029666666666666668,0.0,356
0.02975,0.0,357
0.029833333333333333,0.0,358
0.029916666666666668,0.0,359
0.03,0.0,360
0.030083333333333333,0.0,361
0.030166666666666668,0.0,362
0.03025,0.0,363
0.030333333333333334,0.0,364
0.030416666666666668,0.0,365
0.0305,0.0,366
0.030583333333333334,0.0,367
0.030666666666666665,0.0,368
0.03075,0.0,369
0.030833333333333334,0.0,370
0.030916666666666665,0.0,371
0.031,0.0,372
0.031083333333333334,0.0,373
0.031166666666666665,0.0,374
0.03125,0.0,375
0.03133333333333333,0.0,376
0.03141666666666667,0.0,377
0.0315,0.0,378
0.03158333333333333,0.0,379
0.03166666666666667,0.0,380
0.03175,0.0,381
0.03183333333333333,0.0,382
0.03191666666666667,0.0,383
0.032,0.0,384
0.03208333333333333,0.0,385
0.03216666666666667,0.0,386
0.03225,0.0,387
0.03233333333333333,0.0,388
0.03241666666666667,0.0,389
0.0325,0.0,390
0.03258333333333333,0.0,391
0.03266666666666666,0.0,392
0.03275,0.0,393
0.03283333333333333,0.0,394
0.032916666666666664,0.0,395
0.033,0.0,396
0.03308333333333333,0.0,397
0.033166666666666664,0.0,398
0.03325,0.0,399
0.03333333333333333,0.0,400
0.033416666666666664,0.0,401
0.0335,0.0,402
0.03358333333333333,0.0,403
0.033666666666666664,0.0,404
0.03375,0.0,405
0.03383333333333333,0.0,406
0.033916666666666664,0.0,407
0.034,0.0,408
0.034083333333333334,0.0,409
0.034166666666666665,0.0,410
0.03425,0.0,411
0.034333333333333334,0.0,412
0.034416666666666665,0.0,413
0.0345,0.0,414
0.034583333333333334,0.0,415
0.034666666666666665,0.0,416
0.03475,0.0,417
0.034833333333333334,0.0,418
0.034916666666666665,0.0,419
0.035,0.0,420
0.035083333333333334,0.0,421
0.035166666666666666,0.0,422
0.03525,0.0,423
0.035333333333333335,0.0,424
0.035416666666666666,0.0,425
0.0355,0.0,426
0.035583333333333335,0.0,427
0.035666666666666666,0.0,428
0.03575,0.0,429
0.035833333333333335,0.0,430
0.035916666666666666,0.0,431
0.036,0.0,432
0.036083333333333335,0.0,433
0.036166666666666666,0.0,434
0.03625,0.0,435
0.036333333333333336,0.0,436
0.03641666666666667,0.0,437
0.0365,0.0,438
0.036583333333333336,0.0,439
0.03666666666666667,0.0,440
0.03675,0.0,441
0.036833333333333336,0.0,442
0.03691666666666667,0.0,443
0.037,0.0,444
0.037083333333333336,0.0,445
0.03716666666666667,0.0,446
0.03725,0.0,447
0.037333333333333336,0.0,448
0.03741666666666667,0.0,449
0.0375,0.0,450
0.03758333333333334,0.0,451
0.03766666666666667,0.0,452
0.03775,0.0,453
0.03783333333333333,0.0,454
0.03791666666666667,0.0,455
0.038,0.0,456
0.03808333333333333,0.0,457
0.03816666666666667,0.0,458
0.03825,0.0,459
0.03833333333333333,0.0,460
0.03841666666666667,0.0,461
0.0385,0.0,462
0.03858333333333333,0.0,463
0.03866666666666667,0.0,464
0.03875,0.0,465
0.03883333333333333,0.0,466
0.03891666666666667,0.0,467
0.039,0.0,468
0.03908333333333333,0.0,469
0.03916666666666667,0.0,470
0.03925,0.0,471
0.03933333333333333,0.0,472
0.03941666666666667,0.0,473
0.0395,0.0,474
0.03958333333333333,0.0,475
0.03966666666666667,0.0,476
0.03975,0.0,477
0.03983333333333333,0.0,478
0.03991666666666667,0.0,479
0.04,0.0,480
0.04008333333333333,0.0,481
0.04016666666666667,0.0,482
0.04025,0.0,483
0.04033333333333333,0.0,484
0.04041666666666666,0.0,485
0.0405,0.0,486
0.04058333333333333,0.0,487
0.04066666666666666,0.0,488
0.04075,0.0,489
0.04083333333333333,0.0,490
0.040916666666666664,0.0,491
0.041,0.0,492
0.04108333333333333,0.0,493
0.041166666666666664,0.0,494
0.04125,0.0,495
0.04133333333333333,0.0,496
0.041416666666666664,0.0,497
0.0415,0.0,498
0.04158333333333333,0.0,499
0.041666666666666664,0.0,500
0.04175,0.0,501
0.041833333333333333,0.0,502
0.041916666666666665,0.0,503
0.042,0.0,504
0.042083333333333334,0.0,505
0.042166666666666665,0.0,506
0.04225,0.0,507
0.042333333333333334,0.0,508
0.042416666666666665,0.0,509
0.0425,0.0,510
0.042583333333333334,0.0,511
0.042666666666666665,0.0,512
0.04275,0.0,513
0.042833333333333334,0.0,514
0.042916666666666665,0.0,515
0.043,0.0,516
0.043083333333333335,0.0,517
0.043166666666666666,0.0,518
0.04325,0.0,519
0.043333333333333335,0.0,520
0.043416666666666666,0.0,521
0.0435,0.0,522
0.043583333333333335,0.0,523
0.043666666666666666,0.0,524
0.04375,0.0,525
0.043833333333333335,0.0,526
0.043916666666666666,0.0,527
0.044,0.0,528
0.044083333333333335,0.0,529
0.04416666666666667,0.0,530
0.04425,0.0,531
0.044333333333333336,0.0,532
0.04441666666666667,0.0,533
0.0445,0.0,534
0.044583333333333336,0.0,535
0.04466666666666667,0.0,536
0.04475,0.0,537
0.044833333333333336,0.0,538
0.04491666666666667,0.0,539
0.045,0.0,540
0.045083333333333336,0.0,541
0.04516666666666667,0.0,542
0.04525,0.0,543
0.04533333333333334,0.0,544
0.04541666666666667,0.0,545
0.0455,0.0,546
0.04558333333333333,0.0,547
0.04566666666666667,0.0,548
0.04575,0.0,549
0.04583333333333333,0.0,550
0.04591666666666667,0.0,551
0.046,0.0,552
0.04608333333333333,0.0,553
0.04616666666666667,0.0,554
0.04625,0.0,555
0.04633333333333333,0.0,556
0.04641666666666667,0.0,557
0.0465,0.0,558
0.04658333333333333,0.0,559
0.04666666666666667,0.0,560
0.04675,0.0,561
0.04683333333333333,0.0,562
0.04691666666666667,0.0,563
0.047,0.0,564
0.04708333333333333,0.0,565
0.04716666666666667,0.0,566
0.04725,0.0,567
0.04733333333333333,0.0,568
0.04741666666666667,0.0,569
0.0475,0.0,570
0.04758333333333333,0.0,571
0.04766666666666667,0.0,572
0.04775,0.0,573
0.04783333333333333,0.0,574
0.04791666666666667,0.0,575
0.048,0.0,576
0.04808333333333333,0.0,577
0.04816666666666667,0.0,578
0.04825,0.0,579
0.04833333333333333,0.0,580
0.04841666666666666,0.0,581
0.0485,0.0,582
0.04858333333333333,0.0,583
0.048666666666666664,0.0,584
0.04875,0.0,585
0.04883333333333333,0.0,586
0.048916666666666664,0.0,587
0.049,0.0,588
0.04908333333333333,0.0,589
0.049166666666666664,0.0,590
0.04925,0.0,591
0.04933333333333333,0.0,592
0.049416666666666664,0.0,593
0.0495,0.0,594
0.04958333333333333,0.0,595
0.049666666666666665,0.0,596
0.04975,0.0,597
0.049833333333333334,0.0,598
0.049916666666666665,0.0,599
0.05,0.0,600
0.050083333333333334,0.0,601
0.050166666666666665,0.0,602
0.05025,0.0,603
0.050333333333333334,0.0,604
0.050416666666666665,0.0,605
0.0505,0.0,606
0.050583333333333334,0.0,607
0.050666666666666665,0.0,608
0.05075,0.0,609
0.050833333333333335,0.0,610
0.050916666666666666,0.0,611
0.051,0.0,612
0.051083333333333335,0.0,613
0.051166666666666666,0.0,614
0.05125,0.0,615
0.051333333333333335,0.0,616
0.051416666666666666,0.0,617
0.0515,0.0,618
0.051583333333333335,0.0,619
0.051666666666666666,0.0,620
0.05175,0.0,621
0.051833333333333335,0.0,622
0.051916666666666667,0.0,623
0.052,0.0,624
0.052083333333333336,0.0,625
0.05216666666666667,0.0,626
0.05225,0.0,627
0.052333333333333336,0.0,628
0.05241666666666667,0.0,629
0.0525,0.0,630
0.052583333333333336,0.0,631
0.05266666666666667,0.0,632
0.05275,0.0,633
0.052833333333333336,0.0,634
0.05291666666666667,0.0,635
0.053,0.0,636
0.05308333333333334,0.0,637
0.05316666666666667,0.0,638
0.05325,0.0,639
0.05333333333333334,0.0,640
0.05341666666666667,0.0,641
0.0535,0.0,642
0.05358333333333333,0.0,643
0.05366666666666667,0.0,644
0.05375,0.0,645
0.05383333333333333,0.0,646
0.05391666666666667,0.0,647
0.054,0.0,648
0.05408333333333333,0.0,649
0.05416666666666667,0.0,650
0.05425,0.0,651
0.05433333333333333,0.0,652
0.05441666666666667,0.0,653
0.0545,0.0,654
0.05458333333333333,0.0,655
0.05466666666666667,0.0,656
0.05475,0.0,657
0.05483333333333333,0.0,658
0.05491666666666667,0.0,659
0.055,0.0,660
0.05508333333333333,0.0,661
0.05516666666666667,0.0,662
0.05525,0.0,663
0.05533333333333333,0.0,664
0.05541666666666667,0.0,665
0.0555,0.0,666
0.05558333333333333,0.0,667
0.05566666666666667,0.0,668
0.05575,0.0,669
0.05583333333333333,0.0,670
0.05591666666666667,0.0,671
0.056,0.0,672
0.05608333333333333,0.0,673
0.05616666666666666,0.0,674
0.05625,0.0,675
0.05633333333333333,0.0,676
0.056416666666666664,0.0,677
0.0565,0.0,678
0.05658333333333333,0.0,679
0.056666666666666664,0.0,680
0.05675,0.0,681
0.05683333333333333,0.0,682
0.056916666666666664,0.0,683
0.057,0.0,684
0.05708333333333333,0.0,685
0.057166666666666664,0.0,686
0.05725,0.0,687
0.05733333333333333,0.0,688
0.057416666666666664,0.0,689
0.0575,0.0,690
0.057583333333333334,0.0,691
0.057666666666666665,0.0,692
0.05775,0.0,693
0.057833333333333334,0.0,694
0.057916666666666665,0.0,695
0.058,0.0,696
0.058083333333333334,0.0,697
0.058166666666666665,0.0,698
0.05825,0.0,699
0.058333333333333334,0.0,700
0.058416666666666665,0.0,701
0.0585,0.0,702
0.058583333333333334,0.0,703
0.058666666666666666,0.0,704
0.05875,0.0,705
0.058833333333333335,0.0,706
0.058916666666666666,0.0,707
0.059,0.0,708
0.059083333333333335,0.0,709
0.059166666666666666,0.0,710
0.05925,0.0,711
0.059333333333333335,0.0,712
0.059416666666666666,0.0,713
0.0595,0.0,714
0.059583333333333335,0.0,715
0.059666666666666666,0.0,716
0.05975,0.0,717
0.059833333333333336,0.0,718
0.05991666666666667,0.0,719
0.06,0.0,720
0.060083333333333336,0.0,721
0.06016666666666667,0.0,722
0.06025,0.0,723
0.060333333333333336,0.0,724
0.06041666666666667,0.0,725
0.0605,0.0,726
0.060583333333333336,0.0,727
0.06066666666666667,0.0,728
0.06075,0.0,729
0.060833333333333336,0.0,730
0.06091666666666667,0.0,731
0.061,0.0,732
0.06108333333333334,0.0,733
0.06116666666666667,0.0,734
0.06125,0.0,735
0.06133333333333333,0.0,736
0.06141666666666667,0.0,737
0.0615,0.0,738
0.06158333333333333,0.0,739
0.06166666666666667,0.0,740
0.06175,0.0,741
0.06183333333333333,0.0,742
0.06191666666666667,0.0,743
0.062,0.0,744
0.06208333333333333,0.0,745
0.06216666666666667,0.0,746
0.06225,0.0,747
0.06233333333333333,0.0,748
0.06241666666666667,0.0,749
0.0625,0.0,750
0.06258333333333334,0.0,751
0.06266666666666666,0.0,752
0.06275,0.0,753
0.06283333333333334,0.0,754
0.06291666666666666,0.0,755
0.063,0.0,756
0.06308333333333334,0.0,757
0.06316666666666666,0.0,758
0.06325,0.0,759
0.06333333333333334,0.0,760
0.06341666666666666,0.0,761
0.0635,0.0,762
0.06358333333333334,0.0,763
0.06366666666666666,0.0,764
0.06375,0.0,765
0.06383333333333334,0.0,766
0.06391666666666666,0.0,767
0.064,0.0,768
0.06408333333333334,0.0,769
0.06416666666666666,0.0,770
0.06425,0.0,771
0.06433333333333334,0.0,772
0.06441666666666666,0.0,773
0.0645,0.0,774
0.06458333333333334,0.0,775
0.06466666666666666,0.0,776
0.06475,0.0,777
0.06483333333333334,0.0,778
0.06491666666666666,0.0,779
0.065,0.0,780
0.06508333333333334,0.0,781
0.06516666666666666,0.0,782
0.06525,0.0,783
0.06533333333333333,0.0,784
0.06541666666666666,0.0,785
0.0655,0.0,786
0.06558333333333333,0.0,787
0.06566666666666666,0.0,788
0.06575,0.0,789
0.06583333333333333,0.0,790
0.06591666666666667,0.0,791
0.066,0.0,792
0.06608333333333333,0.0,793
0.06616666666666667,0.0,794
0.06625,0.0,795
0.06633333333333333,0.0,796
0.06641666666666667,0.0,797
0.0665,0.0,798
0.06658333333333333,0.0,799
0.06666666666666667,0.0,800
0.06675,0.0,801
0.06683333333333333,0.0,802
0.06691666666666667,0.0,803
0.067,0.0,804
0.06708333333333333,0.0,805
0.06716666666666667,0.0,806
0.06725,0.0,807
0.06733333333333333,0.0,808
0.06741666666666667,0.0,809
0.0675,0.0,810
0.06758333333333333,0.0,811
0.06766666666666667,0.0,812
0.06775,0.0,813
0.06783333333333333,0.0,814
0.06791666666666667,0.0,815
0.068,0.0,816
0.06808333333333333,0.0,817
0.06816666666666667,0.0,818
0.06825,0.0,819
0.06833333333333333,0.0,820
0.06841666666666667,0.0,821
0.0685,0.0,822
0.06858333333333333,0.0,823
0.06866666666666667,0.0,824
0.06875,0.0,825
0.06883333333333333,0.0,826
0.06891666666666667,0.0,827
0.069,0.0,828
0.06908333333333333,0.0,829
0.06916666666666667,0.0,830
0.06925,0.0,831
0.06933333333333333,0.0,832
0.06941666666666667,0.0,833
0.0695,0.0,834
0.06958333333333333,0.0,835
0.06966666666666667,0.0,836
0.06975,0.0,837
0.06983333333333333,0.0,838
0.06991666666666667,0.0,839
0.07,0.0,840
0.07008333333333333,0.0,841
0.07016666666666667,0.0,842
0.07025,0.0,843
0.07033333333333333,0.0,844
0.07041666666666667,0.0,845
0.0705,0.0,846
0.07058333333333333,0.0,847
0.07066666666666667,0.0,848
0.07075,0.0,849
0.07083333333333333,0.0,850
0.07091666666666667,0.0,851
0.071,0.0,852
0.07108333333333333,0.0,853
0.07116666666666667,0.0,854
0.07125,0.0,855
0.07133333333333333,0.0,856
0.07141666666666667,0.0,857
0.0715,0.0,858
0.07158333333333333,0.0,859
0.07166666666666667,0.0,860
0.07175,0.0,861
0.07183333333333333,0.0,862
0.07191666666666667,0.0,863
0.072,0.0,864
0.07208333333333333,0.0,865
0.07216666666666667,0.0,866
0.07225,0.0,867
0.07233333333333333,0.0,868
0.07241666666666667,0.0,869
0.0725,0.0,870
0.07258333333333333,0.0,871
0.07266666666666667,0.0,872
0.07275,0.0,873
0.07283333333333333,0.0,874
0.07291666666666667,0.0,875
0.073,0.0,876
0.07308333333333333,0.0,877
0.07316666666666667,0.0,878
0.07325,0.0,879
0.07333333333333333,0.0,880
0.07341666666666667,0.0,881
0.0735,0.0,882
0.07358333333333333,0.0,883
0.07366666666666667,0.0,884
0.07375,0.0,885
0.07383333333333333,0.0,886
0.07391666666666667,0.0,887
0.074,0.0,888
0.07408333333333333,0.0,889
0.07416666666666667,0.0,890
0.07425,0.0,891
0.07433333333333333,0.0,892
0.07441666666666667,0.0,893
0.0745,0.0,894
0.07458333333333333,0.0,895
0.07466666666666667,0.0,896
0.07475,0.0,897
0.07483333333333334,0.0,898
0.07491666666666667,0.0,899
0.075,0.0,900
0.07508333333333334,0.0,901
0.07516666666666667,0.0,902
0.07525,0.0,903
0.07533333333333334,0.0,904
0.07541666666666667,0.0,905
0.0755,0.0,906
0.07558333333333334,0.0,907
0.07566666666666666,0.0,908
0.07575,0.0,909
0.07583333333333334,0.0,910
0.07591666666666666,0.0,911
0.076,0.0,912
0.07608333333333334,0.0,913
0.07616666666666666,0.0,914
0.07625,0.0,915
0.07633333333333334,0.0,916
0.07641666666666666,0.0,917
0.0765,0.0,918
0.07658333333333334,0.0,919
0.07666666666666666,0.0,920
0.07675,0.0,921
0.07683333333333334,0.0,922
0.07691666666666666,0.0,923
0.077,0.0,924
0.07708333333333334,0.0,925
0.07716666666666666,0.0,926
0.07725,0.0,927
0.07733333333333334,0.0,928
0.07741666666666666,0.0,929
0.0775,0.0,930
0.07758333333333334,0.0,931
0.07766666666666666,0.0,932
0.07775,0.0,933
0.07783333333333334,0.0,934
0.07791666666666666,0.0,935
0.078,0.0,936
0.07808333333333334,0.0,937
0.07816666666666666,0.0,938
0.07825,0.0,939
0.07833333333333334,0.0,940
0.07841666666666666,0.0,941
0.0785,0.0,942
0.07858333333333334,0.0,943
0.07866666666666666,0.0,944
0.07875,0.0,945
0.07883333333333334,0.0,946
0.07891666666666666,0.0,947
0.079,0.0,948
0.07908333333333334,0.0,949
0.07916666666666666,0.0,950
0.07925,0.0,951
0.07933333333333334,0.0,952
0.07941666666666666,0.0,953
0.0795,0.0,954
0.07958333333333334,0.0,955
0.07966666666666666,0.0,956
0.07975,0.0,957
0.07983333333333334,0.0,958
0.07991666666666666,0.0,959
0.08,0.0,960
0.08008333333333334,0.0,961
0.08016666666666666,0.0,962
0.08025,0.0,963
0.08033333333333334,0.0,964
0.08041666666666666,0.0,965
0.0805,0.0,966
0.08058333333333334,0.0,967
0.08066666666666666,0.0,968
0.08075,0.0,969
0.08083333333333333,0.0,970
0.08091666666666666,0.0,971
0.081,0.0,972
0.08108333333333333,0.0,973
0.08116666666666666,0.0,974
0.08125,0.0,975
0.08133333333333333,0.0,976
0.08141666666666666,0.0,977
0.0815,0.0,978
0.08158333333333333,0.0,979
0.08166666666666667,0.0,980
0.08175,0.0,981
0.08183333333333333,0.0,982
0.08191666666666667,0.0,983
0.082,0.0,984
0.08208333333333333,0.0,985
0.08216666666666667,0.0,986
0.08225,0.0,987
0.08233333333333333,0.0,988
0.08241666666666667,0.0,989
0.0825,0.0,990
0.08258333333333333,0.0,991
0.08266666666666667,0.0,992
0.08275,0.0,993
0.08283333333333333,0.0,994
0.08291666666666667,0.0,995
0.083,0.0,996
0.08308333333333333,0.0,997
0.08316666666666667,0.0,998
0.08325,0.0,999
0.08333333333333333,0.0,1000
0.08341666666666667,0.0,1001
0.0835,0.0,1002
0.08358333333333333,0.0,1003
0.08366666666666667,0.0,1004
0.08375,0.0,1005
0.08383333333333333,0.0,1006
0.08391666666666667,0.0,1007
0.084,0.0,1008
0.08408333333333333,0.0,1009
0.08416666666666667,0.0,1010
0.08425,0.0,1011
0.08433333333333333,0.0,1012
0.08441666666666667,0.0,1013
0.0845,0.0,1014
0.08458333333333333,0.0,1015
0.08466666666666667,0.0,1016
0.08475,0.0,1017
0.08483333333333333,0.0,1018
0.08491666666666667,0.0,1019
0.085,0.0,1020
0.08508333333333333,0.0,1021
0.08516666666666667,0.0,1022
0.08525,0.0,1023
0.08533333333333333,0.0,1024
0.08541666666666667,0.0,1025
0.0855,0.0,1026
0.08558333333333333,0.0,1027
0.08566666666666667,0.0,1028
0.08575,0.0,1029
0.08583333333333333,0.0,1030
0.08591666666666667,0.0,1031
0.086,0.0,1032
0.08608333333333333,0.0,1033
0.08616666666666667,0.0,1034
0.08625,0.0,1035
0.08633333333333333,0.0,1036
0.08641666666666667,0.0,1037
0.0865,0.0,1038
0.08658333333333333,0.0,1039
0.08666666666666667,0.0,1040
0.08675,0.0,1041
0.08683333333333333,0.0,1042
0.08691666666666667,0.0,1043
0.087,0.0,1044
0.08708333333333333,0.0,1045
0.08716666666666667,0.0,1046
0.08725,0.0,1047
0.08733333333333333,0.0,1048
0.08741666666666667,0.0,1049
0.0875,0.0,1050
0.08758333333333333,0.0,1051
0.08766666666666667,0.0,1052
0.08775,0.0,1053
0.08783333333333333,0.0,1054
0.08791666666666667,0.0,1055
0.088,0.0,1056
0.08808333333333333,0.0,1057
0.08816666666666667,0.0,1058
0.08825,0.0,1059
0.08833333333333333,0.0,1060
0.08841666666666667,0.0,1061
0.0885,0.0,1062
0.08858333333333333,0.0,1063
0.08866666666666667,0.0,1064
0.08875,0.0,1065
0.08883333333333333,0.0,1066
0.08891666666666667,0.0,1067
0.089,0.0,1068
0.08908333333333333,0.0,1069
0.08916666666666667,0.0,1070
0.08925,0.0,1071
0.08933333333333333,0.0,1072
0.08941666666666667,0.0,1073
0.0895,0.0,1074
0.08958333333333333,0.0,1075
0.08966666666666667,0.0,1076
0.08975,0.0,1077
0.08983333333333333,0.0,1078
0.08991666666666667,0.0,1079
0.09,0.0,1080
0.09008333333333333,0.0,1081
0.09016666666666667,0.0,1082
0.09025,0.0,1083
0.09033333333333333,0.0,1084
0.09041666666666667,0.0,1085
0.0905,0.0,1086
0.09058333333333334,0.0,1087
0.09066666666666667,0.0,1088
0.09075,0.0,1089
0.09083333333333334,0.0,1090
0.09091666666666667,0.0,1091
0.091,0.0,1092
0.09108333333333334,0.0,1093
0.09116666666666666,0.0,1094
0.09125,0.0,1095
0.09133333333333334,0.0,1096
0.09141666666666666,0.0,1097
0.0915,0.0,1098
0.09158333333333334,0.0,1099
0.09166666666666666,0.0,1100
0.09175,0.0,1101
0.09183333333333334,0.0,1102
0.09191666666666666,0.0,1103
0.092,0.0,1104
0.09208333333333334,0.0,1105
0.09216666666666666,0.0,1106
0.09225,0.0,1107
0.09233333333333334,0.0,1108
0.09241666666666666,0.0,1109
0.0925,0.0,1110
0.09258333333333334,0.0,1111
0.09266666666666666,0.0,1112
0.09275,0.0,1113
0.09283333333333334,0.0,1114
0.09291666666666666,0.0,1115
0.093,0.0,1116
0.09308333333333334,0.0,1117
0.09316666666666666,0.0,1118
0.09325,0.0,1119
0.09333333333333334,0.0,1120
0.09341666666666666,0.0,1121
0.0935,0.0,1122
0.09358333333333334,0.0,1123
0.09366666666666666,0.0,1124
0.09375,0.0,1125
0.09383333333333334,0.0,1126
0.09391666666666666,0.0,1127
0.094,0.0,1128
0.09408333333333334,0.0,1129
0.09416666666666666,0.0,1130
0.09425,0.0,1131
0.09433333333333334,0.0,1132
0.09441666666666666,0.0,1133
0.0945,0.0,1134
0.09458333333333334,0.0,1135
0.09466666666666666,0.0,1136
0.09475,0.0,1137
0.09483333333333334,0.0,1138
0.09491666666666666,0.0,1139
0.095,0.0,1140
0.09508333333333334,0.0,1141
0.09516666666666666,0.0,1142
0.09525,0.0,1143
0.09533333333333334,0.0,1144
0.09541666666666666,0.0,1145
0.0955,0.0,1146
0.09558333333333334,0.0,1147
0.09566666666666666,0.0,1148
0.09575,0.0,1149
0.09583333333333334,0.0,1150
0.09591666666666666,0.0,1151
0.096,0.0,1152
0.09608333333333334,0.0,1153
0.09616666666666666,0.0,1154
0.09625,0.0,1155
0.09633333333333334,0.0,1156
0.09641666666666666,0.0,1157
0.0965,0.0,1158
0.09658333333333333,0.0,1159
0.09666666666666666,0.0,1160
0.09675,0.0,1161
0.09683333333333333,0.0,1162
0.09691666666666666,0.0,1163
0.097,0.0,1164
0.09708333333333333,0.0,1165
0.09716666666666667,0.0,1166
0.09725,0.0,1167
0.09733333333333333,0.0,1168
0.09741666666666667,0.0,1169
0.0975,0.0,1170
0.09758333333333333,0.0,1171
0.09766666666666667,0.0,1172
0.09775,0.0,1173
0.09783333333333333,0.0,1174
0.09791666666666667,0.0,1175
0.098,0.0,1176
0.09808333333333333,0.0,1177
0.09816666666666667,0.0,1178
0.09825,0.0,1179
0.09833333333333333,0.0,1180
0.09841666666666667,0.0,1181
0.0985,0.0,1182
0.09858333333333333,0.0,1183
0.09866666666666667,0.0,1184
0.09875,0.0,1185
0.09883333333333333,0.0,1186
0.09891666666666667,0.0,1187
0.099,0.0,1188
0.09908333333333333,0.0,1189
0.09916666666666667,0.0,1190
0.09925,0.0,1191
0.09933333333333333,0.0,1192
0.09941666666666667,0.0,1193
0.0995,0.0,1194
0.09958333333333333,0.0,1195
0.09966666666666667,0.0,1196
0.09975,0.0,1197
0.09983333333333333,0.0,1198
0.09991666666666667,0.0,1199
0.1,0.0,1200
0.10008333333333333,0.0,1201
0.10016666666666667,0.0,1202
0.10025,0.0,1203
0.10033333333333333,0.0,1204
0.10041666666666667,0.0,1205
0.1005,0.0,1206
0.10058333333333333,0.0,1207
0.10066666666666667,0.0,1208
0.10075,0.0,1209
0.10083333333333333,0.0,1210
0.10091666666666667,0.0,1211
0.101,0.0,1212
0.10108333333333333,0.0,1213
0.10116666666666667,0.0,1214
0.10125,0.0,1215
0.10133333333333333,0.0,1216
0.10141666666666667,0.0,1217
0.1015,0.0,1218
0.10158333333333333,0.0,1219
0.10166666666666667,0.0,1220
0.10175,0.0,1221
0.10183333333333333,0.0,1222
0.10191666666666667,0.0,1223
0.102,0.0,1224
0.10208333333333333,0.0,1225
0.10216666666666667,0.0,1226
0.10225,0.0,1227
0.10233333333333333,0.0,1228
0.10241666666666667,0.0,1229
0.1025,0.0,1230
0.10258333333333333,0.0,1231
0.10266666666666667,0.0,1232
0.10275,0.0,1233
0.10283333333333333,0.0,1234
0.10291666666666667,0.0,1235
0.103,0.0,1236
0.10308333333333333,0.0,1237
0.10316666666666667,0.0,1238
0.10325,0.0,1239
0.10333333333333333,0.0,1240
0.10341666666666667,0.0,1241
0.1035,0.0,1242
0.10358333333333333,0.0,1243
0.10366666666666667,0.0,1244
0.10375,0.0,1245
0.10383333333333333,0.0,1246
0.10391666666666667,0.0,1247
0.104,0.0,1248
0.10408333333333333,0.0,1249
0.10416666666666667,0.0,1250
0.10425,0.0,1251
0.10433333333333333,0.0,1252
0.10441666666666667,0.0,1253
0.1045,0.0,1254
0.10458333333333333,0.0,1255
0.10466666666666667,0.0,1256
0.10475,0.0,1257
0.10483333333333333,0.0,1258
0.10491666666666667,0.0,1259
0.105,0.0,1260
0.10508333333333333,0.0,1261
0.10516666666666667,0.0,1262
0.10525,0.0,1263
0.10533333333333333,0.0,1264
0.10541666666666667,0.0,1265
0.1055,0.0,1266
0.10558333333333333,0.0,1267
0.10566666666666667,0.0,1268
0.10575,0.0,1269
0.10583333333333333,0.0,1270
0.10591666666666667,0.0,1271
0.106,0.0,1272
0.10608333333333334,0.0,1273
0.10616666666666667,0.0,1274
0.10625,0.0,1275
0.10633333333333334,0.0,1276
0.10641666666666667,0.0,1277
0.1065,0.0,1278
0.10658333333333334,0.0,1279
0.10666666666666667,0.0,1280
0.10675,0.0,1281
0.10683333333333334,0.0,1282
0.10691666666666666,0.0,1283
0.107,0.0,1284
0.10708333333333334,0.0,1285
0.10716666666666666,0.0,1286
0.10725,0.0,1287
0.10733333333333334,0.0,1288
0.10741666666666666,0.0,1289
0.1075,0.0,1290
0.10758333333333334,0.0,1291
0.10766666666666666,0.0,1292
0.10775,0.0,1293
0.10783333333333334,0.0,1294
0.10791666666666666,0.0,1295
0.108,0.0,1296
0.10808333333333334,0.0,1297
0.10816666666666666,0.0,1298
0.10825,0.0,1299
0.10833333333333334,0.0,1300
0.10841666666666666,0.0,1301
0.1085,0.0,1302
0.10858333333333334,0.0,1303
0.10866666666666666,0.0,1304
0.10875,0.0,1305
0.10883333333333334,0.0,1306
0.10891666666666666,0.0,1307
0.109,0.0,1308
0.10908333333333334,0.0,1309
0.10916666666666666,0.0,1310
0.10925,0.0,1311
0.10933333333333334,0.0,1312
0.10941666666666666,0.0,1313
0.1095,0.0,1314
0.10958333333333334,0.0,1315
0.10966666666666666,0.0,1316
0.10975,0.0,1317
0.10983333333333334,0.0,1318
0.10991666666666666,0.0,1319
0.11,0.0,1320
0.11008333333333334,0.0,1321
0.11016666666666666,0.0,1322
0.11025,0.0,1323
0.11033333333333334,0.0,1324
0.11041666666666666,0.0,1325
0.1105,0.0,1326
0.11058333333333334,0.0,1327
0.11066666666666666,0.0,1328
0.11075,0.0,1329
0.11083333333333334,0.0,1330
0.11091666666666666,0.0,1331
0.111,0.0,1332
0.11108333333333334,0.0,1333
0.11116666666666666,0.0,1334
0.11125,0.0,1335
0.11133333333333334,0.0,1336
0.11141666666666666,0.0,1337
0.1115,0.0,1338
0.11158333333333334,0.0,1339
0.11166666666666666,0.0,1340
0.11175,0.0,1341
0.11183333333333334,0.0,1342
0.11191666666666666,0.0,1343
0.112,0.0,1344
0.11208333333333333,0.0,1345
0.11216666666666666,0.0,1346
0.11225,0.0,1347
0.11233333333333333,0.0,1348
0.11241666666666666,0.0,1349
0.1125,0.0,1350
0.11258333333333333,0.0,1351
0.11266666666666666,0.0,1352
0.11275,0.0,1353
0.11283333333333333,0.0,1354
0.11291666666666667,0.0,1355
0.113,0.0,1356
0.11308333333333333,0.0,1357
0.11316666666666667,0.0,1358
0.11325,0.0,1359
0.11333333333333333,0.0,1360
0.11341666666666667,0.0,1361
0.1135,0.0,1362
0.11358333333333333,0.0,1363
0.11366666666666667,0.0,1364
0.11375,0.0,1365
0.11383333333333333,0.0,1366
0.11391666666666667,0.0,1367
0.114,0.0,1368
0.11408333333333333,0.0,1369
0.11416666666666667,0.0,1370
0.11425,0.0,1371
0.11433333333333333,0.0,1372
0.11441666666666667,0.0,1373
0.1145,0.0,1374
0.11458333333333333,0.0,1375
0.11466666666666667,0.0,1376
0.11475,0.0,1377
0.11483333333333333,0.0,1378
0.11491666666666667,0.0,1379
0.115,0.0,1380
0.11508333333333333,0.0,1381
0.11516666666666667,0.0,1382
0.11525,0.0,1383
0.11533333333333333,0.0,1384
0.11541666666666667,0.0,1385
0.1155,0.0,1386
0.11558333333333333,0.0,1387
0.11566666666666667,0.0,1388
0.11575,0.0,1389
0.11583333333333333,0.0,1390
0.11591666666666667,0.0,1391
0.116,0.0,1392
0.11608333333333333,0.0,1393
0.11616666666666667,0.0,1394
0.11625,0.0,1395
0.11633333333333333,0.0,1396
0.11641666666666667,0.0,1397
0.1165,0.0,1398
0.11658333333333333,0.0,1399
0.11666666666666667,0.0,1400
0.11675,0.0,1401
0.11683333333333333,0.0,1402
0.11691666666666667,0.0,1403
0.117,0.0,1404
0.11708333333333333,0.0,1405
0.11716666666666667,0.0,1406
0.11725,0.0,1407
0.11733333333333333,0.0,1408
0.11741666666666667,0.0,1409
0.1175,0.0,1410
0.11758333333333333,0.0,1411
0.11766666666666667,0.0,1412
0.11775,0.0,1413
0.11783333333333333,0.0,1414
0.11791666666666667,0.0,1415
0.118,0.0,1416
0.11808333333333333,0.0,1417
0.11816666666666667,0.0,1418
0.11825,0.0,1419
0.11833333333333333,0.0,1420
0.11841666666666667,0.0,1421
0.1185,0.0,1422
0.11858333333333333,0.0,1423
0.11866666666666667,0.0,1424
0.11875,0.0,1425
0.11883333333333333,0.0,1426
0.11891666666666667,0.0,1427
0.119,0.0,1428
0.11908333333333333,0.0,1429
0.11916666666666667,0.0,1430
0.11925,0.0,1431
0.11933333333333333,0.0,1432
0.11941666666666667,0.0,1433
0.1195,0.0,1434
0.11958333333333333,0.0,1435
0.11966666666666667,0.0,1436
0.11975,0.0,1437
0.11983333333333333,0.0,1438
0.11991666666666667,0.0,1439
0.12,0.0,1440
0.12008333333333333,0.0,1441
0.12016666666666667,0.0,1442
0.12025,0.0,1443
0.12033333333333333,0.0,1444
0.12041666666666667,0.0,1445
0.1205,0.0,1446
0.12058333333333333,0.0,1447
0.12066666666666667,0.0,1448
0.12075,0.0,1449
0.12083333333333333,0.0,1450
0.12091666666666667,0.0,1451
0.121,0.0,1452
0.12108333333333333,0.0,1453
0.12116666666666667,0.0,1454
0.12125,0.0,1455
0.12133333333333333,0.0,1456
0.12141666666666667,0.0,1457
0.1215,0.0,1458
0.12158333333333333,0.0,1459
0.12166666666666667,0.0,1460
0.12175,0.0,1461
0.12183333333333334,0.0,1462
0.12191666666666667,0.0,1463
0.122,0.0,1464
0.12208333333333334,0.0,1465
0.12216666666666667,0.0,1466
0.12225,0.0,1467
0.12233333333333334,0.0,1468
0.12241666666666666,0.0,1469
0.1225,0.0,1470
0.12258333333333334,0.0,1471
0.12266666666666666,0.0,1472
0.12275,0.0,1473
0.12283333333333334,0.0,1474
0.12291666666666666,0.0,1475
0.123,0.0,1476
0.12308333333333334,0.0,1477
0.12316666666666666,0.0,1478
0.12325,0.0,1479
0.12333333333333334,0.0,1480
0.12341666666666666,0.0,1481
0.1235,0.0,1482
0.12358333333333334,0.0,1483
0.12366666666666666,0.0,1484
0.12375,0.0,1485
0.12383333333333334,0.0,1486
0.12391666666666666,0.0,1487
0.124,0.0,1488
0.12408333333333334,0.0,1489
0.12416666666666666,0.0,1490
0.12425,0.0,1491
0.12433333333333334,0.0,1492
0.12441666666666666,0.0,1493
0.1245,0.0,1494
0.12458333333333334,0.0,1495
0.12466666666666666,0.0,1496
0.12475,0.0,1497
0.12483333333333334,0.0,1498
0.12491666666666666,0.0,1499
0.125,0.0,1500
0.12508333333333332,0.0,1501
0.12516666666666668,0.0,1502
0.12525,0.0,1503
0.12533333333333332,0.0,1504
0.12541666666666668,0.0,1505
0.1255,0.0,1506
0.12558333333333332,0.0,1507
0.12566666666666668,0.0,1508
0.12575,0.0,1509
0.12583333333333332,0.0,1510
0.12591666666666668,0.0,1511
0.126,0.0,1512
0.12608333333333333,0.0,1513
0.12616666666666668,0.0,1514
0.12625,0.0,1515
0.12633333333333333,0.0,1516
0.12641666666666668,0.0,1517
0.1265,0.0,1518
0.12658333333333333,0.0,1519
0.12666666666666668,0.0,1520
0.12675,0.0,1521
0.12683333333333333,0.0,1522
0.12691666666666668,0.0,1523
0.127,0.0,1524
0.12708333333333333,0.0,1525
0.12716666666666668,0.0,1526
0.12725,0.0,1527
0.12733333333333333,0.0,1528
0.12741666666666668,0.0,1529
0.1275,0.0,1530
0.12758333333333333,0.0,1531
0.12766666666666668,0.0,1532
0.12775,0.0,1533
0.12783333333333333,0.0,1534
0.12791666666666668,0.0,1535
0.128,0.0,1536
0.12808333333333333,0.0,1537
0.12816666666666668,0.0,1538
0.12825,0.0,1539
0.12833333333333333,0.0,1540
0.12841666666666668,0.0,1541
0.1285,0.0,1542
0.12858333333333333,0.0,1543
0.12866666666666668,0.0,1544
0.12875,0.0,1545
0.12883333333333333,0.0,1546
0.12891666666666668,0.0,1547
0.129,0.0,1548
0.12908333333333333,0.0,1549
0.12916666666666668,0.0,1550
0.12925,0.0,1551
0.12933333333333333,0.0,1552
0.12941666666666668,0.0,1553
0.1295,0.0,1554
0.12958333333333333,0.0,1555
0.12966666666666668,0.0,1556
0.12975,0.0,1557
0.12983333333333333,0.0,1558
0.12991666666666668,0.0,1559
0.13,0.0,1560
0.13008333333333333,0.0,1561
0.13016666666666668,0.0,1562
0.13025,0.0,1563
0.13033333333333333,0.0,1564
0.13041666666666665,0.0,1565
0.1305,0.0,1566
0.13058333333333333,0.0,1567
0.13066666666666665,0.0,1568
0.13075,0.0,1569
0.13083333333333333,0.0,1570
0.13091666666666665,0.0,1571
0.131,0.0,1572
0.13108333333333333,0.0,1573
0.13116666666666665,0.0,1574
0.13125,0.0,1575
0.13133333333333333,0.0,1576
0.13141666666666665,0.0,1577
0.1315,0.0,1578
0.13158333333333333,0.0,1579
0.13166666666666665,0.0,1580
0.13175,0.0,1581
0.13183333333333333,0.0,1582
0.13191666666666665,0.0,1583
0.132,0.0,1584
0.13208333333333333,0.0,1585
0.13216666666666665,0.0,1586
0.13225,0.0,1587
0.13233333333333333,0.0,1588
0.13241666666666665,0.0,1589
0.1325,0.0,1590
0.13258333333333333,0.0,1591
0.13266666666666665,0.0,1592
0.13275,0.0,1593
0.13283333333333333,0.0,1594
0.13291666666666666,0.0,1595
0.133,0.0,1596
0.13308333333333333,0.0,1597
0.13316666666666666,0.0,1598
0.13325,0.0,1599
0.13333333333333333,0.0,1600
0.13341666666666666,0.0,1601
0.1335,0.0,1602
0.13358333333333333,0.0,1603
0.13366666666666666,0.0,1604
0.13375,0.0,1605
0.13383333333333333,0.0,1606
0.13391666666666666,0.0,1607
0.134,0.0,1608
0.13408333333333333,0.0,1609
0.13416666666666666,0.0,1610
0.13425,0.0,1611
0.13433333333333333,0.0,1612
0.13441666666666666,0.0,1613
0.1345,0.0,1614
0.13458333333333333,0.0,1615
0.13466666666666666,0.0,1616
0.13475,0.0,1617
0.13483333333333333,0.0,1618
0.13491666666666666,0.0,1619
0.135,0.0,1620
0.13508333333333333,0.0,1621
0.13516666666666666,0.0,1622
0.13525,0.0,1623
0.13533333333333333,0.0,1624
0.13541666666666666,0.0,1625
0.1355,0.0,1626
0.13558333333333333,0.0,1627
0.13566666666666666,0.0,1628
0.13575,0.0,1629
0.13583333333333333,0.0,1630
0.13591666666666666,0.0,1631
0.136,0.0,1632
0.13608333333333333,0.0,1633
0.13616666666666666,0.0,1634
0.13625,0.0,1635
0.13633333333333333,0.0,1636
0.13641666666666666,0.0,1637
0.1365,0.0,1638
0.13658333333333333,0.0,1639
0.13666666666666666,0.0,1640
0.13675,0.0,1641
0.13683333333333333,0.0,1642
0.13691666666666666,0.0,1643
0.137,0.0,1644
0.13708333333333333,0.0,1645
0.13716666666666666,0.0,1646
0.13725,0.0,1647
0.13733333333333334,0.0,1648
0.13741666666666666,0.0,1649
0.1375,0.0,1650
0.13758333333333334,0.0,1651
0.13766666666666666,0.0,1652
0.13775,0.0,1653
0.13783333333333334,0.0,1654
0.13791666666666666,0.0,1655
0.138,0.0,1656
0.13808333333333334,0.0,1657
0.13816666666666666,0.0,1658
0.13825,0.0,1659
0.13833333333333334,0.0,1660
0.13841666666666666,0.0,1661
0.1385,0.0,1662
0.13858333333333334,0.0,1663
0.13866666666666666,0.0,1664
0.13875,0.0,1665
0.13883333333333334,0.0,1666
0.13891666666666666,0.0,1667
0.139,0.0,1668
0.13908333333333334,0.0,1669
0.13916666666666666,0.0,1670
0.13925,0.0,1671
0.13933333333333334,0.0,1672
0.13941666666666666,0.0,1673
0.1395,0.0,1674
0.13958333333333334,0.0,1675
0.13966666666666666,0.0,1676
0.13975,0.0,1677
0.13983333333333334,0.0,1678
0.13991666666666666,0.0,1679
0.14,0.0,1680
0.14008333333333334,0.0,1681
0.14016666666666666,0.0,1682
0.14025,0.0,1683
0.14033333333333334,0.0,1684
0.14041666666666666,0.0,1685
0.1405,0.0,1686
0.14058333333333334,0.0,1687
0.14066666666666666,0.0,1688
0.14075,0.0,1689
0.14083333333333334,0.0,1690
0.14091666666666666,0.0,1691
0.141,0.0,1692
0.14108333333333334,0.0,1693
0.14116666666666666,0.0,1694
0.14125,0.0,1695
0.14133333333333334,0.0,1696
0.14141666666666666,0.0,1697
0.1415,0.0,1698
0.14158333333333334,0.0,1699
0.14166666666666666,0.0,1700
0.14175,0.0,1701
0.14183333333333334,0.0,1702
0.14191666666666666,0.0,1703
0.142,0.0,1704
0.14208333333333334,0.0,1705
0.14216666666666666,0.0,1706
0.14225,0.0,1707
0.14233333333333334,0.0,1708
0.14241666666666666,0.0,1709
0.1425,0.0,1710
0.14258333333333334,0.0,1711
0.14266666666666666,0.0,1712
0.14275,0.0,1713
0.14283333333333334,0.0,1714
0.14291666666666666,0.0,1715
0.143,0.0,1716
0.14308333333333334,0.0,1717
0.14316666666666666,0.0,1718
0.14325,0.0,1719
0.14333333333333334,0.0,1720
0.14341666666666666,0.0,1721
0.1435,0.0,1722
0.14358333333333334,0.0,1723
0.14366666666666666,0.0,1724
0.14375,0.0,1725
0.14383333333333334,0.0,1726
0.14391666666666666,0.0,1727
0.144,0.0,1728
0.14408333333333334,0.0,1729
0.14416666666666667,0.0,1730
0.14425,0.0,1731
0.14433333333333334,0.0,1732
0.14441666666666667,0.0,1733
0.1445,0.0,1734
0.14458333333333334,0.0,1735
0.14466666666666667,0.0,1736
0.14475,0.0,1737
0.14483333333333334,0.0,1738
0.14491666666666667,0.0,1739
0.145,0.0,1740
0.14508333333333334,0.0,1741
0.14516666666666667,0.0,1742
0.14525,0.0,1743
0.14533333333333334,0.0,1744
0.14541666666666667,0.0,1745
0.1455,0.0,1746
0.14558333333333334,0.0,1747
0.14566666666666667,0.0,1748
0.14575,0.0,1749
0.14583333333333334,0.0,1750
0.14591666666666667,0.0,1751
0.146,0.0,1752
0.14608333333333334,0.0,1753
0.14616666666666667,0.0,1754
0.14625,0.0,1755
0.14633333333333334,0.0,1756
0.14641666666666667,0.0,1757
0.1465,0.0,1758
0.14658333333333334,0.0,1759
0.14666666666666667,0.0,1760
0.14675,0.0,1761
0.14683333333333334,0.0,1762
0.14691666666666667,0.0,1763
0.147,0.0,1764
0.14708333333333334,0.0,1765
0.14716666666666667,0.0,1766
0.14725,0.0,1767
0.14733333333333334,0.0,1768
0.14741666666666667,0.0,1769
0.1475,0.0,1770
0.14758333333333334,0.0,1771
0.14766666666666667,0.0,1772
0.14775,0.0,1773
0.14783333333333334,0.0,1774
0.14791666666666667,0.0,1775
0.148,0.0,1776
0.14808333333333334,0.0,1777
0.14816666666666667,0.0,1778
0.14825,0.0,1779
0.14833333333333334,0.0,1780
0.14841666666666667,0.0,1781
0.1485,0.0,1782
0.14858333333333335,0.0,1783
0.14866666666666667,0.0,1784
0.14875,0.0,1785
0.14883333333333335,0.0,1786
0.14891666666666667,0.0,1787
0.149,0.0,1788
0.14908333333333335,0.0,1789
0.14916666666666667,0.0,1790
0.14925,0.0,1791
0.14933333333333335,0.0,1792
0.14941666666666667,0.0,1793
0.1495,0.0,1794
0.14958333333333335,0.0,1795
0.14966666666666667,0.0,1796
0.14975,0.0,1797
0.14983333333333335,0.0,1798
0.14991666666666667,0.0,1799
0.15,0.0,1800
0.15008333333333335,0.0,1801
0.15016666666666667,0.0,1802
0.15025,0.0,1803
0.15033333333333335,0.0,1804
0.15041666666666667,0.0,1805
0.1505,0.0,1806
0.15058333333333335,0.0,1807
0.15066666666666667,0.0,1808
0.15075,0.0,1809
0.15083333333333335,0.0,1810
0.15091666666666667,0.0,1811
0.151,0.0,1812
0.15108333333333332,0.0,1813
0.15116666666666667,0.0,1814
0.15125,0.0,1815
0.15133333333333332,0.0,1816
0.15141666666666667,0.0,1817
0.1515,0.0,1818
0.15158333333333332,0.0,1819
0.15166666666666667,0.0,1820
0.15175,0.0,1821
0.15183333333333332,0.0,1822
0.15191666666666667,0.0,1823
0.152,0.0,1824
0.15208333333333332,0.0,1825
0.15216666666666667,0.0,1826
0.15225,0.0,1827
0.15233333333333332,0.0,1828
0.15241666666666667,0.0,1829
0.1525,0.0,1830
0.15258333333333332,0.0,1831
0.15266666666666667,0.0,1832
0.15275,0.0,1833
0.15283333333333332,0.0,1834
0.15291666666666667,0.0,1835
0.153,0.0,1836
0.15308333333333332,0.0,1837
0.15316666666666667,0.0,1838
0.15325,0.0,1839
0.15333333333333332,0.0,1840
0.15341666666666667,0.0,1841
0.1535,0.0,1842
0.15358333333333332,0.0,1843
0.15366666666666667,0.0,1844
0.15375,0.0,1845
0.15383333333333332,0.0,1846
0.15391666666666667,0.0,1847
0.154,0.0,1848
0.15408333333333332,0.0,1849
0.15416666666666667,0.0,1850
0.15425,0.0,1851
0.15433333333333332,0.0,1852
0.15441666666666667,0.0,1853
0.1545,0.0,1854
0.15458333333333332,0.0,1855
0.15466666666666667,0.0,1856
0.15475,0.0,1857
0.15483333333333332,0.0,1858
0.15491666666666667,0.0,1859
0.155,0.0,1860
0.15508333333333332,0.0,1861
0.15516666666666667,0.0,1862
0.15525,0.0,1863
0.15533333333333332,0.0,1864
0.15541666666666668,0.0,1865
0.1555,0.0,1866
0.15558333333333332,0.0,1867
0.15566666666666668,0.0,1868
0.15575,0.0,1869
0.15583333333333332,0.0,1870
0.15591666666666668,0.0,1871
0.156,0.0,1872
0.15608333333333332,0.0,1873
0.15616666666666668,0.0,1874
0.15625,0.0,1875
0.15633333333333332,0.0,1876
0.15641666666666668,0.0,1877
0.1565,0.0,1878
0.15658333333333332,0.0,1879
0.15666666666666668,0.0,1880
0.15675,0.0,1881
0.15683333333333332,0.0,1882
0.15691666666666668,0.0,1883
0.157,0.0,1884
0.15708333333333332,0.0,1885
0.15716666666666668,0.0,1886
0.15725,0.0,1887
0.15733333333333333,0.0,1888
0.15741666666666668,0.0,1889
0.1575,0.0,1890
0.15758333333333333,0.0,1891
0.15766666666666668,0.0,1892
0.15775,0.0,1893
0.15783333333333333,0.0,1894
0.15791666666666668,0.0,1895
0.158,0.0,1896
0.15808333333333333,0.0,1897
0.15816666666666668,0.0,1898
0.15825,0.0,1899
0.15833333333333333,0.0,1900
0.15841666666666668,0.0,1901
0.1585,0.0,1902
0.15858333333333333,0.0,1903
0.15866666666666668,0.0,1904
0.15875,0.0,1905
0.15883333333333333,0.0,1906
0.15891666666666668,0.0,1907
0.159,0.0,1908
0.15908333333333333,0.0,1909
0.15916666666666668,0.0,1910
0.15925,0.0,1911
0.15933333333333333,0.0,1912
0.15941666666666668,0.0,1913
0.1595,0.0,1914
0.15958333333333333,0.0,1915
0.15966666666666668,0.0,1916
0.15975,0.0,1917
0.15983333333333333,0.0,1918
0.15991666666666668,0.0,1919
0.16,0.0,1920
0.16008333333333333,0.0,1921
0.16016666666666668,0.0,1922
0.16025,0.0,1923
0.16033333333333333,0.0,1924
0.16041666666666668,0.0,1925
0.1605,0.0,1926
0.16058333333333333,0.0,1927
0.16066666666666668,0.0,1928
0.16075,0.0,1929
0.16083333333333333,0.0,1930
0.16091666666666668,0.0,1931
0.161,0.0,1932
0.16108333333333333,0.0,1933
0.16116666666666668,0.0,1934
0.16125,0.0,1935
0.16133333333333333,0.0,1936
0.16141666666666668,0.0,1937
0.1615,0.0,1938
0.16158333333333333,0.0,1939
0.16166666666666665,0.0,1940
0.16175,0.0,1941
0.16183333333333333,0.0,1942
0.16191666666666665,0.0,1943
0.162,0.0,1944
0.16208333333333333,0.0,1945
0.16216666666666665,0.0,1946
0.16225,0.0,1947
0.16233333333333333,0.0,1948
0.16241666666666665,0.0,1949
0.1625,0.0,1950
0.16258333333333333,0.0,1951
0.16266666666666665,0.0,1952
0.16275,0.0,1953
0.16283333333333333,0.0,1954
0.16291666666666665,0.0,1955
0.163,0.0,1956
0.16308333333333333,0.0,1957
0.16316666666666665,0.0,1958
0.16325,0.0,1959
0.16333333333333333,0.0,1960
0.16341666666666665,0.0,1961
0.1635,0.0,1962
0.16358333333333333,0.0,1963
0.16366666666666665,0.0,1964
0.16375,0.0,1965
0.16383333333333333,0.0,1966
0.16391666666666665,0.0,1967
0.164,0.0,1968
0.16408333333333333,0.0,1969
0.16416666666666666,0.0,1970
0.16425,0.0,1971
0.16433333333333333,0.0,1972
0.16441666666666666,0.0,1973
0.1645,0.0,1974
0.16458333333333333,0.0,1975
0.16466666666666666,0.0,1976
0.16475,0.0,1977
0.16483333333333333,0.0,1978
0.16491666666666666,0.0,1979
0.165,0.0,1980
0.16508333333333333,0.0,1981
0.16516666666666666,0.0,1982
0.16525,0.0,1983
0.16533333333333333,0.0,1984
0.16541666666666666,0.0,1985
0.1655,0.0,1986
0.16558333333333333,0.0,1987
0.16566666666666666,0.0,1988
0.16575,0.0,1989
0.16583333333333333,0.0,1990
0.16591666666666666,0.0,1991
0.166,0.0,1992
0.16608333333333333,0.0,1993
0.16616666666666666,0.0,1994
0.16625,0.0,1995
0.16633333333333333,0.0,1996
0.16641666666666666,0.0,1997
0.1665,0.0,1998
0.16658333333333333,0.0,1999
0.16666666666666666,0.0,2000
0.16675,0.0,2001
0.16683333333333333,0.0,2002
0.16691666666666666,0.0,2003
0.167,0.0,2004
0.16708333333333333,0.0,2005
0.16716666666666666,0.0,2006
0.16725,0.0,2007
0.16733333333333333,0.0,2008
0.16741666666666666,0.0,2009
0.1675,0.0,2010
0.16758333333333333,0.0,2011
0.16766666666666666,0.0,2012
0.16775,0.0,2013
0.16783333333333333,0.0,2014
0.16791666666666666,0.0,2015
0.168,0.0,2016
0.16808333333333333,0.0,2017
0.16816666666666666,0.0,2018
0.16825,0.0,2019
0.16833333333333333,0.0,2020
0.16841666666666666,0.0,2021
0.1685,0.0,2022
0.16858333333333334,0.0,2023
0.16866666666666666,0.0,2024
0.16875,0.0,2025
0.16883333333333334,0.0,2026
0.16891666666666666,0.0,2027
0.169,0.0,2028
0.16908333333333334,0.0,2029
0.16916666666666666,0.0,2030
0.16925,0.0,2031
0.16933333333333334,0.0,2032
0.16941666666666666,0.0,2033
0.1695,0.0,2034
0.16958333333333334,0.0,2035
0.16966666666666666,0.0,2036
0.16975,0.0,2037
0.16983333333333334,0.0,2038
0.16991666666666666,0.0,2039
0.17,0.0,2040
0.17008333333333334,0.0,2041
0.17016666666666666,0.0,2042
0.17025,0.0,2043
0.17033333333333334,0.0,2044
0.17041666666666666,0.0,2045
0.1705,0.0,2046
0.17058333333333334,0.0,2047
0.17066666666666666,0.0,2048
0.17075,0.0,2049
0.17083333333333334,0.0,2050
0.17091666666666666,0.0,2051
0.171,0.0,2052
0.17108333333333334,0.0,2053
0.17116666666666666,0.0,2054
0.17125,0.0,2055
0.17133333333333334,0.0,2056
0.17141666666666666,0.0,2057
0.1715,0.0,2058
0.17158333333333334,0.0,2059
0.17166666666666666,0.0,2060
0.17175,0.0,2061
0.17183333333333334,0.0,2062
0.17191666666666666,0.0,2063
0.172,0.0,2064
0.17208333333333334,0.0,2065
0.17216666666666666,0.0,2066
0.17225,0.0,2067
0.17233333333333334,0.0,2068
0.17241666666666666,0.0,2069
0.1725,0.0,2070
0.17258333333333334,0.0,2071
0.17266666666666666,0.0,2072
0.17275,0.0,2073
0.17283333333333334,0.0,2074
0.17291666666666666,0.0,2075
0.173,0.0,2076
0.17308333333333334,0.0,2077
0.17316666666666666,0.0,2078
0.17325,0.0,2079
0.17333333333333334,0.0,2080
0.17341666666666666,0.0,2081
0.1735,0.0,2082
0.17358333333333334,0.0,2083
0.17366666666666666,0.0,2084
0.17375,0.0,2085
0.17383333333333334,0.0,2086
0.17391666666666666,0.0,2087
0.174,0.0,2088
0.17408333333333334,0.0,2089
0.17416666666666666,0.0,2090
0.17425,0.0,2091
0.17433333333333334,0.0,2092
0.17441666666666666,0.0,2093
0.1745,0.0,2094
0.17458333333333334,0.0,2095
0.17466666666666666,0.0,2096
0.17475,0.0,2097
0.17483333333333334,0.0,2098
0.17491666666666666,0.0,2099
0.175,0.0,2100
0.17508333333333334,0.0,2101
0.17516666666666666,0.0,2102
0.17525,0.0,2103
0.17533333333333334,0.0,2104
0.17541666666666667,0.0,2105
0.1755,0.0,2106
0.17558333333333334,0.0,2107
0.17566666666666667,0.0,2108
0.17575,0.0,2109
0.17583333333333334,0.0,2110
0.17591666666666667,0.0,2111
0.176,0.0,2112
0.17608333333333334,0.0,2113
0.17616666666666667,0.0,2114
0.17625,0.0,2115
0.17633333333333334,0.0,2116
0.17641666666666667,0.0,2117
0.1765,0.0,2118
0.17658333333333334,0.0,2119
0.17666666666666667,0.0,2120
0.17675,0.0,2121
0.17683333333333334,0.0,2122
0.17691666666666667,0.0,2123
0.177,0.0,2124
0.17708333333333334,0.0,2125
0.17716666666666667,0.0,2126
0.17725,0.0,2127
0.17733333333333334,0.0,2128
0.17741666666666667,0.0,2129
0.1775,0.0,2130
0.17758333333333334,0.0,2131
0.17766666666666667,0.0,2132
0.17775,0.0,2133
0.17783333333333334,0.0,2134
0.17791666666666667,0.0,2135
0.178,0.0,2136
0.17808333333333334,0.0,2137
0.17816666666666667,0.0,2138
0.17825,0.0,2139
0.17833333333333334,0.0,2140
0.17841666666666667,0.0,2141
0.1785,0.0,2142
0.17858333333333334,0.0,2143
0.17866666666666667,0.0,2144
0.17875,0.0,2145
0.17883333333333334,0.0,2146
0.17891666666666667,0.0,2147
0.179,0.0,2148
0.17908333333333334,0.0,2149
0.17916666666666667,0.0,2150
0.17925,0.0,2151
0.17933333333333334,0.0,2152
0.17941666666666667,0.0,2153
0.1795,0.0,2154
0.17958333333333334,0.0,2155
0.17966666666666667,0.0,2156
0.17975,0.0,2157
0.17983333333333335,0.0,2158
0.17991666666666667,0.0,2159
0.18,0.0,2160
0.18008333333333335,0.0,2161
0.18016666666666667,0.0,2162
0.18025,0.0,2163
0.18033333333333335,0.0,2164
0.18041666666666667,0.0,2165
0.1805,0.0,2166
0.18058333333333335,0.0,2167
0.18066666666666667,0.0,2168
0.18075,0.0,2169
0.18083333333333335,0.0,2170
0.18091666666666667,0.0,2171
0.181,0.0,2172
0.18108333333333335,0.0,2173
0.18116666666666667,0.0,2174
0.18125,0.0,2175
0.18133333333333335,0.0,2176
0.18141666666666667,0.0,2177
0.1815,0.0,2178
0.18158333333333335,0.0,2179
0.18166666666666667,0.0,2180
0.18175,0.0,2181
0.18183333333333335,0.0,2182
0.18191666666666667,0.0,2183
0.182,0.0,2184
0.18208333333333335,0.0,2185
0.18216666666666667,0.0,2186
0.18225,0.0,2187
0.18233333333333332,0.0,2188
0.18241666666666667,0.0,2189
0.1825,0.0,2190
0.18258333333333332,0.0,2191
0.18266666666666667,0.0,2192
0.18275,0.0,2193
0.18283333333333332,0.0,2194
0.18291666666666667,0.0,2195
0.183,0.0,2196
0.18308333333333332,0.0,2197
0.18316666666666667,0.0,2198
0.18325,0.0,2199
0.18333333333333332,0.0,2200
0.18341666666666667,0.0,2201
0.1835,0.0,2202
0.18358333333333332,0.0,2203
0.18366666666666667,0.0,2204
0.18375,0.0,2205
0.18383333333333332,0.0,2206
0.18391666666666667,0.0,2207
0.184,0.0,2208
0.18408333333333332,0.0,2209
0.18416666666666667,0.0,2210
0.18425,0.0,2211
0.18433333333333332,0.0,2212
0.18441666666666667,0.0,2213
0.1845,0.0,2214
0.18458333333333332,0.0,2215
0.18466666666666667,0.0,2216
0.18475,0.0,2217
0.18483333333333332,0.0,2218
0.18491666666666667,0.0,2219
0.185,0.0,2220
0.18508333333333332,0.0,2221
0.18516666666666667,0.0,2222
0.18525,0.0,2223
0.18533333333333332,0.0,2224
0.18541666666666667,0.0,2225
0.1855,0.0,2226
0.18558333333333332,0.0,2227
0.18566666666666667,0.0,2228
0.18575,0.0,2229
0.18583333333333332,0.0,2230
0.18591666666666667,0.0,2231
0.186,0.0,2232
0.18608333333333332,0.0,2233
0.18616666666666667,0.0,2234
0.18625,0.0,2235
0.18633333333333332,0.0,2236
0.18641666666666667,0.0,2237
0.1865,0.0,2238
0.18658333333333332,0.0,2239
0.18666666666666668,0.0,2240
0.18675,0.0,2241
0.18683333333333332,0.0,2242
0.18691666666666668,0.0,2243
0.187,0.0,2244
0.18708333333333332,0.0,2245
0.18716666666666668,0.0,2246
0.18725,0.0,2247
0.18733333333333332,0.0,2248
0.18741666666666668,0.0,2249
0.1875,0.0,2250
0.18758333333333332,0.0,2251
0.18766666666666668,0.0,2252
0.18775,0.0,2253
0.18783333333333332,0.0,2254
0.18791666666666668,0.0,2255
0.188,0.0,2256
0.18808333333333332,0.0,2257
0.18816666666666668,0.0,2258
0.18825,0.0,2259
0.18833333333333332,0.0,2260
0.18841666666666668,0.0,2261
0.1885,0.0,2262
0.18858333333333333,0.0,2263
0.18866666666666668,0.0,2264
0.18875,0.0,2265
0.18883333333333333,0.0,2266
0.18891666666666668,0.0,2267
0.189,0.0,2268
0.18908333333333333,0.0,2269
0.18916666666666668,0.0,2270
0.18925,0.0,2271
0.18933333333333333,0.0,2272
0.18941666666666668,0.0,2273
0.1895,0.0,2274
0.18958333333333333,0.0,2275
0.18966666666666668,0.0,2276
0.18975,0.0,2277
0.18983333333333333,0.0,2278
0.18991666666666668,0.0,2279
0.19,0.0,2280
0.19008333333333333,0.0,2281
0.19016666666666668,0.0,2282
0.19025,0.0,2283
0.19033333333333333,0.0,2284
0.19041666666666668,0.0,2285
0.1905,0.0,2286
0.19058333333333333,0.0,2287
0.19066666666666668,0.0,2288
0.19075,0.0,2289
0.19083333333333333,0.0,2290
0.19091666666666668,0.0,2291
0.191,0.0,2292
0.19108333333333333,0.0,2293
0.19116666666666668,0.0,2294
0.19125,0.0,2295
0.19133333333333333,0.0,2296
0.19141666666666668,0.0,2297
0.1915,0.0,2298
0.19158333333333333,0.0,2299
0.19166666666666668,0.0,2300
0.19175,0.0,2301
0.19183333333333333,0.0,2302
0.19191666666666668,0.0,2303
0.192,0.0,2304
0.19208333333333333,0.0,2305
0.19216666666666668,0.0,2306
0.19225,0.0,2307
0.19233333333333333,0.0,2308
0.19241666666666668,0.0,2309
0.1925,0.0,2310
0.19258333333333333,0.0,2311
0.19266666666666668,0.0,2312
0.19275,0.0,2313
0.19283333333333333,0.0,2314
0.19291666666666665,0.0,2315
0.193,0.0,2316
0.19308333333333333,0.0,2317
0.19316666666666665,0.0,2318
0.19325,0.0,2319
0.19333333333333333,0.0,2320
0.19341666666666665,0.0,2321
0.1935,0.0,2322
0.19358333333333333,0.0,2323
0.19366666666666665,0.0,2324
0.19375,0.0,2325
0.19383333333333333,0.0,2326
0.19391666666666665,0.0,2327
0.194,0.0,2328
0.19408333333333333,0.0,2329
0.19416666666666665,0.0,2330
0.19425,0.0,2331
0.19433333333333333,0.0,2332
0.19441666666666665,0.0,2333
0.1945,0.0,2334
0.19458333333333333,0.0,2335
0.19466666666666665,0.0,2336
0.19475,0.0,2337
0.19483333333333333,0.0,2338
0.19491666666666665,0.0,2339
0.195,0.0,2340
0.19508333333333333,0.0,2341
0.19516666666666665,0.0,2342
0.19525,0.0,2343
0.19533333333333333,0.0,2344
0.19541666666666666,0.0,2345
0.1955,0.0,2346
0.19558333333333333,0.0,2347
0.19566666666666666,0.0,2348
0.19575,0.0,2349
0.19583333333333333,0.0,2350
0.19591666666666666,0.0,2351
0.196,0.0,2352
0.19608333333333333,0.0,2353
0.19616666666666666,0.0,2354
0.19625,0.0,2355
0.19633333333333333,0.0,2356
0.19641666666666666,0.0,2357
0.1965,0.0,2358
0.19658333333333333,0.0,2359
0.19666666666666666,0.0,2360
0.19675,0.0,2361
0.19683333333333333,0.0,2362
0.19691666666666666,0.0,2363
0.197,0.0,2364
0.19708333333333333,0.0,2365
0.19716666666666666,0.0,2366
0.19725,0.0,2367
0.19733333333333333,0.0,2368
0.19741666666666666,0.0,2369
0.1975,0.0,2370
0.19758333333333333,0.0,2371
0.19766666666666666,0.0,2372
0.19775,0.0,2373
0.19783333333333333,0.0,2374
0.19791666666666666,0.0,2375
0.198,0.0,2376
0.19808333333333333,0.0,2377
0.19816666666666666,0.0,2378
0.19825,0.0,2379
0.19833333333333333,0.0,2380
0.19841666666666666,0.0,2381
0.1985,0.0,2382
0.19858333333333333,0.0,2383
0.19866666666666666,0.0,2384
0.19875,0.0,2385
0.19883333333333333,0.0,2386
0.19891666666666666,0.0,2387
0.199,0.0,2388
0.19908333333333333,0.0,2389
0.19916666666666666,0.0,2390
0.19925,0.0,2391
0.19933333333333333,0.0,2392
0.19941666666666666,0.0,2393
0.1995,0.0,2394
0.19958333333333333,0.0,2395
0.19966666666666666,0.0,2396
0.19975,0.0,2397
0.19983333333333334,0.0,2398
0.19991666666666666,0.0,2399
0.2,0.0,2400
0.20008333333333334,0.0,2401
0.20016666666666666,0.0,2402
0.20025,0.0,2403
0.20033333333333334,0.0,2404
0.20041666666666666,0.0,2405
0.2005,0.0,2406
0.20058333333333334,0.0,2407
0.20066666666666666,0.0,2408
0.20075,0.0,2409
0.20083333333333334,0.0,2410
0.20091666666666666,0.0,2411
0.201,0.0,2412
0.20108333333333334,0.0,2413
0.20116666666666666,0.0,2414
0.20125,0.0,2415
0.20133333333333334,0.0,2416
0.20141666666666666,0.0,2417
0.2015,0.0,2418
0.20158333333333334,0.0,2419
0.20166666666666666,0.0,2420
0.20175,0.0,2421
0.20183333333333334,0.0,2422
0.20191666666666666,0.0,2423
0.202,0.0,2424
0.20208333333333334,0.0,2425
0.20216666666666666,0.0,2426
0.20225,0.0,2427
0.20233333333333334,0.0,2428
0.20241666666666666,0.0,2429
0.2025,0.0,2430
0.20258333333333334,0.0,2431
0.20266666666666666,0.0,2432
0.20275,0.0,2433
0.20283333333333334,0.0,2434
0.20291666666666666,0.0,2435
0.203,0.0,2436
0.20308333333333334,0.0,2437
0.20316666666666666,0.0,2438
0.20325,0.0,2439
0.20333333333333334,0.0,2440
0.20341666666666666,0.0,2441
0.2035,0.0,2442
0.20358333333333334,0.0,2443
0.20366666666666666,0.0,2444
0.20375,0.0,2445
0.20383333333333334,0.0,2446
0.20391666666666666,0.0,2447
0.204,0.0,2448
0.20408333333333334,0.0,2449
0.20416666666666666,0.0,2450
0.20425,0.0,2451
0.20433333333333334,0.0,2452
0.20441666666666666,0.0,2453
0.2045,0.0,2454
0.20458333333333334,0.0,2455
0.20466666666666666,0.0,2456
0.20475,0.0,2457
0.20483333333333334,0.0,2458
0.20491666666666666,0.0,2459
0.205,0.0,2460
0.20508333333333334,0.0,2461
0.20516666666666666,0.0,2462
0.20525,0.0,2463
0.20533333333333334,0.0,2464
0.20541666666666666,0.0,2465
0.2055,0.0,2466
0.20558333333333334,0.0,2467
0.20566666666666666,0.0,2468
0.20575,0.0,2469
0.20583333333333334,0.0,2470
0.20591666666666666,0.0,2471
0.206,0.0,2472
0.20608333333333334,0.0,2473
0.20616666666666666,0.0,2474
0.20625,0.0,2475
0.20633333333333334,0.0,2476
0.20641666666666666,0.0,2477
0.2065,0.0,2478
0.20658333333333334,0.0,2479
0.20666666666666667,0.0,2480
0.20675,0.0,2481
0.20683333333333334,0.0,2482
0.20691666666666667,0.0,2483
0.207,0.0,2484
0.20708333333333334,0.0,2485
0.20716666666666667,0.0,2486
0.20725,0.0,2487
0.20733333333333334,0.0,2488
0.20741666666666667,0.0,2489
0.2075,0.0,2490
0.20758333333333334,0.0,2491
0.20766666666666667,0.0,2492
0.20775,0.0,2493
0.20783333333333334,0.0,2494
0.20791666666666667,0.0,2495
0.208,0.0,2496
0.20808333333333334,0.0,2497
0.20816666666666667,0.0,2498
0.20825,0.0,2499
0.20833333333333334,0.0,2500
0.20841666666666667,0.0,2501
0.2085,0.0,2502
0.20858333333333334,0.0,2503
0.20866666666666667,0.0,2504
0.20875,0.0,2505
0.20883333333333334,0.0,2506
0.20891666666666667,0.0,2507
0.209,0.0,2508
0.20908333333333334,0.0,2509
0.20916666666666667,0.0,2510
0.20925,0.0,2511
0.20933333333333334,0.0,2512
0.20941666666666667,0.0,2513
0.2095,0.0,2514
0.20958333333333334,0.0,2515
0.20966666666666667,0.0,2516
0.20975,0.0,2517
0.20983333333333334,0.0,2518
0.20991666666666667,0.0,2519
0.21,0.0,2520
0.21008333333333334,0.0,2521
0.21016666666666667,0.0,2522
0.21025,0.0,2523
0.21033333333333334,0.0,2524
0.21041666666666667,0.0,2525
0.2105,0.0,2526
0.21058333333333334,0.0,2527
0.21066666666666667,0.0,2528
0.21075,0.0,2529
0.21083333333333334,0.0,2530
0.21091666666666667,0.0,2531
0.211,0.0,2532
0.21108333333333335,0.0,2533
0.21116666666666667,0.0,2534
0.21125,0.0,2535
0.21133333333333335,0.0,2536
0.21141666666666667,0.0,2537
0.2115,0.0,2538
0.21158333333333335,0.0,2539
0.21166666666666667,0.0,2540
0.21175,0.0,2541
0.21183333333333335,0.0,2542
0.21191666666666667,0.0,2543
0.212,0.0,2544
0.21208333333333335,0.0,2545
0.21216666666666667,0.0,2546
0.21225,0.0,2547
0.21233333333333335,0.0,2548
0.21241666666666667,0.0,2549
0.2125,0.0,2550
0.21258333333333335,0.0,2551
0.21266666666666667,0.0,2552
0.21275,0.0,2553
0.21283333333333335,0.0,2554
0.21291666666666667,0.0,2555
0.213,0.0,2556
0.21308333333333335,0.0,2557
0.21316666666666667,0.0,2558
0.21325,0.0,2559
0.21333333333333335,0.0,2560
0.21341666666666667,0.0,2561
0.2135,0.0,2562
0.21358333333333332,0.0,2563
0.21366666666666667,0.0,2564
0.21375,0.0,2565
0.21383333333333332,0.0,2566
0.21391666666666667,0.0,2567
0.214,0.0,2568
0.21408333333333332,0.0,2569
0.21416666666666667,0.0,2570
0.21425,0.0,2571
0.21433333333333332,0.0,2572
0.21441666666666667,0.0,2573
0.2145,0.0,2574
0.21458333333333332,0.0,2575
0.21466666666666667,0.0,2576
0.21475,0.0,2577
0.21483333333333332,0.0,2578
0.21491666666666667,0.0,2579
0.215,0.0,2580
0.21508333333333332,0.0,2581
0.21516666666666667,0.0,2582
0.21525,0.0,2583
0.21533333333333332,0.0,2584
0.21541666666666667,0.0,2585
0.2155,0.0,2586
0.21558333333333332,0.0,2587
0.21566666666666667,0.0,2588
0.21575,0.0,2589
0.21583333333333332,0.0,2590
0.21591666666666667,0.0,2591
0.216,0.0,2592
0.21608333333333332,0.0,2593
0.21616666666666667,0.0,2594
0.21625,0.0,2595
0.21633333333333332,0.0,2596
0.21641666666666667,0.0,2597
0.2165,0.0,2598
0.21658333333333332,0.0,2599
0.21666666666666667,0.0,2600
0.21675,0.0,2601
0.21683333333333332,0.0,2602
0.21691666666666667,0.0,2603
0.217,0.0,2604
0.21708333333333332,0.0,2605
0.21716666666666667,0.0,2606
0.21725,0.0,2607
0.21733333333333332,0.0,2608
0.21741666666666667,0.0,2609
0.2175,0.0,2610
0.21758333333333332,0.0,2611
0.21766666666666667,0.0,2612
0.21775,0.0,2613
0.21783333333333332,0.0,2614
0.21791666666666668,0.0,2615
0.218,0.0,2616
0.21808333333333332,0.0,2617
0.21816666666666668,0.0,2618
0.21825,0.0,2619
0.21833333333333332,0.0,2620
0.21841666666666668,0.0,2621
0.2185,0.0,2622
0.21858333333333332,0.0,2623
0.21866666666666668,0.0,2624
0.21875,0.0,2625
0.21883333333333332,0.0,2626
0.21891666666666668,0.0,2627
0.219,0.0,2628
0.21908333333333332,0.0,2629
0.21916666666666668,0.0,2630
0.21925,0.0,2631
0.21933333333333332,0.0,2632
0.21941666666666668,0.0,2633
0.2195,0.0,2634
0.21958333333333332,0.0,2635
0.21966666666666668,0.0,2636
0.21975,0.0,2637
0.21983333333333333,0.0,2638
0.21991666666666668,0.0,2639
0.22,0.0,2640
0.22008333333333333,0.0,2641
0.22016666666666668,0.0,2642
0.22025,0.0,2643
0.22033333333333333,0.0,2644
0.22041666666666668,0.0,2645
0.2205,0.0,2646
0.22058333333333333,0.0,2647
0.22066666666666668,0.0,2648
0.22075,0.0,2649
0.22083333333333333,0.0,2650
0.22091666666666668,0.0,2651
0.221,0.0,2652
0.22108333333333333,0.0,2653
0.22116666666666668,0.0,2654
0.22125,0.0,2655
0.22133333333333333,0.0,2656
0.22141666666666668,0.0,2657
0.2215,0.0,2658
0.22158333333333333,0.0,2659
0.22166666666666668,0.0,2660
0.22175,0.0,2661
0.22183333333333333,0.0,2662
0.22191666666666668,0.0,2663
0.222,0.0,2664
0.22208333333333333,0.0,2665
0.22216666666666668,0.0,2666
0.22225,0.0,2667
0.22233333333333333,0.0,2668
0.22241666666666668,0.0,2669
0.2225,0.0,2670
0.22258333333333333,0.0,2671
0.22266666666666668,0.0,2672
0.22275,0.0,2673
0.22283333333333333,0.0,2674
0.22291666666666668,0.0,2675
0.223,0.0,2676
0.22308333333333333,0.0,2677
0.22316666666666668,0.0,2678
0.22325,0.0,2679
0.22333333333333333,0.0,2680
0.22341666666666668,0.0,2681
0.2235,0.0,2682
0.22358333333333333,0.0,2683
0.22366666666666668,0.0,2684
0.22375,0.0,2685
0.22383333333333333,0.0,2686
0.22391666666666668,0.0,2687
0.224,0.0,2688
0.22408333333333333,0.0,2689
0.22416666666666665,0.0,2690
0.22425,0.0,2691
0.22433333333333333,0.0,2692
0.22441666666666665,0.0,2693
0.2245,0.0,2694
0.22458333333333333,0.0,2695
0.22466666666666665,0.0,2696
0.22475,0.0,2697
0.22483333333333333,0.0,2698
0.22491666666666665,0.0,2699
0.225,0.0,2700
0.22508333333333333,0.0,2701
0.22516666666666665,0.0,2702
0.22525,0.0,2703
0.22533333333333333,0.0,2704
0.22541666666666665,0.0,2705
0.2255,0.0,2706
0.22558333333333333,0.0,2707
0.22566666666666665,0.0,2708
0.22575,0.0,2709
0.22583333333333333,0.0,2710
0.22591666666666665,0.0,2711
0.226,0.0,2712
0.22608333333333333,0.0,2713
0.22616666666666665,0.0,2714
0.22625,0.0,2715
0.22633333333333333,0.0,2716
0.22641666666666665,0.0,2717
0.2265,0.0,2718
0.22658333333333333,0.0,2719
0.22666666666666666,0.0,2720
0.22675,0.0,2721
0.22683333333333333,0.0,2722
0.22691666666666666,0.0,2723
0.227,0.0,2724
0.22708333333333333,0.0,2725
0.22716666666666666,0.0,2726
0.22725,0.0,2727
0.22733333333333333,0.0,2728
0.22741666666666666,0.0,2729
0.2275,0.0,2730
0.22758333333333333,0.0,2731
0.22766666666666666,0.0,2732
0.22775,0.0,2733
0.22783333333333333,0.0,2734
0.22791666666666666,0.0,2735
0.228,0.0,2736
0.22808333333333333,0.0,2737
0.22816666666666666,0.0,2738
0.22825,0.0,2739
0.22833333333333333,0.0,2740
0.22841666666666666,0.0,2741
0.2285,0.0,2742
0.22858333333333333,0.0,2743
0.22866666666666666,0.0,2744
0.22875,0.0,2745
0.22883333333333333,0.0,2746
0.22891666666666666,0.0,2747
0.229,0.0,2748
0.22908333333333333,0.0,2749
0.22916666666666666,0.0,2750
0.22925,0.0,2751
0.22933333333333333,0.0,2752
0.22941666666666666,0.0,2753
0.2295,0.0,2754
0.22958333333333333,0.0,2755
0.22966666666666666,0.0,2756
0.22975,0.0,2757
0.22983333333333333,0.0,2758
0.22991666666666666,0.0,2759
0.23,0.0,2760
0.23008333333333333,0.0,2761
0.23016666666666666,0.0,2762
0.23025,0.0,2763
0.23033333333333333,0.0,2764
0.23041666666666666,0.0,2765
0.2305,0.0,2766
0.23058333333333333,0.0,2767
0.23066666666666666,0.0,2768
0.23075,0.0,2769
0.23083333333333333,0.0,2770
0.23091666666666666,0.0,2771
0.231,0.0,2772
0.23108333333333334,0.0,2773
0.23116666666666666,0.0,2774
0.23125,0.0,2775
0.23133333333333334,0.0,2776
0.23141666666666666,0.0,2777
0.2315,0.0,2778
0.23158333333333334,0.0,2779
0.23166666666666666,0.0,2780
0.23175,0.0,2781
0.23183333333333334,0.0,2782
0.23191666666666666,0.0,2783
0.232,0.0,2784
0.23208333333333334,0.0,2785
0.23216666666666666,0.0,2786
0.23225,0.0,2787
0.23233333333333334,0.0,2788
0.23241666666666666,0.0,2789
0.2325,0.0,2790
0.23258333333333334,0.0,2791
0.23266666666666666,0.0,2792
0.23275,0.0,2793
0.23283333333333334,0.0,2794
0.23291666666666666,0.0,2795
0.233,0.0,2796
0.23308333333333334,0.0,2797
0.23316666666666666,0.0,2798
0.23325,0.0,2799
0.23333333333333334,0.0,2800
0.23341666666666666,0.0,2801
0.2335,0.0,2802
0.23358333333333334,0.0,2803
0.23366666666666666,0.0,2804
0.23375,0.0,2805
0.23383333333333334,0.0,2806
0.23391666666666666,0.0,2807
0.234,0.0,2808
0.23408333333333334,0.0,2809
0.23416666666666666,0.0,2810
0.23425,0.0,2811
0.23433333333333334,0.0,2812
0.23441666666666666,0.0,2813
0.2345,0.0,2814
0.23458333333333334,0.0,2815
0.23466666666666666,0.0,2816
0.23475,0.0,2817
0.23483333333333334,0.0,2818
0.23491666666666666,0.0,2819
0.235,0.0,2820
0.23508333333333334,0.0,2821
0.23516666666666666,0.0,2822
0.23525,0.0,2823
0.23533333333333334,0.0,2824
0.23541666666666666,0.0,2825
0.2355,0.0,2826
0.23558333333333334,0.0,2827
0.23566666666666666,0.0,2828
0.23575,0.0,2829
0.23583333333333334,0.0,2830
0.23591666666666666,0.0,2831
0.236,0.0,2832
0.23608333333333334,0.0,2833
0.23616666666666666,0.0,2834
0.23625,0.0,2835
0.23633333333333334,0.0,2836
0.23641666666666666,0.0,2837
0.2365,0.0,2838
0.23658333333333334,0.0,2839
0.23666666666666666,0.0,2840
0.23675,0.0,2841
0.23683333333333334,0.0,2842
0.23691666666666666,0.0,2843
0.237,0.0,2844
0.23708333333333334,0.0,2845
0.23716666666666666,0.0,2846
0.23725,0.0,2847
0.23733333333333334,0.0,2848
0.23741666666666666,0.0,2849
0.2375,0.0,2850
0.23758333333333334,0.0,2851
0.23766666666666666,0.0,2852
0.23775,0.0,2853
0.23783333333333334,0.0,2854
0.23791666666666667,0.0,2855
0.238,0.0,2856
0.23808333333333334,0.0,2857
0.23816666666666667,0.0,2858
0.23825,0.0,2859
0.23833333333333334,0.0,2860
0.23841666666666667,0.0,2861
0.2385,0.0,2862
0.23858333333333334,0.0,2863
0.23866666666666667,0.0,2864
0.23875,0.0,2865
0.23883333333333334,0.0,2866
0.23891666666666667,0.0,2867
0.239,0.0,2868
0.23908333333333334,0.0,2869
0.23916666666666667,0.0,2870
0.23925,0.0,2871
0.23933333333333334,0.0,2872
0.23941666666666667,0.0,2873
0.2395,0.0,2874
0.23958333333333334,0.0,2875
0.23966666666666667,0.0,2876
0.23975,0.0,2877
0.23983333333333334,0.0,2878
0.23991666666666667,0.0,2879
0.24,0.0,2880
0.24008333333333334,0.0,2881
0.24016666666666667,0.0,2882
0.24025,0.0,2883
0.24033333333333334,0.0,2884
0.24041666666666667,0.0,2885
0.2405,0.0,2886
0.24058333333333334,0.0,2887
0.24066666666666667,0.0,2888
0.24075,0.0,2889
0.24083333333333334,0.0,2890
0.24091666666666667,0.0,2891
0.241,0.0,2892
0.24108333333333334,0.0,2893
0.24116666666666667,0.0,2894
0.24125,0.0,2895
0.24133333333333334,0.0,2896
0.24141666666666667,0.0,2897
0.2415,0.0,2898
0.24158333333333334,0.0,2899
0.24166666666666667,0.0,2900
0.24175,0.0,2901
0.24183333333333334,0.0,2902
0.24191666666666667,0.0,2903
0.242,0.0,2904
0.24208333333333334,0.0,2905
0.24216666666666667,0.0,2906
0.24225,0.0,2907
0.24233333333333335,0.0,2908
0.24241666666666667,0.0,2909
0.2425,0.0,2910
0.24258333333333335,0.0,2911
0.24266666666666667,0.0,2912
0.24275,0.0,2913
0.24283333333333335,0.0,2914
0.24291666666666667,0.0,2915
0.243,0.0,2916
0.24308333333333335,0.0,2917
0.24316666666666667,0.0,2918
0.24325,0.0,2919
0.24333333333333335,0.0,2920
0.24341666666666667,0.0,2921
0.2435,0.0,2922
0.24358333333333335,0.0,2923
0.24366666666666667,0.0,2924
0.24375,0.0,2925
0.24383333333333335,0.0,2926
0.24391666666666667,0.0,2927
0.244,0.0,2928
0.24408333333333335,0.0,2929
0.24416666666666667,0.0,2930
0.24425,0.0,2931
0.24433333333333335,0.0,2932
0.24441666666666667,0.0,2933
0.2445,0.0,2934
0.24458333333333335,0.0,2935
0.24466666666666667,0.0,2936
0.24475,0.0,2937
0.24483333333333332,0.0,2938
0.24491666666666667,0.0,2939
0.245,0.0,2940
0.24508333333333332,0.0,2941
0.24516666666666667,0.0,2942
0.24525,0.0,2943
0.24533333333333332,0.0,2944
0.24541666666666667,0.0,2945
0.2455,0.0,2946
0.24558333333333332,0.0,2947
0.24566666666666667,0.0,2948
0.24575,0.0,2949
0.24583333333333332,0.0,2950
0.24591666666666667,0.0,2951
0.246,0.0,2952
0.24608333333333332,0.0,2953
0.24616666666666667,0.0,2954
0.24625,0.0,2955
0.24633333333333332,0.0,2956
0.24641666666666667,0.0,2957
0.2465,0.0,2958
0.24658333333333332,0.0,2959
0.24666666666666667,0.0,2960
0.24675,0.0,2961
0.24683333333333332,0.0,2962
0.24691666666666667,0.0,2963
0.247,0.0,2964
0.24708333333333332,0.0,2965
0.24716666666666667,0.0,2966
0.24725,0.0,2967
0.24733333333333332,0.0,2968
0.24741666666666667,0.0,2969
0.2475,0.0,2970
0.24758333333333332,0.0,2971
0.24766666666666667,0.0,2972
0.24775,0.0,2973
0.24783333333333332,0.0,2974
0.24791666666666667,0.0,2975
0.248,0.0,2976
0.24808333333333332,0.0,2977
0.24816666666666667,0.0,2978
0.24825,0.0,2979
0.24833333333333332,0.0,2980
0.24841666666666667,0.0,2981
0.2485,0.0,2982
0.24858333333333332,0.0,2983
0.24866666666666667,0.0,2984
0.24875,0.0,2985
0.24883333333333332,0.0,2986
0.24891666666666667,0.0,2987
0.249,0.0,2988
0.24908333333333332,0.0,2989
0.24916666666666668,0.0,2990
0.24925,0.0,2991
0.24933333333333332,0.0,2992
0.24941666666666668,0.0,2993
0.2495,0.0,2994
0.24958333333333332,0.0,2995
0.24966666666666668,0.0,2996
0.24975,0.0,2997
0.24983333333333332,0.0,2998
0.24991666666666668,0.0,2999
0.25,0.0,3000
0.2500833333333333,0.0,3001
0.25016666666666665,0.0,3002
0.25025,0.0,3003
0.25033333333333335,0.0,3004
0.2504166666666667,0.0,3005
0.2505,0.0,3006
0.2505833333333333,0.0,3007
0.25066666666666665,0.0,3008
0.25075,0.0,3009
0.25083333333333335,0.0,3010
0.2509166666666667,0.0,3011
0.251,0.0,3012
0.2510833333333333,0.0,3013
0.25116666666666665,0.0,3014
0.25125,0.0,3015
0.25133333333333335,0.0,3016
0.2514166666666667,0.0,3017
0.2515,0.0,3018
0.2515833333333333,0.0,3019
0.25166666666666665,0.0,3020
0.25175,0.0,3021
0.25183333333333335,0.0,3022
0.2519166666666667,0.0,3023
0.252,0.0,3024
0.2520833333333333,0.0,3025
0.25216666666666665,0.0,3026
0.25225,0.0,3027
0.25233333333333335,0.0,3028
0.2524166666666667,0.0,3029
0.2525,0.0,3030
0.2525833333333333,0.0,3031
0.25266666666666665,0.0,3032
0.25275,0.0,3033
0.25283333333333335,0.0,3034
0.2529166666666667,0.0,3035
0.253,0.0,3036
0.2530833333333333,0.0,3037
0.25316666666666665,0.0,3038
0.25325,0.0,3039
0.25333333333333335,0.0,3040
0.2534166666666667,0.0,3041
0.2535,0.0,3042
0.2535833333333333,0.0,3043
0.25366666666666665,0.0,3044
0.25375,0.0,3045
0.25383333333333336,0.0,3046
0.2539166666666667,0.0,3047
0.254,0.0,3048
0.2540833333333333,0.0,3049
0.25416666666666665,0.0,3050
0.25425,0.0,3051
0.25433333333333336,0.0,3052
0.2544166666666667,0.0,3053
0.2545,0.0,3054
0.25458333333333333,0.0,3055
0.25466666666666665,0.0,3056
0.25475,0.0,3057
0.25483333333333336,0.0,3058
0.2549166666666667,0.0,3059
0.255,0.0,3060
0.25508333333333333,0.0,3061
0.25516666666666665,0.0,3062
0.25525,0.0,3063
0.25533333333333336,0.0,3064
0.2554166666666667,0.0,3065
0.2555,0.0,3066
0.25558333333333333,0.0,3067
0.25566666666666665,0.0,3068
0.25575,0.0,3069
0.25583333333333336,0.0,3070
0.2559166666666667,0.0,3071
0.256,0.0,3072
0.25608333333333333,0.0,3073
0.25616666666666665,0.0,3074
0.25625,0.0,3075
0.25633333333333336,0.0,3076
0.2564166666666667,0.0,3077
0.2565,0.0,3078
0.25658333333333333,0.0,3079
0.25666666666666665,0.0,3080
0.25675,0.0,3081
0.25683333333333336,0.0,3082
0.2569166666666667,0.0,3083
0.257,0.0,3084
0.25708333333333333,0.0,3085
0.25716666666666665,0.0,3086
0.25725,0.0,3087
0.25733333333333336,0.0,3088
0.2574166666666667,0.0,3089
0.2575,0.0,3090
0.25758333333333333,0.0,3091
0.25766666666666665,0.0,3092
0.25775,0.0,3093
0.25783333333333336,0.0,3094
0.2579166666666667,0.0,3095
0.258,0.0,3096
0.25808333333333333,0.0,3097
0.25816666666666666,0.0,3098
0.25825,0.0,3099
0.25833333333333336,0.0,3100
0.2584166666666667,0.0,3101
0.2585,0.0,3102
0.25858333333333333,0.0,3103
0.25866666666666666,0.0,3104
0.25875,0.0,3105
0.25883333333333336,0.0,3106
0.2589166666666667,0.0,3107
0.259,0.0,3108
0.25908333333333333,0.0,3109
0.25916666666666666,0.0,3110
0.25925,0.0,3111
0.25933333333333336,0.0,3112
0.2594166666666667,0.0,3113
0.2595,0.0,3114
0.25958333333333333,0.0,3115
0.25966666666666666,0.0,3116
0.25975,0.0,3117
0.25983333333333336,0.0,3118
0.2599166666666667,0.0,3119
0.26,0.0,3120
0.26008333333333333,0.0,3121
0.26016666666666666,0.0,3122
0.26025,0.0,3123
0.26033333333333336,0.0,3124
0.2604166666666667,0.0,3125
0.2605,0.0,3126
0.26058333333333333,0.0,3127
0.26066666666666666,0.0,3128
0.26075,0.0,3129
0.2608333333333333,0.0,3130
0.2609166666666667,0.0,3131
0.261,0.0,3132
0.26108333333333333,0.0,3133
0.26116666666666666,0.0,3134
0.26125,0.0,3135
0.2613333333333333,0.0,3136
0.2614166666666667,0.0,3137
0.2615,0.0,3138
0.26158333333333333,0.0,3139
0.26166666666666666,0.0,3140
0.26175,0.0,3141
0.2618333333333333,0.0,3142
0.2619166666666667,0.0,3143
0.262,0.0,3144
0.26208333333333333,0.0,3145
0.26216666666666666,0.0,3146
0.26225,0.0,3147
0.2623333333333333,0.0,3148
0.2624166666666667,0.0,3149
0.2625,0.0,3150
0.26258333333333334,0.0,3151
0.26266666666666666,0.0,3152
0.26275,0.0,3153
0.2628333333333333,0.0,3154
0.2629166666666667,0.0,3155
0.263,0.0,3156
0.26308333333333334,0.0,3157
0.26316666666666666,0.0,3158
0.26325,0.0,3159
0.2633333333333333,0.0,3160
0.2634166666666667,0.0,3161
0.2635,0.0,3162
0.26358333333333334,0.0,3163
0.26366666666666666,0.0,3164
0.26375,0.0,3165
0.2638333333333333,0.0,3166
0.2639166666666667,0.0,3167
0.264,0.0,3168
0.26408333333333334,0.0,3169
0.26416666666666666,0.0,3170
0.26425,0.0,3171
0.2643333333333333,0.0,3172
0.2644166666666667,0.0,3173
0.2645,0.0,3174
0.26458333333333334,0.0,3175
0.26466666666666666,0.0,3176
0.26475,0.0,3177
0.2648333333333333,0.0,3178
0.2649166666666667,0.0,3179
0.265,0.0,3180
0.26508333333333334,0.0,3181
0.26516666666666666,0.0,3182
0.26525,0.0,3183
0.2653333333333333,0.0,3184
0.2654166666666667,0.0,3185
0.2655,0.0,3186
0.26558333333333334,0.0,3187
0.26566666666666666,0.0,3188
0.26575,0.0,3189
0.2658333333333333,0.0,3190
0.2659166666666667,0.0,3191
0.266,0.0,3192
0.26608333333333334,0.0,3193
0.26616666666666666,0.0,3194
0.26625,0.0,3195
0.2663333333333333,0.0,3196
0.2664166666666667,0.0,3197
0.2665,0.0,3198
0.26658333333333334,0.0,3199
0.26666666666666666,0.0,3200
0.26675,0.0,3201
0.2668333333333333,0.0,3202
0.2669166666666667,0.0,3203
0.267,0.0,3204
0.26708333333333334,0.0,3205
0.26716666666666666,0.0,3206
0.26725,0.0,3207
0.2673333333333333,0.0,3208
0.2674166666666667,0.0,3209
0.2675,0.0,3210
0.26758333333333334,0.0,3211
0.26766666666666666,0.0,3212
0.26775,0.0,3213
0.2678333333333333,0.0,3214
0.2679166666666667,0.0,3215
0.268,0.0,3216
0.26808333333333334,0.0,3217
0.26816666666666666,0.0,3218
0.26825,0.0,3219
0.2683333333333333,0.0,3220
0.2684166666666667,0.0,3221
0.2685,0.0,3222
0.26858333333333334,0.0,3223
0.26866666666666666,0.0,3224
0.26875,0.0,3225
0.2688333333333333,0.0,3226
0.2689166666666667,0.0,3227
0.269,0.0,3228
0.26908333333333334,0.0,3229
0.26916666666666667,0.0,3230
0.26925,0.0,3231
0.2693333333333333,0.0,3232
0.2694166666666667,0.0,3233
0.2695,0.0,3234
0.26958333333333334,0.0,3235
0.26966666666666667,0.0,3236
0.26975,0.0,3237
0.2698333333333333,0.0,3238
0.2699166666666667,0.0,3239
0.27,0.0,3240
0.27008333333333334,0.0,3241
0.27016666666666667,0.0,3242
0.27025,0.0,3243
0.2703333333333333,0.0,3244
0.2704166666666667,0.0,3245
0.2705,0.0,3246
0.27058333333333334,0.0,3247
0.27066666666666667,0.0,3248
0.27075,0.0,3249
0.2708333333333333,0.0,3250
0.27091666666666664,0.0,3251
0.271,0.0,3252
0.27108333333333334,0.0,3253
0.27116666666666667,0.0,3254
0.27125,0.0,3255
0.2713333333333333,0.0,3256
0.27141666666666664,0.0,3257
0.2715,0.0,3258
0.27158333333333334,0.0,3259
0.27166666666666667,0.0,3260
0.27175,0.0,3261
0.2718333333333333,0.0,3262
0.27191666666666664,0.0,3263
0.272,0.0,3264
0.27208333333333334,0.0,3265
0.27216666666666667,0.0,3266
0.27225,0.0,3267
0.2723333333333333,0.0,3268
0.27241666666666664,0.0,3269
0.2725,0.0,3270
0.27258333333333334,0.0,3271
0.27266666666666667,0.0,3272
0.27275,0.0,3273
0.2728333333333333,0.0,3274
0.27291666666666664,0.0,3275
0.273,0.0,3276
0.27308333333333334,0.0,3277
0.27316666666666667,0.0,3278
0.27325,0.0,3279
0.2733333333333333,0.0,3280
0.27341666666666664,0.0,3281
0.2735,0.0,3282
0.27358333333333335,0.0,3283
0.27366666666666667,0.0,3284
0.27375,0.0,3285
0.2738333333333333,0.0,3286
0.27391666666666664,0.0,3287
0.274,0.0,3288
0.27408333333333335,0.0,3289
0.27416666666666667,0.0,3290
0.27425,0.0,3291
0.2743333333333333,0.0,3292
0.27441666666666664,0.0,3293
0.2745,0.0,3294
0.27458333333333335,0.0,3295
0.27466666666666667,0.0,3296
0.27475,0.0,3297
0.2748333333333333,0.0,3298
0.27491666666666664,0.0,3299
0.275,0.0,3300
0.27508333333333335,0.0,3301
0.27516666666666667,0.0,3302
0.27525,0.0,3303
0.2753333333333333,0.0,3304
0.27541666666666664,0.0,3305
0.2755,0.0,3306
0.27558333333333335,0.0,3307
0.27566666666666667,0.0,3308
0.27575,0.0,3309
0.2758333333333333,0.0,3310
0.27591666666666664,0.0,3311
0.276,0.0,3312
0.27608333333333335,0.0,3313
0.27616666666666667,0.0,3314
0.27625,0.0,3315
0.2763333333333333,0.0,3316
0.27641666666666664,0.0,3317
0.2765,0.0,3318
0.27658333333333335,0.0,3319
0.27666666666666667,0.0,3320
0.27675,0.0,3321
0.2768333333333333,0.0,3322
0.27691666666666664,0.0,3323
0.277,0.0,3324
0.27708333333333335,0.0,3325
0.2771666666666667,0.0,3326
0.27725,0.0,3327
0.2773333333333333,0.0,3328
0.27741666666666664,0.0,3329
0.2775,0.0,3330
0.27758333333333335,0.0,3331
0.2776666666666667,0.0,3332
0.27775,0.0,3333
0.2778333333333333,0.0,3334
0.27791666666666665,0.0,3335
0.278,0.0,3336
0.27808333333333335,0.0,3337
0.2781666666666667,0.0,3338
0.27825,0.0,3339
0.2783333333333333,0.0,3340
0.27841666666666665,0.0,3341
0.2785,0.0,3342
0.27858333333333335,0.0,3343
0.2786666666666667,0.0,3344
0.27875,0.0,3345
0.2788333333333333,0.0,3346
0.27891666666666665,0.0,3347
0.279,0.0,3348
0.27908333333333335,0.0,3349
0.2791666666666667,0.0,3350
0.27925,0.0,3351
0.2793333333333333,0.0,3352
0.27941666666666665,0.0,3353
0.2795,0.0,3354
0.27958333333333335,0.0,3355
0.2796666666666667,0.0,3356
0.27975,0.0,3357
0.2798333333333333,0.0,3358
0.27991666666666665,0.0,3359
0.28,0.0,3360
0.28008333333333335,0.0,3361
0.2801666666666667,0.0,3362
0.28025,0.0,3363
0.2803333333333333,0.0,3364
0.28041666666666665,0.0,3365
0.2805,0.0,3366
0.28058333333333335,0.0,3367
0.2806666666666667,0.0,3368
0.28075,0.0,3369
0.2808333333333333,0.0,3370
0.28091666666666665,0.0,3371
0.281,0.0,3372
0.28108333333333335,0.0,3373
0.2811666666666667,0.0,3374
0.28125,0.0,3375
0.2813333333333333,0.0,3376
0.28141666666666665,0.0,3377
0.2815,0.0,3378
0.28158333333333335,0.0,3379
0.2816666666666667,0.0,3380
0.28175,0.0,3381
0.2818333333333333,0.0,3382
0.28191666666666665,0.0,3383
0.282,0.0,3384
0.28208333333333335,0.0,3385
0.2821666666666667,0.0,3386
0.28225,0.0,3387
0.2823333333333333,0.0,3388
0.28241666666666665,0.0,3389
0.2825,0.0,3390
0.28258333333333335,0.0,3391
0.2826666666666667,0.0,3392
0.28275,0.0,3393
0.2828333333333333,0.0,3394
0.28291666666666665,0.0,3395
0.283,0.0,3396
0.28308333333333335,0.0,3397
0.2831666666666667,0.0,3398
0.28325,0.0,3399
0.2833333333333333,0.0,3400
0.28341666666666665,0.0,3401
0.2835,0.0,3402
0.28358333333333335,0.0,3403
0.2836666666666667,0.0,3404
0.28375,0.0,3405
0.2838333333333333,0.0,3406
0.28391666666666665,0.0,3407
0.284,0.0,3408
0.28408333333333335,0.0,3409
0.2841666666666667,0.0,3410
0.28425,0.0,3411
0.2843333333333333,0.0,3412
0.28441666666666665,0.0,3413
0.2845,0.0,3414
0.28458333333333335,0.0,3415
0.2846666666666667,0.0,3416
0.28475,0.0,3417
0.2848333333333333,0.0,3418
0.28491666666666665,0.0,3419
0.285,0.0,3420
0.28508333333333336,0.0,3421
0.2851666666666667,0.0,3422
0.28525,0.0,3423
0.2853333333333333,0.0,3424
0.28541666666666665,0.0,3425
0.2855,0.0,3426
0.28558333333333336,0.0,3427
0.2856666666666667,0.0,3428
0.28575,0.0,3429
0.28583333333333333,0.0,3430
0.28591666666666665,0.0,3431
0.286,0.0,3432
0.28608333333333336,0.0,3433
0.2861666666666667,0.0,3434
0.28625,0.0,3435
0.28633333333333333,0.0,3436
0.28641666666666665,0.0,3437
0.2865,0.0,3438
0.28658333333333336,0.0,3439
0.2866666666666667,0.0,3440
0.28675,0.0,3441
0.28683333333333333,0.0,3442
0.28691666666666665,0.0,3443
0.287,0.0,3444
0.28708333333333336,0.0,3445
0.2871666666666667,0.0,3446
0.28725,0.0,3447
0.28733333333333333,0.0,3448
0.28741666666666665,0.0,3449
0.2875,0.0,3450
0.28758333333333336,0.0,3451
0.2876666666666667,0.0,3452
0.28775,0.0,3453
0.28783333333333333,0.0,3454
0.28791666666666665,0.0,3455
0.288,0.0,3456
0.28808333333333336,0.0,3457
0.2881666666666667,0.0,3458
0.28825,0.0,3459
0.28833333333333333,0.0,3460
0.28841666666666665,0.0,3461
0.2885,0.0,3462
0.28858333333333336,0.0,3463
0.2886666666666667,0.0,3464
0.28875,0.0,3465
0.28883333333333333,0.0,3466
0.28891666666666665,0.0,3467
0.289,0.0,3468
0.28908333333333336,0.0,3469
0.2891666666666667,0.0,3470
0.28925,0.0,3471
0.28933333333333333,0.0,3472
0.28941666666666666,0.0,3473
0.2895,0.0,3474
0.28958333333333336,0.0,3475
0.2896666666666667,0.0,3476
0.28975,0.0,3477
0.28983333333333333,0.0,3478
0.28991666666666666,0.0,3479
0.29,0.0,3480
0.29008333333333336,0.0,3481
0.2901666666666667,0.0,3482
0.29025,0.0,3483
0.29033333333333333,0.0,3484
0.29041666666666666,0.0,3485
0.2905,0.0,3486
0.29058333333333336,0.0,3487
0.2906666666666667,0.0,3488
0.29075,0.0,3489
0.29083333333333333,0.0,3490
0.29091666666666666,0.0,3491
0.291,0.0,3492
0.29108333333333336,0.0,3493
0.2911666666666667,0.0,3494
0.29125,0.0,3495
0.29133333333333333,0.0,3496
0.29141666666666666,0.0,3497
0.2915,0.0,3498
0.29158333333333336,0.0,3499
0.2916666666666667,0.0,3500
0.29175,0.0,3501
0.29183333333333333,0.0,3502
0.29191666666666666,0.0,3503
0.292,0.0,3504
0.2920833333333333,0.0,3505
0.2921666666666667,0.0,3506
0.29225,0.0,3507
0.29233333333333333,0.0,3508
0.29241666666666666,0.0,3509
0.2925,0.0,3510
0.2925833333333333,0.0,3511
0.2926666666666667,0.0,3512
0.29275,0.0,3513
0.29283333333333333,0.0,3514
0.29291666666666666,0.0,3515
0.293,0.0,3516
0.2930833333333333,0.0,3517
0.2931666666666667,0.0,3518
0.29325,0.0,3519
0.29333333333333333,0.0,3520
0.29341666666666666,0.0,3521
0.2935,0.0,3522
0.2935833333333333,0.0,3523
0.2936666666666667,0.0,3524
0.29375,0.0,3525
0.29383333333333334,0.0,3526
0.29391666666666666,0.0,3527
0.294,0.0,3528
0.2940833333333333,0.0,3529
0.2941666666666667,0.0,3530
0.29425,0.0,3531
0.29433333333333334,0.0,3532
0.29441666666666666,0.0,3533
0.2945,0.0,3534
0.2945833333333333,0.0,3535
0.2946666666666667,0.0,3536
0.29475,0.0,3537
0.29483333333333334,0.0,3538
0.29491666666666666,0.0,3539
0.295,0.0,3540
0.2950833333333333,0.0,3541
0.2951666666666667,0.0,3542
0.29525,0.0,3543
0.29533333333333334,0.0,3544
0.29541666666666666,0.0,3545
0.2955,0.0,3546
0.2955833333333333,0.0,3547
0.2956666666666667,0.0,3548
0.29575,0.0,3549
0.29583333333333334,0.0,3550
0.29591666666666666,0.0,3551
0.296,0.0,3552
0.2960833333333333,0.0,3553
0.2961666666666667,0.0,3554
0.29625,0.0,3555
0.29633333333333334,0.0,3556
0.29641666666666666,0.0,3557
0.2965,0.0,3558
0.2965833333333333,0.0,3559
0.2966666666666667,0.0,3560
0.29675,0.0,3561
0.29683333333333334,0.0,3562
0.29691666666666666,0.0,3563
0.297,0.0,3564
0.2970833333333333,0.0,3565
0.2971666666666667,0.0,3566
0.29725,0.0,3567
0.29733333333333334,0.0,3568
0.29741666666666666,0.0,3569
0.2975,0.0,3570
0.2975833333333333,0.0,3571
0.2976666666666667,0.0,3572
0.29775,0.0,3573
0.29783333333333334,0.0,3574
0.29791666666666666,0.0,3575
0.298,0.0,3576
0.2980833333333333,0.0,3577
0.2981666666666667,0.0,3578
0.29825,0.0,3579
0.29833333333333334,0.0,3580
0.29841666666666666,0.0,3581
0.2985,0.0,3582
0.2985833333333333,0.0,3583
0.2986666666666667,0.0,3584
0.29875,0.0,3585
0.29883333333333334,0.0,3586
0.29891666666666666,0.0,3587
0.299,0.0,3588
0.2990833333333333,0.0,3589
0.2991666666666667,0.0,3590
0.29925,0.0,3591
0.29933333333333334,0.0,3592
0.29941666666666666,0.0,3593
0.2995,0.0,3594
0.2995833333333333,0.0,3595
0.2996666666666667,0.0,3596
0.29975,0.0,3597
0.29983333333333334,0.0,3598
0.29991666666666666,0.0,3599
0.3,0.0,3600
0.3000833333333333,0.0,3601
0.3001666666666667,0.0,3602
0.30025,0.0,3603
0.30033333333333334,0.0,3604
0.30041666666666667,0.0,3605
0.3005,0.0,3606
0.3005833333333333,0.0,3607
0.3006666666666667,0.0,3608
0.30075,0.0,3609
0.30083333333333334,0.0,3610
0.30091666666666667,0.0,3611
0.301,0.0,3612
0.3010833333333333,0.0,3613
0.3011666666666667,0.0,3614
0.30125,0.0,3615
0.30133333333333334,0.0,3616
0.30141666666666667,0.0,3617
0.3015,0.0,3618
0.3015833333333333,0.0,3619
0.3016666666666667,0.0,3620
0.30175,0.0,3621
0.30183333333333334,0.0,3622
0.30191666666666667,0.0,3623
0.302,0.0,3624
0.3020833333333333,0.0,3625
0.30216666666666664,0.0,3626
0.30225,0.0,3627
0.30233333333333334,0.0,3628
0.30241666666666667,0.0,3629
0.3025,0.0,3630
0.3025833333333333,0.0,3631
0.30266666666666664,0.0,3632
0.30275,0.0,3633
0.30283333333333334,0.0,3634
0.30291666666666667,0.0,3635
0.303,0.0,3636
0.3030833333333333,0.0,3637
0.30316666666666664,0.0,3638
0.30325,0.0,3639
0.30333333333333334,0.0,3640
0.30341666666666667,0.0,3641
0.3035,0.0,3642
0.3035833333333333,0.0,3643
0.30366666666666664,0.0,3644
0.30375,0.0,3645
0.30383333333333334,0.0,3646
0.30391666666666667,0.0,3647
0.304,0.0,3648
0.3040833333333333,0.0,3649
0.30416666666666664,0.0,3650
0.30425,0.0,3651
0.30433333333333334,0.0,3652
0.30441666666666667,0.0,3653
0.3045,0.0,3654
0.3045833333333333,0.0,3655
0.30466666666666664,0.0,3656
0.30475,0.0,3657
0.30483333333333335,0.0,3658
0.30491666666666667,0.0,3659
0.305,0.0,3660
0.3050833333333333,0.0,3661
0.30516666666666664,0.0,3662
0.30525,0.0,3663
0.30533333333333335,0.0,3664
0.30541666666666667,0.0,3665
0.3055,0.0,3666
0.3055833333333333,0.0,3667
0.30566666666666664,0.0,3668
0.30575,0.0,3669
0.30583333333333335,0.0,3670
0.30591666666666667,0.0,3671
0.306,0.0,3672
0.3060833333333333,0.0,3673
0.30616666666666664,0.0,3674
0.30625,0.0,3675
0.30633333333333335,0.0,3676
0.30641666666666667,0.0,3677
0.3065,0.0,3678
0.3065833333333333,0.0,3679
0.30666666666666664,0.0,3680
0.30675,0.0,3681
0.30683333333333335,0.0,3682
0.30691666666666667,0.0,3683
0.307,0.0,3684
0.3070833333333333,0.0,3685
0.30716666666666664,0.0,3686
0.30725,0.0,3687
0.30733333333333335,0.0,3688
0.30741666666666667,0.0,3689
0.3075,0.0,3690
0.3075833333333333,0.0,3691
0.30766666666666664,0.0,3692
0.30775,0.0,3693
0.30783333333333335,0.0,3694
0.30791666666666667,0.0,3695
0.308,0.0,3696
0.3080833333333333,0.0,3697
0.30816666666666664,0.0,3698
0.30825,0.0,3699
0.30833333333333335,0.0,3700
0.3084166666666667,0.0,3701
0.3085,0.0,3702
0.3085833333333333,0.0,3703
0.30866666666666664,0.0,3704
0.30875,0.0,3705
0.30883333333333335,0.0,3706
0.3089166666666667,0.0,3707
0.309,0.0,3708
0.3090833333333333,0.0,3709
0.30916666666666665,0.0,3710
0.30925,0.0,3711
0.30933333333333335,0.0,3712
0.3094166666666667,0.0,3713
0.3095,0.0,3714
0.3095833333333333,0.0,3715
0.30966666666666665,0.0,3716
0.30975,0.0,3717
0.30983333333333335,0.0,3718
0.3099166666666667,0.0,3719
0.31,0.0,3720
0.3100833333333333,0.0,3721
0.31016666666666665,0.0,3722
0.31025,0.0,3723
0.31033333333333335,0.0,3724
0.3104166666666667,0.0,3725
0.3105,0.0,3726
0.3105833333333333,0.0,3727
0.31066666666666665,0.0,3728
0.31075,0.0,3729
0.31083333333333335,0.0,3730
0.3109166666666667,0.0,3731
0.311,0.0,3732
0.3110833333333333,0.0,3733
0.31116666666666665,0.0,3734
0.31125,0.0,3735
0.31133333333333335,0.0,3736
0.3114166666666667,0.0,3737
0.3115,0.0,3738
0.3115833333333333,0.0,3739
0.31166666666666665,0.0,3740
0.31175,0.0,3741
0.31183333333333335,0.0,3742
0.3119166666666667,0.0,3743
0.312,0.0,3744
0.3120833333333333,0.0,3745
0.31216666666666665,0.0,3746
0.31225,0.0,3747
0.31233333333333335,0.0,3748
0.3124166666666667,0.0,3749
0.3125,0.0,3750
0.3125833333333333,0.0,3751
0.31266666666666665,0.0,3752
0.31275,0.0,3753
0.31283333333333335,0.0,3754
0.3129166666666667,0.0,3755
0.313,0.0,3756
0.3130833333333333,0.0,3757
0.31316666666666665,0.0,3758
0.31325,0.0,3759
0.31333333333333335,0.0,3760
0.3134166666666667,0.0,3761
0.3135,0.0,3762
0.3135833333333333,0.0,3763
0.31366666666666665,0.0,3764
0.31375,0.0,3765
0.31383333333333335,0.0,3766
0.3139166666666667,0.0,3767
0.314,0.0,3768
0.3140833333333333,0.0,3769
0.31416666666666665,0.0,3770
0.31425,0.0,3771
0.31433333333333335,0.0,3772
0.3144166666666667,0.0,3773
0.3145,0.0,3774
0.3145833333333333,0.0,3775
0.31466666666666665,0.0,3776
0.31475,0.0,3777
0.31483333333333335,0.0,3778
0.3149166666666667,0.0,3779
0.315,0.0,3780
0.3150833333333333,0.0,3781
0.31516666666666665,0.0,3782
0.31525,0.0,3783
0.31533333333333335,0.0,3784
0.3154166666666667,0.0,3785
0.3155,0.0,3786
0.3155833333333333,0.0,3787
0.31566666666666665,0.0,3788
0.31575,0.0,3789
0.31583333333333335,0.0,3790
0.3159166666666667,0.0,3791
0.316,0.0,3792
0.3160833333333333,0.0,3793
0.31616666666666665,0.0,3794
0.31625,0.0,3795
0.31633333333333336,0.0,3796
0.3164166666666667,0.0,3797
0.3165,0.0,3798
0.3165833333333333,0.0,3799
0.31666666666666665,0.0,3800
0.31675,0.0,3801
0.31683333333333336,0.0,3802
0.3169166666666667,0.0,3803
0.317,0.0,3804
0.31708333333333333,0.0,3805
0.31716666666666665,0.0,3806
0.31725,0.0,3807
0.31733333333333336,0.0,3808
0.3174166666666667,0.0,3809
0.3175,0.0,3810
0.31758333333333333,0.0,3811
0.31766666666666665,0.0,3812
0.31775,0.0,3813
0.31783333333333336,0.0,3814
0.3179166666666667,0.0,3815
0.318,0.0,3816
0.31808333333333333,0.0,3817
0.31816666666666665,0.0,3818
0.31825,0.0,3819
0.31833333333333336,0.0,3820
0.3184166666666667,0.0,3821
0.3185,0.0,3822
0.31858333333333333,0.0,3823
0.31866666666666665,0.0,3824
0.31875,0.0,3825
0.31883333333333336,0.0,3826
0.3189166666666667,0.0,3827
0.319,0.0,3828
0.31908333333333333,0.0,3829
0.31916666666666665,0.0,3830
0.31925,0.0,3831
0.31933333333333336,0.0,3832
0.3194166666666667,0.0,3833
0.3195,0.0,3834
0.31958333333333333,0.0,3835
0.31966666666666665,0.0,3836
0.31975,0.0,3837
0.31983333333333336,0.0,3838
0.3199166666666667,0.0,3839
0.32,0.0,3840
0.32008333333333333,0.0,3841
0.32016666666666665,0.0,3842
0.32025,0.0,3843
0.32033333333333336,0.0,3844
0.3204166666666667,0.0,3845
0.3205,0.0,3846
0.32058333333333333,0.0,3847
0.32066666666666666,0.0,3848
0.32075,0.0,3849
0.32083333333333336,0.0,3850
0.3209166666666667,0.0,3851
0.321,0.0,3852
0.32108333333333333,0.0,3853
0.32116666666666666,0.0,3854
0.32125,0.0,3855
0.32133333333333336,0.0,3856
0.3214166666666667,0.0,3857
0.3215,0.0,3858
0.32158333333333333,0.0,3859
0.32166666666666666,0.0,3860
0.32175,0.0,3861
0.32183333333333336,0.0,3862
0.3219166666666667,0.0,3863
0.322,0.0,3864
0.32208333333333333,0.0,3865
0.32216666666666666,0.0,3866
0.32225,0.0,3867
0.32233333333333336,0.0,3868
0.3224166666666667,0.0,3869
0.3225,0.0,3870
0.32258333333333333,0.0,3871
0.32266666666666666,0.0,3872
0.32275,0.0,3873
0.32283333333333336,0.0,3874
0.3229166666666667,0.0,3875
0.323,0.0,3876
0.32308333333333333,0.0,3877
0.32316666666666666,0.0,3878
0.32325,0.0,3879
0.3233333333333333,0.0,3880
0.3234166666666667,0.0,3881
0.3235,0.0,3882
0.32358333333333333,0.0,3883
0.32366666666666666,0.0,3884
0.32375,0.0,3885
0.3238333333333333,0.0,3886
0.3239166666666667,0.0,3887
0.324,0.0,3888
0.32408333333333333,0.0,3889
0.32416666666666666,0.0,3890
0.32425,0.0,3891
0.3243333333333333,0.0,3892
0.3244166666666667,0.0,3893
0.3245,0.0,3894
0.32458333333333333,0.0,3895
0.32466666666666666,0.0,3896
0.32475,0.0,3897
0.3248333333333333,0.0,3898
0.3249166666666667,0.0,3899
0.325,0.0,3900
0.32508333333333334,0.0,3901
0.32516666666666666,0.0,3902
0.32525,0.0,3903
0.3253333333333333,0.0,3904
0.3254166666666667,0.0,3905
0.3255,0.0,3906
0.32558333333333334,0.0,3907
0.32566666666666666,0.0,3908
0.32575,0.0,3909
0.3258333333333333,0.0,3910
0.3259166666666667,0.0,3911
0.326,0.0,3912
0.32608333333333334,0.0,3913
0.32616666666666666,0.0,3914
0.32625,0.0,3915
0.3263333333333333,0.0,3916
0.3264166666666667,0.0,3917
0.3265,0.0,3918
0.32658333333333334,0.0,3919
0.32666666666666666,0.0,3920
0.32675,0.0,3921
0.3268333333333333,0.0,3922
0.3269166666666667,0.0,3923
0.327,0.0,3924
0.32708333333333334,0.0,3925
0.32716666666666666,0.0,3926
0.32725,0.0,3927
0.3273333333333333,0.0,3928
0.3274166666666667,0.0,3929
0.3275,0.0,3930
0.32758333333333334,0.0,3931
0.32766666666666666,0.0,3932
0.32775,0.0,3933
0.3278333333333333,0.0,3934
0.3279166666666667,0.0,3935
0.328,0.0,3936
0.32808333333333334,0.0,3937
0.32816666666666666,0.0,3938
0.32825,0.0,3939
0.3283333333333333,0.0,3940
0.3284166666666667,0.0,3941
0.3285,0.0,3942
0.32858333333333334,0.0,3943
0.32866666666666666,0.0,3944
0.32875,0.0,3945
0.3288333333333333,0.0,3946
0.3289166666666667,0.0,3947
0.329,0.0,3948
0.32908333333333334,0.0,3949
0.32916666666666666,0.0,3950
0.32925,0.0,3951
0.3293333333333333,0.0,3952
0.3294166666666667,0.0,3953
0.3295,0.0,3954
0.32958333333333334,0.0,3955
0.32966666666666666,0.0,3956
0.32975,0.0,3957
0.3298333333333333,0.0,3958
0.3299166666666667,0.0,3959
0.33,0.0,3960
0.33008333333333334,0.0,3961
0.33016666666666666,0.0,3962
0.33025,0.0,3963
0.3303333333333333,0.0,3964
0.3304166666666667,0.0,3965
0.3305,0.0,3966
0.33058333333333334,0.0,3967
0.33066666666666666,0.0,3968
0.33075,0.0,3969
0.3308333333333333,0.0,3970
0.3309166666666667,0.0,3971
0.331,0.0,3972
0.33108333333333334,0.0,3973
0.33116666666666666,0.0,3974
0.33125,0.0,3975
0.3313333333333333,0.0,3976
0.3314166666666667,0.0,3977
0.3315,0.0,3978
0.33158333333333334,0.0,3979
0.33166666666666667,0.0,3980
0.33175,0.0,3981
0.3318333333333333,0.0,3982
0.3319166666666667,0.0,3983
0.332,0.0,3984
0.33208333333333334,0.0,3985
0.33216666666666667,0.0,3986
0.33225,0.0,3987
0.3323333333333333,0.0,3988
0.3324166666666667,0.0,3989
0.3325,0.0,3990
0.33258333333333334,0.0,3991
0.33266666666666667,0.0,3992
0.33275,0.0,3993
0.3328333333333333,0.0,3994
0.3329166666666667,0.0,3995
0.333,0.0,3996
0.33308333333333334,0.0,3997
0.33316666666666667,0.0,3998
0.33325,0.0,3999
0.3333333333333333,0.0,4000
0.33341666666666664,0.0,4001
0.3335,0.0,4002
0.33358333333333334,0.0,4003
0.33366666666666667,0.0,4004
0.33375,0.0,4005
0.3338333333333333,0.0,4006
0.33391666666666664,0.0,4007
0.334,0.0,4008
0.33408333333333334,0.0,4009
0.33416666666666667,0.0,4010
0.33425,0.0,4011
0.3343333333333333,0.0,4012
0.33441666666666664,0.0,4013
0.3345,0.0,4014
0.33458333333333334,0.0,4015
0.33466666666666667,0.0,4016
0.33475,0.0,4017
0.3348333333333333,0.0,4018
0.33491666666666664,0.0,4019
0.335,0.0,4020
0.33508333333333334,0.0,4021
0.33516666666666667,0.0,4022
0.33525,0.0,4023
0.3353333333333333,0.0,4024
0.33541666666666664,0.0,4025
0.3355,0.0,4026
0.33558333333333334,0.0,4027
0.33566666666666667,0.0,4028
0.33575,0.0,4029
0.3358333333333333,0.0,4030
0.33591666666666664,0.0,4031
0.336,0.0,4032
0.33608333333333335,0.0,4033
0.33616666666666667,0.0,4034
0.33625,0.0,4035
0.3363333333333333,0.0,4036
0.33641666666666664,0.0,4037
0.3365,0.0,4038
0.33658333333333335,0.0,4039
0.33666666666666667,0.0,4040
0.33675,0.0,4041
0.3368333333333333,0.0,4042
0.33691666666666664,0.0,4043
0.337,0.0,4044
0.33708333333333335,0.0,4045
0.33716666666666667,0.0,4046
0.33725,0.0,4047
0.3373333333333333,0.0,4048
0.33741666666666664,0.0,4049
0.3375,0.0,4050
0.33758333333333335,0.0,4051
0.33766666666666667,0.0,4052
0.33775,0.0,4053
0.3378333333333333,0.0,4054
0.33791666666666664,0.0,4055
0.338,0.0,4056
0.33808333333333335,0.0,4057
0.33816666666666667,0.0,4058
0.33825,0.0,4059
0.3383333333333333,0.0,4060
0.33841666666666664,0.0,4061
0.3385,0.0,4062
0.33858333333333335,0.0,4063
0.33866666666666667,0.0,4064
0.33875,0.0,4065
0.3388333333333333,0.0,4066
0.33891666666666664,0.0,4067
0.339,0.0,4068
0.33908333333333335,0.0,4069
0.33916666666666667,0.0,4070
0.33925,0.0,4071
0.3393333333333333,0.0,4072
0.33941666666666664,0.0,4073
0.3395,0.0,4074
0.33958333333333335,0.0,4075
0.3396666666666667,0.0,4076
0.33975,0.0,4077
0.3398333333333333,0.0,4078
0.33991666666666664,0.0,4079
0.34,0.0,4080
0.34008333333333335,0.0,4081
0.3401666666666667,0.0,4082
0.34025,0.0,4083
0.3403333333333333,0.0,4084
0.34041666666666665,0.0,4085
0.3405,0.0,4086
0.34058333333333335,0.0,4087
0.3406666666666667,0.0,4088
0.34075,0.0,4089
0.3408333333333333,0.0,4090
0.34091666666666665,0.0,4091
0.341,0.0,4092
0.34108333333333335,0.0,4093
0.3411666666666667,0.0,4094
0.34125,0.0,4095
0.3413333333333333,0.0,4096
0.34141666666666665,0.0,4097
0.3415,0.0,4098
0.34158333333333335,0.0,4099
0.3416666666666667,0.0,4100
0.34175,0.0,4101
0.3418333333333333,0.0,4102
0.34191666666666665,0.0,4103
0.342,0.0,4104
0.34208333333333335,0.0,4105
0.3421666666666667,0.0,4106
0.34225,0.0,4107
0.3423333333333333,0.0,4108
0.34241666666666665,0.0,4109
0.3425,0.0,4110
0.34258333333333335,0.0,4111
0.3426666666666667,0.0,4112
0.34275,0.0,4113
0.3428333333333333,0.0,4114
0.34291666666666665,0.0,4115
0.343,0.0,4116
0.34308333333333335,0.0,4117
0.3431666666666667,0.0,4118
0.34325,0.0,4119
0.3433333333333333,0.0,4120
0.34341666666666665,0.0,4121
0.3435,0.0,4122
0.34358333333333335,0.0,4123
0.3436666666666667,0.0,4124
0.34375,0.0,4125
0.3438333333333333,0.0,4126
0.34391666666666665,0.0,4127
0.344,0.0,4128
0.34408333333333335,0.0,4129
0.3441666666666667,0.0,4130
0.34425,0.0,4131
0.3443333333333333,0.0,4132
0.34441666666666665,0.0,4133
0.3445,0.0,4134
0.34458333333333335,0.0,4135
0.3446666666666667,0.0,4136
0.34475,0.0,4137
0.3448333333333333,0.0,4138
0.34491666666666665,0.0,4139
0.345,0.0,4140
0.34508333333333335,0.0,4141
0.3451666666666667,0.0,4142
0.34525,0.0,4143
0.3453333333333333,0.0,4144
0.34541666666666665,0.0,4145
0.3455,0.0,4146
0.34558333333333335,0.0,4147
0.3456666666666667,0.0,4148
0.34575,0.0,4149
0.3458333333333333,0.0,4150
0.34591666666666665,0.0,4151
0.346,0.0,4152
0.34608333333333335,0.0,4153
0.3461666666666667,0.0,4154
0.34625,0.0,4155
0.3463333333333333,0.0,4156
0.34641666666666665,0.0,4157
0.3465,0.0,4158
0.34658333333333335,0.0,4159
0.3466666666666667,0.0,4160
0.34675,0.0,4161
0.3468333333333333,0.0,4162
0.34691666666666665,0.0,4163
0.347,0.0,4164
0.34708333333333335,0.0,4165
0.3471666666666667,0.0,4166
0.34725,0.0,4167
0.3473333333333333,0.0,4168
0.34741666666666665,0.0,4169
0.3475,0.0,4170
0.34758333333333336,0.0,4171
0.3476666666666667,0.0,4172
0.34775,0.0,4173
0.3478333333333333,0.0,4174
0.34791666666666665,0.0,4175
0.348,0.0,4176
0.34808333333333336,0.0,4177
0.3481666666666667,0.0,4178
0.34825,0.0,4179
0.34833333333333333,0.0,4180
0.34841666666666665,0.0,4181
0.3485,0.0,4182
0.34858333333333336,0.0,4183
0.3486666666666667,0.0,4184
0.34875,0.0,4185
0.34883333333333333,0.0,4186
0.34891666666666665,0.0,4187
0.349,0.0,4188
0.34908333333333336,0.0,4189
0.3491666666666667,0.0,4190
0.34925,0.0,4191
0.34933333333333333,0.0,4192
0.34941666666666665,0.0,4193
0.3495,0.0,4194
0.34958333333333336,0.0,4195
0.3496666666666667,0.0,4196
0.34975,0.0,4197
0.34983333333333333,0.0,4198
0.34991666666666665,0.0,4199
0.35,0.0,4200
0.35008333333333336,0.0,4201
0.3501666666666667,0.0,4202
0.35025,0.0,4203
0.35033333333333333,0.0,4204
0.35041666666666665,0.0,4205
0.3505,0.0,4206
0.35058333333333336,0.0,4207
0.3506666666666667,0.0,4208
0.35075,0.0,4209
0.35083333333333333,0.0,4210
0.35091666666666665,0.0,4211
0.351,0.0,4212
0.35108333333333336,0.0,4213
0.3511666666666667,0.0,4214
0.35125,0.0,4215
0.35133333333333333,0.0,4216
0.35141666666666665,0.0,4217
0.3515,0.0,4218
0.35158333333333336,0.0,4219
0.3516666666666667,0.0,4220
0.35175,0.0,4221
0.35183333333333333,0.0,4222
0.35191666666666666,0.0,4223
0.352,0.0,4224
0.35208333333333336,0.0,4225
0.3521666666666667,0.0,4226
0.35225,0.0,4227
0.35233333333333333,0.0,4228
0.35241666666666666,0.0,4229
0.3525,0.0,4230
0.35258333333333336,0.0,4231
0.3526666666666667,0.0,4232
0.35275,0.0,4233
0.35283333333333333,0.0,4234
0.35291666666666666,0.0,4235
0.353,0.0,4236
0.35308333333333336,0.0,4237
0.3531666666666667,0.0,4238
0.35325,0.0,4239
0.35333333333333333,0.0,4240
0.35341666666666666,0.0,4241
0.3535,0.0,4242
0.35358333333333336,0.0,4243
0.3536666666666667,0.0,4244
0.35375,0.0,4245
0.35383333333333333,0.0,4246
0.35391666666666666,0.0,4247
0.354,0.0,4248
0.35408333333333336,0.0,4249
0.3541666666666667,0.0,4250
0.35425,0.0,4251
0.35433333333333333,0.0,4252
0.35441666666666666,0.0,4253
0.3545,0.0,4254
0.3545833333333333,0.0,4255
0.3546666666666667,0.0,4256
0.35475,0.0,4257
0.35483333333333333,0.0,4258
0.35491666666666666,0.0,4259
0.355,0.0,4260
0.3550833333333333,0.0,4261
0.3551666666666667,0.0,4262
0.35525,0.0,4263
0.35533333333333333,0.0,4264
0.35541666666666666,0.0,4265
0.3555,0.0,4266
0.3555833333333333,0.0,4267
0.3556666666666667,0.0,4268
0.35575,0.0,4269
0.35583333333333333,0.0,4270
0.35591666666666666,0.0,4271
0.356,0.0,4272
0.3560833333333333,0.0,4273
0.3561666666666667,0.0,4274
0.35625,0.0,4275
0.35633333333333334,0.0,4276
0.35641666666666666,0.0,4277
0.3565,0.0,4278
0.3565833333333333,0.0,4279
0.3566666666666667,0.0,4280
0.35675,0.0,4281
0.35683333333333334,0.0,4282
0.35691666666666666,0.0,4283
0.357,0.0,4284
0.3570833333333333,0.0,4285
0.3571666666666667,0.0,4286
0.35725,0.0,4287
0.35733333333333334,0.0,4288
0.35741666666666666,0.0,4289
0.3575,0.0,4290
0.3575833333333333,0.0,4291
0.3576666666666667,0.0,4292
0.35775,0.0,4293
0.35783333333333334,0.0,4294
0.35791666666666666,0.0,4295
0.358,0.0,4296
0.3580833333333333,0.0,4297
0.3581666666666667,0.0,4298
0.35825,0.0,4299
0.35833333333333334,0.0,4300
0.35841666666666666,0.0,4301
0.3585,0.0,4302
0.3585833333333333,0.0,4303
0.3586666666666667,0.0,4304
0.35875,0.0,4305
0.35883333333333334,0.0,4306
0.35891666666666666,0.0,4307
0.359,0.0,4308
0.3590833333333333,0.0,4309
0.3591666666666667,0.0,4310
0.35925,0.0,4311
0.35933333333333334,0.0,4312
0.35941666666666666,0.0,4313
0.3595,0.0,4314
0.3595833333333333,0.0,4315
0.3596666666666667,0.0,4316
0.35975,0.0,4317
0.35983333333333334,0.0,4318
0.35991666666666666,0.0,4319
0.36,0.0,4320
0.3600833333333333,0.0,4321
0.3601666666666667,0.0,4322
0.36025,0.0,4323
0.36033333333333334,0.0,4324
0.36041666666666666,0.0,4325
0.3605,0.0,4326
0.3605833333333333,0.0,4327
0.3606666666666667,0.0,4328
0.36075,0.0,4329
0.36083333333333334,0.0,4330
0.36091666666666666,0.0,4331
0.361,0.0,4332
0.3610833333333333,0.0,4333
0.3611666666666667,0.0,4334
0.36125,0.0,4335
0.36133333333333334,0.0,4336
0.36141666666666666,0.0,4337
0.3615,0.0,4338
0.3615833333333333,0.0,4339
0.3616666666666667,0.0,4340
0.36175,0.0,4341
0.36183333333333334,0.0,4342
0.36191666666666666,0.0,4343
0.362,0.0,4344
0.3620833333333333,0.0,4345
0.3621666666666667,0.0,4346
0.36225,0.0,4347
0.36233333333333334,0.0,4348
0.36241666666666666,0.0,4349
0.3625,0.0,4350
0.3625833333333333,0.0,4351
0.3626666666666667,0.0,4352
0.36275,0.0,4353
0.36283333333333334,0.0,4354
0.36291666666666667,0.0,4355
0.363,0.0,4356
0.3630833333333333,0.0,4357
0.3631666666666667,0.0,4358
0.36325,0.0,4359
0.36333333333333334,0.0,4360
0.36341666666666667,0.0,4361
0.3635,0.0,4362
0.3635833333333333,0.0,4363
0.3636666666666667,0.0,4364
0.36375,0.0,4365
0.36383333333333334,0.0,4366
0.36391666666666667,0.0,4367
0.364,0.0,4368
0.3640833333333333,0.0,4369
0.3641666666666667,0.0,4370
0.36425,0.0,4371
0.36433333333333334,0.0,4372
0.36441666666666667,0.0,4373
0.3645,0.0,4374
0.3645833333333333,0.0,4375
0.36466666666666664,0.0,4376
0.36475,0.0,4377
0.36483333333333334,0.0,4378
0.36491666666666667,0.0,4379
0.365,0.0,4380
0.3650833333333333,0.0,4381
0.36516666666666664,0.0,4382
0.36525,0.0,4383
0.36533333333333334,0.0,4384
0.36541666666666667,0.0,4385
0.3655,0.0,4386
0.3655833333333333,0.0,4387
0.36566666666666664,0.0,4388
0.36575,0.0,4389
0.36583333333333334,0.0,4390
0.36591666666666667,0.0,4391
0.366,0.0,4392
0.3660833333333333,0.0,4393
0.36616666666666664,0.0,4394
0.36625,0.0,4395
0.36633333333333334,0.0,4396
0.36641666666666667,0.0,4397
0.3665,0.0,4398
0.3665833333333333,0.0,4399
0.36666666666666664,0.0,4400
0.36675,0.0,4401
0.36683333333333334,0.0,4402
0.36691666666666667,0.0,4403
0.367,0.0,4404
0.3670833333333333,0.0,4405
0.36716666666666664,0.0,4406
0.36725,0.0,4407
0.36733333333333335,0.0,4408
0.36741666666666667,0.0,4409
0.3675,0.0,4410
0.3675833333333333,0.0,4411
0.36766666666666664,0.0,4412
0.36775,0.0,4413
0.36783333333333335,0.0,4414
0.36791666666666667,0.0,4415
0.368,0.0,4416
0.3680833333333333,0.0,4417
0.36816666666666664,0.0,4418
0.36825,0.0,4419
0.36833333333333335,0.0,4420
0.36841666666666667,0.0,4421
0.3685,0.0,4422
0.3685833333333333,0.0,4423
0.36866666666666664,0.0,4424
0.36875,0.0,4425
0.36883333333333335,0.0,4426
0.36891666666666667,0.0,4427
0.369,0.0,4428
0.3690833333333333,0.0,4429
0.36916666666666664,0.0,4430
0.36925,0.0,4431
0.36933333333333335,0.0,4432
0.36941666666666667,0.0,4433
0.3695,0.0,4434
0.3695833333333333,0.0,4435
0.36966666666666664,0.0,4436
0.36975,0.0,4437
0.36983333333333335,0.0,4438
0.36991666666666667,0.0,4439
0.37,0.0,4440
0.3700833333333333,0.0,4441
0.37016666666666664,0.0,4442
0.37025,0.0,4443
0.37033333333333335,0.0,4444
0.37041666666666667,0.0,4445
0.3705,0.0,4446
0.3705833333333333,0.0,4447
0.37066666666666664,0.0,4448
0.37075,0.0,4449
0.37083333333333335,0.0,4450
0.3709166666666667,0.0,4451
0.371,0.0,4452
0.3710833333333333,0.0,4453
0.37116666666666664,0.0,4454
0.37125,0.0,4455
0.37133333333333335,0.0,4456
0.3714166666666667,0.0,4457
0.3715,0.0,4458
0.3715833333333333,0.0,4459
0.37166666666666665,0.0,4460
0.37175,0.0,4461
0.37183333333333335,0.0,4462
0.3719166666666667,0.0,4463
0.372,0.0,4464
0.3720833333333333,0.0,4465
0.37216666666666665,0.0,4466
0.37225,0.0,4467
0.37233333333333335,0.0,4468
0.3724166666666667,0.0,4469
0.3725,0.0,4470
0.3725833333333333,0.0,4471
0.37266666666666665,0.0,4472
0.37275,0.0,4473
0.37283333333333335,0.0,4474
0.3729166666666667,0.0,4475
0.373,0.0,4476
0.3730833333333333,0.0,4477
0.37316666666666665,0.0,4478
0.37325,0.0,4479
0.37333333333333335,0.0,4480
0.3734166666666667,0.0,4481
0.3735,0.0,4482
0.3735833333333333,0.0,4483
0.37366666666666665,0.0,4484
0.37375,0.0,4485
0.37383333333333335,0.0,4486
0.3739166666666667,0.0,4487
0.374,0.0,4488
0.3740833333333333,0.0,4489
0.37416666666666665,0.0,4490
0.37425,0.0,4491
0.37433333333333335,0.0,4492
0.3744166666666667,0.0,4493
0.3745,0.0,4494
0.3745833333333333,0.0,4495
0.37466666666666665,0.0,4496
0.37475,0.0,4497
0.37483333333333335,0.0,4498
0.3749166666666667,0.0,4499
0.375,0.0,4500
0.3750833333333333,0.0,4501
0.37516666666666665,0.0,4502
0.37525,0.0,4503
0.37533333333333335,0.0,4504
0.3754166666666667,0.0,4505
0.3755,0.0,4506
0.3755833333333333,0.0,4507
0.37566666666666665,0.0,4508
0.37575,0.0,4509
0.37583333333333335,0.0,4510
0.3759166666666667,0.0,4511
0.376,0.0,4512
0.3760833333333333,0.0,4513
0.37616666666666665,0.0,4514
0.37625,0.0,4515
0.37633333333333335,0.0,4516
0.3764166666666667,0.0,4517
0.3765,0.0,4518
0.3765833333333333,0.0,4519
0.37666666666666665,0.0,4520
0.37675,0.0,4521
0.37683333333333335,0.0,4522
0.3769166666666667,0.0,4523
0.377,0.0,4524
0.3770833333333333,0.0,4525
0.37716666666666665,0.0,4526
0.37725,0.0,4527
0.37733333333333335,0.0,4528
0.3774166666666667,0.0,4529
0.3775,0.0,4530
0.3775833333333333,0.0,4531
0.37766666666666665,0.0,4532
0.37775,0.0,4533
0.37783333333333335,0.0,4534
0.3779166666666667,0.0,4535
0.378,0.0,4536
0.3780833333333333,0.0,4537
0.37816666666666665,0.0,4538
0.37825,0.0,4539
0.37833333333333335,0.0,4540
0.3784166666666667,0.0,4541
0.3785,0.0,4542
0.3785833333333333,0.0,4543
0.37866666666666665,0.0,4544
0.37875,0.0,4545
0.37883333333333336,0.0,4546
0.3789166666666667,0.0,4547
0.379,0.0,4548
0.3790833333333333,0.0,4549
0.37916666666666665,0.0,4550
0.37925,0.0,4551
0.37933333333333336,0.0,4552
0.3794166666666667,0.0,4553
0.3795,0.0,4554
0.37958333333333333,0.0,4555
0.37966666666666665,0.0,4556
0.37975,0.0,4557
0.37983333333333336,0.0,4558
0.3799166666666667,0.0,4559
0.38,0.0,4560
0.38008333333333333,0.0,4561
0.38016666666666665,0.0,4562
0.38025,0.0,4563
0.38033333333333336,0.0,4564
0.3804166666666667,0.0,4565
0.3805,0.0,4566
0.38058333333333333,0.0,4567
0.38066666666666665,0.0,4568
0.38075,0.0,4569
0.38083333333333336,0.0,4570
0.3809166666666667,0.0,4571
0.381,0.0,4572
0.38108333333333333,0.0,4573
0.38116666666666665,0.0,4574
0.38125,0.0,4575
0.38133333333333336,0.0,4576
0.3814166666666667,0.0,4577
0.3815,0.0,4578
0.38158333333333333,0.0,4579
0.38166666666666665,0.0,4580
0.38175,0.0,4581
0.38183333333333336,0.0,4582
0.3819166666666667,0.0,4583
0.382,0.0,4584
0.38208333333333333,0.0,4585
0.38216666666666665,0.0,4586
0.38225,0.0,4587
0.38233333333333336,0.0,4588
0.3824166666666667,0.0,4589
0.3825,0.0,4590
0.38258333333333333,0.0,4591
0.38266666666666665,0.0,4592
0.38275,0.0,4593
0.38283333333333336,0.0,4594
0.3829166666666667,0.0,4595
0.383,0.0,4596
0.38308333333333333,0.0,4597
0.38316666666666666,0.0,4598
0.38325,0.0,4599
0.38333333333333336,0.0,4600
0.3834166666666667,0.0,4601
0.3835,0.0,4602
0.38358333333333333,0.0,4603
0.38366666666666666,0.0,4604
0.38375,0.0,4605
0.38383333333333336,0.0,4606
0.3839166666666667,0.0,4607
0.384,0.0,4608
0.38408333333333333,0.0,4609
0.38416666666666666,0.0,4610
0.38425,0.0,4611
0.38433333333333336,0.0,4612
0.3844166666666667,0.0,4613
0.3845,0.0,4614
0.38458333333333333,0.0,4615
0.38466666666666666,0.0,4616
0.38475,0.0,4617
0.38483333333333336,0.0,4618
0.3849166666666667,0.0,4619
0.385,0.0,4620
0.38508333333333333,0.0,4621
0.38516666666666666,0.0,4622
0.38525,0.0,4623
0.38533333333333336,0.0,4624
0.3854166666666667,0.0,4625
0.3855,0.0,4626
0.38558333333333333,0.0,4627
0.38566666666666666,0.0,4628
0.38575,0.0,4629
0.3858333333333333,0.0,4630
0.3859166666666667,0.0,4631
0.386,0.0,4632
0.38608333333333333,0.0,4633
0.38616666666666666,0.0,4634
0.38625,0.0,4635
0.3863333333333333,0.0,4636
0.3864166666666667,0.0,4637
0.3865,0.0,4638
0.38658333333333333,0.0,4639
0.38666666666666666,0.0,4640
0.38675,0.0,4641
0.3868333333333333,0.0,4642
0.3869166666666667,0.0,4643
0.387,0.0,4644
0.38708333333333333,0.0,4645
0.38716666666666666,0.0,4646
0.38725,0.0,4647
0.3873333333333333,0.0,4648
0.3874166666666667,0.0,4649
0.3875,0.0,4650
0.38758333333333334,0.0,4651
0.38766666666666666,0.0,4652
0.38775,0.0,4653
0.3878333333333333,0.0,4654
0.3879166666666667,0.0,4655
0.388,0.0,4656
0.38808333333333334,0.0,4657
0.38816666666666666,0.0,4658
0.38825,0.0,4659
0.3883333333333333,0.0,4660
0.3884166666666667,0.0,4661
0.3885,0.0,4662
0.38858333333333334,0.0,4663
0.38866666666666666,0.0,4664
0.38875,0.0,4665
0.3888333333333333,0.0,4666
0.3889166666666667,0.0,4667
0.389,0.0,4668
0.38908333333333334,0.0,4669
0.38916666666666666,0.0,4670
0.38925,0.0,4671
0.3893333333333333,0.0,4672
0.3894166666666667,0.0,4673
0.3895,0.0,4674
0.38958333333333334,0.0,4675
0.38966666666666666,0.0,4676
0.38975,0.0,4677
0.3898333333333333,0.0,4678
0.3899166666666667,0.0,4679
0.39,0.0,4680
0.39008333333333334,0.0,4681
0.39016666666666666,0.0,4682
0.39025,0.0,4683
0.3903333333333333,0.0,4684
0.3904166666666667,0.0,4685
0.3905,0.0,4686
0.39058333333333334,0.0,4687
0.39066666666666666,0.0,4688
0.39075,0.0,4689
0.3908333333333333,0.0,4690
0.3909166666666667,0.0,4691
0.391,0.0,4692
0.39108333333333334,0.0,4693
0.39116666666666666,0.0,4694
0.39125,0.0,4695
0.3913333333333333,0.0,4696
0.3914166666666667,0.0,4697
0.3915,0.0,4698
0.39158333333333334,0.0,4699
0.39166666666666666,0.0,4700
0.39175,0.0,4701
0.3918333333333333,0.0,4702
0.3919166666666667,0.0,4703
0.392,0.0,4704
0.39208333333333334,0.0,4705
0.39216666666666666,0.0,4706
0.39225,0.0,4707
0.3923333333333333,0.0,4708
0.3924166666666667,0.0,4709
0.3925,0.0,4710
0.39258333333333334,0.0,4711
0.39266666666666666,0.0,4712
0.39275,0.0,4713
0.3928333333333333,0.0,4714
0.3929166666666667,0.0,4715
0.393,0.0,4716
0.39308333333333334,0.0,4717
0.39316666666666666,0.0,4718
0.39325,0.0,4719
0.3933333333333333,0.0,4720
0.3934166666666667,0.0,4721
0.3935,0.0,4722
0.39358333333333334,0.0,4723
0.39366666666666666,0.0,4724
0.39375,0.0,4725
0.3938333333333333,0.0,4726
0.3939166666666667,0.0,4727
0.394,0.0,4728
0.39408333333333334,0.0,4729
0.39416666666666667,0.0,4730
0.39425,0.0,4731
0.3943333333333333,0.0,4732
0.3944166666666667,0.0,4733
0.3945,0.0,4734
0.39458333333333334,0.0,4735
0.39466666666666667,0.0,4736
0.39475,0.0,4737
0.3948333333333333,0.0,4738
0.3949166666666667,0.0,4739
0.395,0.0,4740
0.39508333333333334,0.0,4741
0.39516666666666667,0.0,4742
0.39525,0.0,4743
0.3953333333333333,0.0,4744
0.3954166666666667,0.0,4745
0.3955,0.0,4746
0.39558333333333334,0.0,4747
0.39566666666666667,0.0,4748
0.39575,0.0,4749
0.3958333333333333,0.0,4750
0.39591666666666664,0.0,4751
0.396,0.0,4752
0.39608333333333334,0.0,4753
0.39616666666666667,0.0,4754
0.39625,0.0,4755
0.3963333333333333,0.0,4756
0.39641666666666664,0.0,4757
0.3965,0.0,4758
0.39658333333333334,0.0,4759
0.39666666666666667,0.0,4760
0.39675,0.0,4761
0.3968333333333333,0.0,4762
0.39691666666666664,0.0,4763
0.397,0.0,4764
0.39708333333333334,0.0,4765
0.39716666666666667,0.0,4766
0.39725,0.0,4767
0.3973333333333333,0.0,4768
0.39741666666666664,0.0,4769
0.3975,0.0,4770
0.39758333333333334,0.0,4771
0.39766666666666667,0.0,4772
0.39775,0.0,4773
0.3978333333333333,0.0,4774
0.39791666666666664,0.0,4775
0.398,0.0,4776
0.39808333333333334,0.0,4777
0.39816666666666667,0.0,4778
0.39825,0.0,4779
0.3983333333333333,0.0,4780
0.39841666666666664,0.0,4781
0.3985,0.0,4782
0.39858333333333335,0.0,4783
0.39866666666666667,0.0,4784
0.39875,0.0,4785
0.3988333333333333,0.0,4786
0.39891666666666664,0.0,4787
0.399,0.0,4788
0.39908333333333335,0.0,4789
0.39916666666666667,0.0,4790
0.39925,0.0,4791
0.3993333333333333,0.0,4792
0.39941666666666664,0.0,4793
0.3995,0.0,4794
0.39958333333333335,0.0,4795
0.39966666666666667,0.0,4796
0.39975,0.0,4797
0.3998333333333333,0.0,4798
0.39991666666666664,0.0,4799
0.4,0.0,4800
0.40008333333333335,0.0,4801
0.40016666666666667,0.0,4802
0.40025,0.0,4803
0.4003333333333333,0.0,4804
0.40041666666666664,0.0,4805
0.4005,0.0,4806
0.40058333333333335,0.0,4807
0.40066666666666667,0.0,4808
0.40075,0.0,4809
0.4008333333333333,0.0,4810
0.40091666666666664,0.0,4811
0.401,0.0,4812
0.40108333333333335,0.0,4813
0.40116666666666667,0.0,4814
0.40125,0.0,4815
0.4013333333333333,0.0,4816
0.40141666666666664,0.0,4817
0.4015,0.0,4818
0.40158333333333335,0.0,4819
0.40166666666666667,0.0,4820
0.40175,0.0,4821
0.4018333333333333,0.0,4822
0.40191666666666664,0.0,4823
0.402,0.0,4824
0.40208333333333335,0.0,4825
0.4021666666666667,0.0,4826
0.40225,0.0,4827
0.4023333333333333,0.0,4828
0.40241666666666664,0.0,4829
0.4025,0.0,4830
0.40258333333333335,0.0,4831
0.4026666666666667,0.0,4832
0.40275,0.0,4833
0.4028333333333333,0.0,4834
0.40291666666666665,0.0,4835
0.403,0.0,4836
0.40308333333333335,0.0,4837
0.4031666666666667,0.0,4838
0.40325,0.0,4839
0.4033333333333333,0.0,4840
0.40341666666666665,0.0,4841
0.4035,0.0,4842
0.40358333333333335,0.0,4843
0.4036666666666667,0.0,4844
0.40375,0.0,4845
0.4038333333333333,0.0,4846
0.40391666666666665,0.0,4847
0.404,0.0,4848
0.40408333333333335,0.0,4849
0.4041666666666667,0.0,4850
0.40425,0.0,4851
0.4043333333333333,0.0,4852
0.40441666666666665,0.0,4853
0.4045,0.0,4854
0.40458333333333335,0.0,4855
0.4046666666666667,0.0,4856
0.40475,0.0,4857
0.4048333333333333,0.0,4858
0.40491666666666665,0.0,4859
0.405,0.0,4860
0.40508333333333335,0.0,4861
0.4051666666666667,0.0,4862
0.40525,0.0,4863
0.4053333333333333,0.0,4864
0.40541666666666665,0.0,4865
0.4055,0.0,4866
0.40558333333333335,0.0,4867
0.4056666666666667,0.0,4868
0.40575,0.0,4869
0.4058333333333333,0.0,4870
0.40591666666666665,0.0,4871
0.406,0.0,4872
0.40608333333333335,0.0,4873
0.4061666666666667,0.0,4874
0.40625,0.0,4875
0.4063333333333333,0.0,4876
0.40641666666666665,0.0,4877
0.4065,0.0,4878
0.40658333333333335,0.0,4879
0.4066666666666667,0.0,4880
0.40675,0.0,4881
0.4068333333333333,0.0,4882
0.40691666666666665,0.0,4883
0.407,0.0,4884
0.40708333333333335,0.0,4885
0.4071666666666667,0.0,4886
0.40725,0.0,4887
0.4073333333333333,0.0,4888
0.40741666666666665,0.0,4889
0.4075,0.0,4890
0.40758333333333335,0.0,4891
0.4076666666666667,0.0,4892
0.40775,0.0,4893
0.4078333333333333,0.0,4894
0.40791666666666665,0.0,4895
0.408,0.0,4896
0.40808333333333335,0.0,4897
0.4081666666666667,0.0,4898
0.40825,0.0,4899
0.4083333333333333,0.0,4900
0.40841666666666665,0.0,4901
0.4085,0.0,4902
0.40858333333333335,0.0,4903
0.4086666666666667,0.0,4904
0.40875,0.0,4905
0.4088333333333333,0.0,4906
0.40891666666666665,0.0,4907
0.409,0.0,4908
0.40908333333333335,0.0,4909
0.4091666666666667,0.0,4910
0.40925,0.0,4911
0.4093333333333333,0.0,4912
0.40941666666666665,0.0,4913
0.4095,0.0,4914
0.40958333333333335,0.0,4915
0.4096666666666667,0.0,4916
0.40975,0.0,4917
0.4098333333333333,0.0,4918
0.40991666666666665,0.0,4919
0.41,0.0,4920
0.41008333333333336,0.0,4921
0.4101666666666667,0.0,4922
0.41025,0.0,4923
0.4103333333333333,0.0,4924
0.41041666666666665,0.0,4925
0.4105,0.0,4926
0.41058333333333336,0.0,4927
0.4106666666666667,0.0,4928
0.41075,0.0,4929
0.41083333333333333,0.0,4930
0.41091666666666665,0.0,4931
0.411,0.0,4932
0.41108333333333336,0.0,4933
0.4111666666666667,0.0,4934
0.41125,0.0,4935
0.41133333333333333,0.0,4936
0.41141666666666665,0.0,4937
0.4115,0.0,4938
0.41158333333333336,0.0,4939
0.4116666666666667,0.0,4940
0.41175,0.0,4941
0.41183333333333333,0.0,4942
0.41191666666666665,0.0,4943
0.412,0.0,4944
0.41208333333333336,0.0,4945
0.4121666666666667,0.0,4946
0.41225,0.0,4947
0.41233333333333333,0.0,4948
0.41241666666666665,0.0,4949
0.4125,0.0,4950
0.41258333333333336,0.0,4951
0.4126666666666667,0.0,4952
0.41275,0.0,4953
0.41283333333333333,0.0,4954
0.41291666666666665,0.0,4955
0.413,0.0,4956
0.41308333333333336,0.0,4957
0.4131666666666667,0.0,4958
0.41325,0.0,4959
0.41333333333333333,0.0,4960
0.41341666666666665,0.0,4961
0.4135,0.0,4962
0.41358333333333336,0.0,4963
0.4136666666666667,0.0,4964
0.41375,0.0,4965
0.41383333333333333,0.0,4966
0.41391666666666665,0.0,4967
0.414,0.0,4968
0.41408333333333336,0.0,4969
0.4141666666666667,0.0,4970
0.41425,0.0,4971
0.41433333333333333,0.0,4972
0.41441666666666666,0.0,4973
0.4145,0.0,4974
0.41458333333333336,0.0,4975
0.4146666666666667,0.0,4976
0.41475,0.0,4977
0.41483333333333333,0.0,4978
0.41491666666666666,0.0,4979
0.415,0.0,4980
0.41508333333333336,0.0,4981
0.4151666666666667,0.0,4982
0.41525,0.0,4983
0.41533333333333333,0.0,4984
0.41541666666666666,0.0,4985
0.4155,0.0,4986
0.41558333333333336,0.0,4987
0.4156666666666667,0.0,4988
0.41575,0.0,4989
0.41583333333333333,0.0,4990
0.41591666666666666,0.0,4991
0.416,0.0,4992
0.41608333333333336,0.0,4993
0.4161666666666667,0.0,4994
0.41625,0.0,4995
0.41633333333333333,0.0,4996
0.41641666666666666,0.0,4997
0.4165,0.0,4998
0.41658333333333336,0.0,4999
0.4166666666666667,0.0,5000
0.41675,0.0,5001
0.41683333333333333,0.0,5002
0.41691666666666666,0.0,5003
0.417,0.0,5004
0.4170833333333333,0.0,5005
0.4171666666666667,0.0,5006
0.41725,0.0,5007
0.41733333333333333,0.0,5008
0.41741666666666666,0.0,5009
0.4175,0.0,5010
0.4175833333333333,0.0,5011
0.4176666666666667,0.0,5012
0.41775,0.0,5013
0.41783333333333333,0.0,5014
0.41791666666666666,0.0,5015
0.418,0.0,5016
0.4180833333333333,0.0,5017
0.4181666666666667,0.0,5018
0.41825,0.0,5019
0.41833333333333333,0.0,5020
0.41841666666666666,0.0,5021
0.4185,0.0,5022
0.4185833333333333,0.0,5023
0.4186666666666667,0.0,5024
0.41875,0.0,5025
0.41883333333333334,0.0,5026
0.41891666666666666,0.0,5027
0.419,0.0,5028
0.4190833333333333,0.0,5029
0.4191666666666667,0.0,5030
0.41925,0.0,5031
0.41933333333333334,0.0,5032
0.41941666666666666,0.0,5033
0.4195,0.0,5034
0.4195833333333333,0.0,5035
0.4196666666666667,0.0,5036
0.41975,0.0,5037
0.41983333333333334,0.0,5038
0.41991666666666666,0.0,5039
0.42,0.0,5040
0.4200833333333333,0.0,5041
0.4201666666666667,0.0,5042
0.42025,0.0,5043
0.42033333333333334,0.0,5044
0.42041666666666666,0.0,5045
0.4205,0.0,5046
0.4205833333333333,0.0,5047
0.4206666666666667,0.0,5048
0.42075,0.0,5049
0.42083333333333334,0.0,5050
0.42091666666666666,0.0,5051
0.421,0.0,5052
0.4210833333333333,0.0,5053
0.4211666666666667,0.0,5054
0.42125,0.0,5055
0.42133333333333334,0.0,5056
0.42141666666666666,0.0,5057
0.4215,0.0,5058
0.4215833333333333,0.0,5059
0.4216666666666667,0.0,5060
0.42175,0.0,5061
0.42183333333333334,0.0,5062
0.42191666666666666,0.0,5063
0.422,0.0,5064
0.4220833333333333,0.0,5065
0.4221666666666667,0.0,5066
0.42225,0.0,5067
0.42233333333333334,0.0,5068
0.42241666666666666,0.0,5069
0.4225,0.0,5070
0.4225833333333333,0.0,5071
0.4226666666666667,0.0,5072
0.42275,0.0,5073
0.42283333333333334,0.0,5074
0.42291666666666666,0.0,5075
0.423,0.0,5076
0.4230833333333333,0.0,5077
0.4231666666666667,0.0,5078
0.42325,0.0,5079
0.42333333333333334,0.0,5080
0.42341666666666666,0.0,5081
0.4235,0.0,5082
0.4235833333333333,0.0,5083
0.4236666666666667,0.0,5084
0.42375,0.0,5085
0.42383333333333334,0.0,5086
0.42391666666666666,0.0,5087
0.424,0.0,5088
0.4240833333333333,0.0,5089
0.4241666666666667,0.0,5090
0.42425,0.0,5091
0.42433333333333334,0.0,5092
0.42441666666666666,0.0,5093
0.4245,0.0,5094
0.4245833333333333,0.0,5095
0.4246666666666667,0.0,5096
0.42475,0.0,5097
0.42483333333333334,0.0,5098
0.42491666666666666,0.0,5099
0.425,0.0,5100
0.4250833333333333,0.0,5101
0.4251666666666667,0.0,5102
0.42525,0.0,5103
0.42533333333333334,0.0,5104
0.42541666666666667,0.0,5105
0.4255,0.0,5106
0.4255833333333333,0.0,5107
0.4256666666666667,0.0,5108
0.42575,0.0,5109
0.42583333333333334,0.0,5110
0.42591666666666667,0.0,5111
0.426,0.0,5112
0.4260833333333333,0.0,5113
0.4261666666666667,0.0,5114
0.42625,0.0,5115
0.42633333333333334,0.0,5116
0.42641666666666667,0.0,5117
0.4265,0.0,5118
0.4265833333333333,0.0,5119
0.4266666666666667,0.0,5120
0.42675,0.0,5121
0.42683333333333334,0.0,5122
0.42691666666666667,0.0,5123
0.427,0.0,5124
0.4270833333333333,0.0,5125
0.42716666666666664,0.0,5126
0.42725,0.0,5127
0.42733333333333334,0.0,5128
0.42741666666666667,0.0,5129
0.4275,0.0,5130
0.4275833333333333,0.0,5131
0.42766666666666664,0.0,5132
0.42775,0.0,5133
0.42783333333333334,0.0,5134
0.42791666666666667,0.0,5135
0.428,0.0,5136
0.4280833333333333,0.0,5137
0.42816666666666664,0.0,5138
0.42825,0.0,5139
0.42833333333333334,0.0,5140
0.42841666666666667,0.0,5141
0.4285,0.0,5142
0.4285833333333333,0.0,5143
0.42866666666666664,0.0,5144
0.42875,0.0,5145
0.42883333333333334,0.0,5146
0.42891666666666667,0.0,5147
0.429,0.0,5148
0.4290833333333333,0.0,5149
0.42916666666666664,0.0,5150
0.42925,0.0,5151
0.42933333333333334,0.0,5152
0.42941666666666667,0.0,5153
0.4295,0.0,5154
0.4295833333333333,0.0,5155
0.42966666666666664,0.0,5156
0.42975,0.0,5157
0.42983333333333335,0.0,5158
0.42991666666666667,0.0,5159
0.43,0.0,5160
0.4300833333333333,0.0,5161
0.43016666666666664,0.0,5162
0.43025,0.0,5163
0.43033333333333335,0.0,5164
0.43041666666666667,0.0,5165
0.4305,0.0,5166
0.4305833333333333,0.0,5167
0.43066666666666664,0.0,5168
0.43075,0.0,5169
0.43083333333333335,0.0,5170
0.43091666666666667,0.0,5171
0.431,0.0,5172
0.4310833333333333,0.0,5173
0.43116666666666664,0.0,5174
0.43125,0.0,5175
0.43133333333333335,0.0,5176
0.43141666666666667,0.0,5177
0.4315,0.0,5178
0.4315833333333333,0.0,5179
0.43166666666666664,0.0,5180
0.43175,0.0,5181
0.43183333333333335,0.0,5182
0.43191666666666667,0.0,5183
0.432,0.0,5184
0.4320833333333333,0.0,5185
0.43216666666666664,0.0,5186
0.43225,0.0,5187
0.43233333333333335,0.0,5188
0.43241666666666667,0.0,5189
0.4325,0.0,5190
0.4325833333333333,0.0,5191
0.43266666666666664,0.0,5192
0.43275,0.0,5193
0.43283333333333335,0.0,5194
0.43291666666666667,0.0,5195
0.433,0.0,5196
0.4330833333333333,0.0,5197
0.43316666666666664,0.0,5198
0.43325,0.0,5199
0.43333333333333335,0.0,5200
0.4334166666666667,0.0,5201
0.4335,0.0,5202
0.4335833333333333,0.0,5203
0.43366666666666664,0.0,5204
0.43375,0.0,5205
0.43383333333333335,0.0,5206
0.4339166666666667,0.0,5207
0.434,0.0,5208
0.4340833333333333,0.0,5209
0.43416666666666665,0.0,5210
0.43425,0.0,5211
0.43433333333333335,0.0,5212
0.4344166666666667,0.0,5213
0.4345,0.0,5214
0.4345833333333333,0.0,5215
0.43466666666666665,0.0,5216
0.43475,0.0,5217
0.43483333333333335,0.0,5218
0.4349166666666667,0.0,5219
0.435,0.0,5220
0.4350833333333333,0.0,5221
0.43516666666666665,0.0,5222
0.43525,0.0,5223
0.43533333333333335,0.0,5224
0.4354166666666667,0.0,5225
0.4355,0.0,5226
0.4355833333333333,0.0,5227
0.43566666666666665,0.0,5228
0.43575,0.0,5229
0.43583333333333335,0.0,5230
0.4359166666666667,0.0,5231
0.436,0.0,5232
0.4360833333333333,0.0,5233
0.43616666666666665,0.0,5234
0.43625,0.0,5235
0.43633333333333335,0.0,5236
0.4364166666666667,0.0,5237
0.4365,0.0,5238
0.4365833333333333,0.0,5239
0.43666666666666665,0.0,5240
0.43675,0.0,5241
0.43683333333333335,0.0,5242
0.4369166666666667,0.0,5243
0.437,0.0,5244
0.4370833333333333,0.0,5245
0.43716666666666665,0.0,5246
0.43725,0.0,5247
0.43733333333333335,0.0,5248
0.4374166666666667,0.0,5249
0.4375,0.0,5250
0.4375833333333333,0.0,5251
0.43766666666666665,0.0,5252
0.43775,0.0,5253
0.43783333333333335,0.0,5254
0.4379166666666667,0.0,5255
0.438,0.0,5256
0.4380833333333333,0.0,5257
0.43816666666666665,0.0,5258
0.43825,0.0,5259
0.43833333333333335,0.0,5260
0.4384166666666667,0.0,5261
0.4385,0.0,5262
0.4385833333333333,0.0,5263
0.43866666666666665,0.0,5264
0.43875,0.0,5265
0.43883333333333335,0.0,5266
0.4389166666666667,0.0,5267
0.439,0.0,5268
0.4390833333333333,0.0,5269
0.43916666666666665,0.0,5270
0.43925,0.0,5271
0.43933333333333335,0.0,5272
0.4394166666666667,0.0,5273
0.4395,0.0,5274
0.4395833333333333,0.0,5275
0.43966666666666665,0.0,5276
0.43975,0.0,5277
0.43983333333333335,0.0,5278
0.4399166666666667,0.0,5279
0.44,0.0,5280
0.4400833333333333,0.0,5281
0.44016666666666665,0.0,5282
0.44025,0.0,5283
0.44033333333333335,0.0,5284
0.4404166666666667,0.0,5285
0.4405,0.0,5286
0.4405833333333333,0.0,5287
0.44066666666666665,0.0,5288
0.44075,0.0,5289
0.44083333333333335,0.0,5290
0.4409166666666667,0.0,5291
0.441,0.0,5292
0.4410833333333333,0.0,5293
0.44116666666666665,0.0,5294
0.44125,0.0,5295
0.44133333333333336,0.0,5296
0.4414166666666667,0.0,5297
0.4415,0.0,5298
0.4415833333333333,0.0,5299
0.44166666666666665,0.0,5300
0.44175,0.0,5301
0.44183333333333336,0.0,5302
0.4419166666666667,0.0,5303
0.442,0.0,5304
0.44208333333333333,0.0,5305
0.44216666666666665,0.0,5306
0.44225,0.0,5307
0.44233333333333336,0.0,5308
0.4424166666666667,0.0,5309
0.4425,0.0,5310
0.44258333333333333,0.0,5311
0.44266666666666665,0.0,5312
0.44275,0.0,5313
0.44283333333333336,0.0,5314
0.4429166666666667,0.0,5315
0.443,0.0,5316
0.44308333333333333,0.0,5317
0.44316666666666665,0.0,5318
0.44325,0.0,5319
0.44333333333333336,0.0,5320
0.4434166666666667,0.0,5321
0.4435,0.0,5322
0.44358333333333333,0.0,5323
0.44366666666666665,0.0,5324
0.44375,0.0,5325
0.44383333333333336,0.0,5326
0.4439166666666667,0.0,5327
0.444,0.0,5328
0.44408333333333333,0.0,5329
0.44416666666666665,0.0,5330
0.44425,0.0,5331
0.44433333333333336,0.0,5332
0.4444166666666667,0.0,5333
0.4445,0.0,5334
0.44458333333333333,0.0,5335
0.44466666666666665,0.0,5336
0.44475,0.0,5337
0.44483333333333336,0.0,5338
0.4449166666666667,0.0,5339
0.445,0.0,5340
0.44508333333333333,0.0,5341
0.44516666666666665,0.0,5342
0.44525,0.0,5343
0.44533333333333336,0.0,5344
0.4454166666666667,0.0,5345
0.4455,0.0,5346
0.44558333333333333,0.0,5347
0.44566666666666666,0.0,5348
0.44575,0.0,5349
0.44583333333333336,0.0,5350
0.4459166666666667,0.0,5351
0.446,0.0,5352
0.44608333333333333,0.0,5353
0.44616666666666666,0.0,5354
0.44625,0.0,5355
0.44633333333333336,0.0,5356
0.4464166666666667,0.0,5357
0.4465,0.0,5358
0.44658333333333333,0.0,5359
0.44666666666666666,0.0,5360
0.44675,0.0,5361
0.44683333333333336,0.0,5362
0.4469166666666667,0.0,5363
0.447,0.0,5364
0.44708333333333333,0.0,5365
0.44716666666666666,0.0,5366
0.44725,0.0,5367
0.44733333333333336,0.0,5368
0.4474166666666667,0.0,5369
0.4475,0.0,5370
0.44758333333333333,0.0,5371
0.44766666666666666,0.0,5372
0.44775,0.0,5373
0.44783333333333336,0.0,5374
0.4479166666666667,0.0,5375
0.448,0.0,5376
0.44808333333333333,0.0,5377
0.44816666666666666,0.0,5378
0.44825,0.0,5379
0.4483333333333333,0.0,5380
0.4484166666666667,0.0,5381
0.4485,0.0,5382
0.44858333333333333,0.0,5383
0.44866666666666666,0.0,5384
0.44875,0.0,5385
0.4488333333333333,0.0,5386
0.4489166666666667,0.0,5387
0.449,0.0,5388
0.44908333333333333,0.0,5389
0.44916666666666666,0.0,5390
0.44925,0.0,5391
0.4493333333333333,0.0,5392
0.4494166666666667,0.0,5393
0.4495,0.0,5394
0.44958333333333333,0.0,5395
0.44966666666666666,0.0,5396
0.44975,0.0,5397
0.4498333333333333,0.0,5398
0.4499166666666667,0.0,5399
0.45,0.0,5400
0.45008333333333334,0.0,5401
0.45016666666666666,0.0,5402
0.45025,0.0,5403
0.4503333333333333,0.0,5404
0.4504166666666667,0.0,5405
0.4505,0.0,5406
0.45058333333333334,0.0,5407
0.45066666666666666,0.0,5408
0.45075,0.0,5409
0.4508333333333333,0.0,5410
0.4509166666666667,0.0,5411
0.451,0.0,5412
0.45108333333333334,0.0,5413
0.45116666666666666,0.0,5414
0.45125,0.0,5415
0.4513333333333333,0.0,5416
0.4514166666666667,0.0,5417
0.4515,0.0,5418
0.45158333333333334,0.0,5419
0.45166666666666666,0.0,5420
0.45175,0.0,5421
0.4518333333333333,0.0,5422
0.4519166666666667,0.0,5423
0.452,0.0,5424
0.45208333333333334,0.0,5425
0.45216666666666666,0.0,5426
0.45225,0.0,5427
0.4523333333333333,0.0,5428
0.4524166666666667,0.0,5429
0.4525,0.0,5430
0.45258333333333334,0.0,5431
0.45266666666666666,0.0,5432
0.45275,0.0,5433
0.4528333333333333,0.0,5434
0.4529166666666667,0.0,5435
0.453,0.0,5436
0.45308333333333334,0.0,5437
0.45316666666666666,0.0,5438
0.45325,0.0,5439
0.4533333333333333,0.0,5440
0.4534166666666667,0.0,5441
0.4535,0.0,5442
0.45358333333333334,0.0,5443
0.45366666666666666,0.0,5444
0.45375,0.0,5445
0.4538333333333333,0.0,5446
0.4539166666666667,0.0,5447
0.454,0.0,5448
0.45408333333333334,0.0,5449
0.45416666666666666,0.0,5450
0.45425,0.0,5451
0.4543333333333333,0.0,5452
0.4544166666666667,0.0,5453
0.4545,0.0,5454
0.45458333333333334,0.0,5455
0.45466666666666666,0.0,5456
0.45475,0.0,5457
0.4548333333333333,0.0,5458
0.4549166666666667,0.0,5459
0.455,0.0,5460
0.45508333333333334,0.0,5461
0.45516666666666666,0.0,5462
0.45525,0.0,5463
0.4553333333333333,0.0,5464
0.4554166666666667,0.0,5465
0.4555,0.0,5466
0.45558333333333334,0.0,5467
0.45566666666666666,0.0,5468
0.45575,0.0,5469
0.4558333333333333,0.0,5470
0.4559166666666667,0.0,5471
0.456,0.0,5472
0.45608333333333334,0.0,5473
0.45616666666666666,0.0,5474
0.45625,0.0,5475
0.4563333333333333,0.0,5476
0.4564166666666667,0.0,5477
0.4565,0.0,5478
0.45658333333333334,0.0,5479
0.45666666666666667,0.0,5480
0.45675,0.0,5481
0.4568333333333333,0.0,5482
0.4569166666666667,0.0,5483
0.457,0.0,5484
0.45708333333333334,0.0,5485
0.45716666666666667,0.0,5486
0.45725,0.0,5487
0.4573333333333333,0.0,5488
0.4574166666666667,0.0,5489
0.4575,0.0,5490
0.45758333333333334,0.0,5491
0.45766666666666667,0.0,5492
0.45775,0.0,5493
0.4578333333333333,0.0,5494
0.4579166666666667,0.0,5495
0.458,0.0,5496
0.45808333333333334,0.0,5497
0.45816666666666667,0.0,5498
0.45825,0.0,5499
0.4583333333333333,0.0,5500
0.45841666666666664,0.0,5501
0.4585,0.0,5502
0.45858333333333334,0.0,5503
0.45866666666666667,0.0,5504
0.45875,0.0,5505
0.4588333333333333,0.0,5506
0.45891666666666664,0.0,5507
0.459,0.0,5508
0.45908333333333334,0.0,5509
0.45916666666666667,0.0,5510
0.45925,0.0,5511
0.4593333333333333,0.0,5512
0.45941666666666664,0.0,5513
0.4595,0.0,5514
0.45958333333333334,0.0,5515
0.45966666666666667,0.0,5516
0.45975,0.0,5517
0.4598333333333333,0.0,5518
0.45991666666666664,0.0,5519
0.46,0.0,5520
0.46008333333333334,0.0,5521
0.46016666666666667,0.0,5522
0.46025,0.0,5523
0.4603333333333333,0.0,5524
0.46041666666666664,0.0,5525
0.4605,0.0,5526
0.46058333333333334,0.0,5527
0.46066666666666667,0.0,5528
0.46075,0.0,5529
0.4608333333333333,0.0,5530
0.46091666666666664,0.0,5531
0.461,0.0,5532
0.46108333333333335,0.0,5533
0.46116666666666667,0.0,5534
0.46125,0.0,5535
0.4613333333333333,0.0,5536
0.46141666666666664,0.0,5537
0.4615,0.0,5538
0.46158333333333335,0.0,5539
0.46166666666666667,0.0,5540
0.46175,0.0,5541
0.4618333333333333,0.0,5542
0.46191666666666664,0.0,5543
0.462,0.0,5544
0.46208333333333335,0.0,5545
0.46216666666666667,0.0,5546
0.46225,0.0,5547
0.4623333333333333,0.0,5548
0.46241666666666664,0.0,5549
0.4625,0.0,5550
0.46258333333333335,0.0,5551
0.46266666666666667,0.0,5552
0.46275,0.0,5553
0.4628333333333333,0.0,5554
0.46291666666666664,0.0,5555
0.463,0.0,5556
0.46308333333333335,0.0,5557
0.46316666666666667,0.0,5558
0.46325,0.0,5559
0.4633333333333333,0.0,5560
0.46341666666666664,0.0,5561
0.4635,0.0,5562
0.46358333333333335,0.0,5563
0.46366666666666667,0.0,5564
0.46375,0.0,5565
0.4638333333333333,0.0,5566
0.46391666666666664,0.0,5567
0.464,0.0,5568
0.46408333333333335,0.0,5569
0.46416666666666667,0.0,5570
0.46425,0.0,5571
0.4643333333333333,0.0,5572
0.46441666666666664,0.0,5573
0.4645,0.0,5574
0.46458333333333335,0.0,5575
0.4646666666666667,0.0,5576
0.46475,0.0,5577
0.4648333333333333,0.0,5578
0.46491666666666664,0.0,5579
0.465,0.0,5580
0.46508333333333335,0.0,5581
0.4651666666666667,0.0,5582
0.46525,0.0,5583
0.4653333333333333,0.0,5584
0.46541666666666665,0.0,5585
0.4655,0.0,5586
0.46558333333333335,0.0,5587
0.4656666666666667,0.0,5588
0.46575,0.0,5589
0.4658333333333333,0.0,5590
0.46591666666666665,0.0,5591
0.466,0.0,5592
0.46608333333333335,0.0,5593
0.4661666666666667,0.0,5594
0.46625,0.0,5595
0.4663333333333333,0.0,5596
0.46641666666666665,0.0,5597
0.4665,0.0,5598
0.46658333333333335,0.0,5599
0.4666666666666667,0.0,5600
0.46675,0.0,5601
0.4668333333333333,0.0,5602
0.46691666666666665,0.0,5603
0.467,0.0,5604
0.46708333333333335,0.0,5605
0.4671666666666667,0.0,5606
0.46725,0.0,5607
0.4673333333333333,0.0,5608
0.46741666666666665,0.0,5609
0.4675,0.0,5610
0.46758333333333335,0.0,5611
0.4676666666666667,0.0,5612
0.46775,0.0,5613
0.4678333333333333,0.0,5614
0.46791666666666665,0.0,5615
0.468,0.0,5616
0.46808333333333335,0.0,5617
0.4681666666666667,0.0,5618
0.46825,0.0,5619
0.4683333333333333,0.0,5620
0.46841666666666665,0.0,5621
0.4685,0.0,5622
0.46858333333333335,0.0,5623
0.4686666666666667,0.0,5624
0.46875,0.0,5625
0.4688333333333333,0.0,5626
0.46891666666666665,0.0,5627
0.469,0.0,5628
0.46908333333333335,0.0,5629
0.4691666666666667,0.0,5630
0.46925,0.0,5631
0.4693333333333333,0.0,5632
0.46941666666666665,0.0,5633
0.4695,0.0,5634
0.46958333333333335,0.0,5635
0.4696666666666667,0.0,5636
0.46975,0.0,5637
0.4698333333333333,0.0,5638
0.46991666666666665,0.0,5639
0.47,0.0,5640
0.47008333333333335,0.0,5641
0.4701666666666667,0.0,5642
0.47025,0.0,5643
0.4703333333333333,0.0,5644
0.47041666666666665,0.0,5645
0.4705,0.0,5646
0.47058333333333335,0.0,5647
0.4706666666666667,0.0,5648
0.47075,0.0,5649
0.4708333333333333,0.0,5650
0.47091666666666665,0.0,5651
0.471,0.0,5652
0.47108333333333335,0.0,5653
0.4711666666666667,0.0,5654
0.47125,0.0,5655
0.4713333333333333,0.0,5656
0.47141666666666665,0.0,5657
0.4715,0.0,5658
0.47158333333333335,0.0,5659
0.4716666666666667,0.0,5660
0.47175,0.0,5661
0.4718333333333333,0.0,5662
0.47191666666666665,0.0,5663
0.472,0.0,5664
0.47208333333333335,0.0,5665
0.4721666666666667,0.0,5666
0.47225,0.0,5667
0.4723333333333333,0.0,5668
0.47241666666666665,0.0,5669
0.4725,0.0,5670
0.47258333333333336,0.0,5671
0.4726666666666667,0.0,5672
0.47275,0.0,5673
0.4728333333333333,0.0,5674
0.47291666666666665,0.0,5675
0.473,0.0,5676
0.47308333333333336,0.0,5677
0.4731666666666667,0.0,5678
0.47325,0.0,5679
0.47333333333333333,0.0,5680
0.47341666666666665,0.0,5681
0.4735,0.0,5682
0.47358333333333336,0.0,5683
0.4736666666666667,0.0,5684
0.47375,0.0,5685
0.47383333333333333,0.0,5686
0.47391666666666665,0.0,5687
0.474,0.0,5688
0.47408333333333336,0.0,5689
0.4741666666666667,0.0,5690
0.47425,0.0,5691
0.47433333333333333,0.0,5692
0.47441666666666665,0.0,5693
0.4745,0.0,5694
0.47458333333333336,0.0,5695
0.4746666666666667,0.0,5696
0.47475,0.0,5697
0.47483333333333333,0.0,5698
0.47491666666666665,0.0,5699
0.475,0.0,5700
0.47508333333333336,0.0,5701
0.4751666666666667,0.0,5702
0.47525,0.0,5703
0.47533333333333333,0.0,5704
0.47541666666666665,0.0,5705
0.4755,0.0,5706
0.47558333333333336,0.0,5707
0.4756666666666667,0.0,5708
0.47575,0.0,5709
0.47583333333333333,0.0,5710
0.47591666666666665,0.0,5711
0.476,0.0,5712
0.47608333333333336,0.0,5713
0.4761666666666667,0.0,5714
0.47625,0.0,5715
0.47633333333333333,0.0,5716
0.47641666666666665,0.0,5717
0.4765,0.0,5718
0.47658333333333336,0.0,5719
0.4766666666666667,0.0,5720
0.47675,0.0,5721
0.47683333333333333,0.0,5722
0.47691666666666666,0.0,5723
0.477,0.0,5724
0.47708333333333336,0.0,5725
0.4771666666666667,0.0,5726
0.47725,0.0,5727
0.47733333333333333,0.0,5728
0.47741666666666666,0.0,5729
0.4775,0.0,5730
0.47758333333333336,0.0,5731
0.4776666666666667,0.0,5732
0.47775,0.0,5733
0.47783333333333333,0.0,5734
0.47791666666666666,0.0,5735
0.478,0.0,5736
0.47808333333333336,0.0,5737
0.4781666666666667,0.0,5738
0.47825,0.0,5739
0.47833333333333333,0.0,5740
0.47841666666666666,0.0,5741
0.4785,0.0,5742
0.47858333333333336,0.0,5743
0.4786666666666667,0.0,5744
0.47875,0.0,5745
0.47883333333333333,0.0,5746
0.47891666666666666,0.0,5747
0.479,0.0,5748
0.47908333333333336,0.0,5749
0.4791666666666667,0.0,5750
0.47925,0.0,5751
0.47933333333333333,0.0,5752
0.47941666666666666,0.0,5753
0.4795,0.0,5754
0.4795833333333333,0.0,5755
0.4796666666666667,0.0,5756
0.47975,0.0,5757
0.47983333333333333,0.0,5758
0.47991666666666666,0.0,5759
0.48,0.0,5760
0.4800833333333333,0.0,5761
0.4801666666666667,0.0,5762
0.48025,0.0,5763
0.48033333333333333,0.0,5764
0.48041666666666666,0.0,5765
0.4805,0.0,5766
0.4805833333333333,0.0,5767
0.4806666666666667,0.0,5768
0.48075,0.0,5769
0.48083333333333333,0.0,5770
0.48091666666666666,0.0,5771
0.481,0.0,5772
0.4810833333333333,0.0,5773
0.4811666666666667,0.0,5774
0.48125,0.0,5775
0.48133333333333334,0.0,5776
0.48141666666666666,0.0,5777
0.4815,0.0,5778
0.4815833333333333,0.0,5779
0.4816666666666667,0.0,5780
0.48175,0.0,5781
0.48183333333333334,0.0,5782
0.48191666666666666,0.0,5783
0.482,0.0,5784
0.4820833333333333,0.0,5785
0.4821666666666667,0.0,5786
0.48225,0.0,5787
0.48233333333333334,0.0,5788
0.48241666666666666,0.0,5789
0.4825,0.0,5790
0.4825833333333333,0.0,5791
0.4826666666666667,0.0,5792
0.48275,0.0,5793
0.48283333333333334,0.0,5794
0.48291666666666666,0.0,5795
0.483,0.0,5796
0.4830833333333333,0.0,5797
0.4831666666666667,0.0,5798
0.48325,0.0,5799
0.48333333333333334,0.0,5800
0.48341666666666666,0.0,5801
0.4835,0.0,5802
0.4835833333333333,0.0,5803
0.4836666666666667,0.0,5804
0.48375,0.0,5805
0.48383333333333334,0.0,5806
0.48391666666666666,0.0,5807
0.484,0.0,5808
0.4840833333333333,0.0,5809
0.4841666666666667,0.0,5810
0.48425,0.0,5811
0.48433333333333334,0.0,5812
0.48441666666666666,0.0,5813
0.4845,0.0,5814
0.4845833333333333,0.0,5815
0.4846666666666667,0.0,5816
0.48475,0.0,5817
0.48483333333333334,0.0,5818
0.48491666666666666,0.0,5819
0.485,0.0,5820
0.4850833333333333,0.0,5821
0.4851666666666667,0.0,5822
0.48525,0.0,5823
0.48533333333333334,0.0,5824
0.48541666666666666,0.0,5825
0.4855,0.0,5826
0.4855833333333333,0.0,5827
0.4856666666666667,0.0,5828
0.48575,0.0,5829
0.48583333333333334,0.0,5830
0.48591666666666666,0.0,5831
0.486,0.0,5832
0.4860833333333333,0.0,5833
0.4861666666666667,0.0,5834
0.48625,0.0,5835
0.48633333333333334,0.0,5836
0.48641666666666666,0.0,5837
0.4865,0.0,5838
0.4865833333333333,0.0,5839
0.4866666666666667,0.0,5840
0.48675,0.0,5841
0.48683333333333334,0.0,5842
0.48691666666666666,0.0,5843
0.487,0.0,5844
0.4870833333333333,0.0,5845
0.4871666666666667,0.0,5846
0.48725,0.0,5847
0.48733333333333334,0.0,5848
0.48741666666666666,0.0,5849
0.4875,0.0,5850
0.4875833333333333,0.0,5851
0.4876666666666667,0.0,5852
0.48775,0.0,5853
0.48783333333333334,0.0,5854
0.48791666666666667,0.0,5855
0.488,0.0,5856
0.4880833333333333,0.0,5857
0.4881666666666667,0.0,5858
0.48825,0.0,5859
0.48833333333333334,0.0,5860
0.48841666666666667,0.0,5861
0.4885,0.0,5862
0.4885833333333333,0.0,5863
0.4886666666666667,0.0,5864
0.48875,0.0,5865
0.48883333333333334,0.0,5866
0.48891666666666667,0.0,5867
0.489,0.0,5868
0.4890833333333333,0.0,5869
0.4891666666666667,0.0,5870
0.48925,0.0,5871
0.48933333333333334,0.0,5872
0.48941666666666667,0.0,5873
0.4895,0.0,5874
0.4895833333333333,0.0,5875
0.48966666666666664,0.0,5876
0.48975,0.0,5877
0.48983333333333334,0.0,5878
0.48991666666666667,0.0,5879
0.49,0.0,5880
0.4900833333333333,0.0,5881
0.49016666666666664,0.0,5882
0.49025,0.0,5883
0.49033333333333334,0.0,5884
0.49041666666666667,0.0,5885
0.4905,0.0,5886
0.4905833333333333,0.0,5887
0.49066666666666664,0.0,5888
0.49075,0.0,5889
0.49083333333333334,0.0,5890
0.49091666666666667,0.0,5891
0.491,0.0,5892
0.4910833333333333,0.0,5893
0.49116666666666664,0.0,5894
0.49125,0.0,5895
0.49133333333333334,0.0,5896
0.49141666666666667,0.0,5897
0.4915,0.0,5898
0.4915833333333333,0.0,5899
0.49166666666666664,0.0,5900
0.49175,0.0,5901
0.49183333333333334,0.0,5902
0.49191666666666667,0.0,5903
0.492,0.0,5904
0.4920833333333333,0.0,5905
0.49216666666666664,0.0,5906
0.49225,0.0,5907
0.49233333333333335,0.0,5908
0.49241666666666667,0.0,5909
0.4925,0.0,5910
0.4925833333333333,0.0,5911
0.49266666666666664,0.0,5912
0.49275,0.0,5913
0.49283333333333335,0.0,5914
0.49291666666666667,0.0,5915
0.493,0.0,5916
0.4930833333333333,0.0,5917
0.49316666666666664,0.0,5918
0.49325,0.0,5919
0.49333333333333335,0.0,5920
0.49341666666666667,0.0,5921
0.4935,0.0,5922
0.4935833333333333,0.0,5923
0.49366666666666664,0.0,5924
0.49375,0.0,5925
0.49383333333333335,0.0,5926
0.49391666666666667,0.0,5927
0.494,0.0,5928
0.4940833333333333,0.0,5929
0.49416666666666664,0.0,5930
0.49425,0.0,5931
0.49433333333333335,0.0,5932
0.49441666666666667,0.0,5933
0.4945,0.0,5934
0.4945833333333333,0.0,5935
0.49466666666666664,0.0,5936
0.49475,0.0,5937
0.49483333333333335,0.0,5938
0.49491666666666667,0.0,5939
0.495,0.0,5940
0.4950833333333333,0.0,5941
0.49516666666666664,0.0,5942
0.49525,0.0,5943
0.49533333333333335,0.0,5944
0.49541666666666667,0.0,5945
0.4955,0.0,5946
0.4955833333333333,0.0,5947
0.49566666666666664,0.0,5948
0.49575,0.0,5949
0.49583333333333335,0.0,5950
0.4959166666666667,0.0,5951
0.496,0.0,5952
0.4960833333333333,0.0,5953
0.49616666666666664,0.0,5954
0.49625,0.0,5955
0.49633333333333335,0.0,5956
0.4964166666666667,0.0,5957
0.4965,0.0,5958
0.4965833333333333,0.0,5959
0.49666666666666665,0.0,5960
0.49675,0.0,5961
0.49683333333333335,0.0,5962
0.4969166666666667,0.0,5963
0.497,0.0,5964
0.4970833333333333,0.0,5965
0.49716666666666665,0.0,5966
0.49725,0.0,5967
0.49733333333333335,0.0,5968
0.4974166666666667,0.0,5969
0.4975,0.0,5970
0.4975833333333333,0.0,5971
0.49766666666666665,0.0,5972
0.49775,0.0,5973
0.49783333333333335,0.0,5974
0.4979166666666667,0.0,5975
0.498,0.0,5976
0.4980833333333333,0.0,5977
0.49816666666666665,0.0,5978
0.49825,0.0,5979
0.49833333333333335,0.0,5980
0.4984166666666667,0.0,5981
0.4985,0.0,5982
0.4985833333333333,0.0,5983
0.49866666666666665,0.0,5984
0.49875,0.0,5985
0.49883333333333335,0.0,5986
0.4989166666666667,0.0,5987
0.499,0.0,5988
0.4990833333333333,0.0,5989
0.49916666666666665,0.0,5990
0.49925,0.0,5991
0.49933333333333335,0.0,5992
0.4994166666666667,0.0,5993
0.4995,0.0,5994
0.4995833333333333,0.0,5995
0.49966666666666665,0.0,5996
0.49975,0.0,5997
0.49983333333333335,0.0,5998
0.4999166666666667,0.0,5999
0.5,0.0,6000
0.5000833333333333,0.0,6001
0.5001666666666666,0.0,6002
0.50025,0.0,6003
0.5003333333333333,0.0,6004
0.5004166666666666,0.0,6005
0.5005,0.0,6006
0.5005833333333334,0.0,6007
0.5006666666666667,0.0,6008
0.50075,0.0,6009
0.5008333333333334,0.0,6010
0.5009166666666667,0.0,6011
0.501,0.0,6012
0.5010833333333333,0.0,6013
0.5011666666666666,0.0,6014
0.50125,0.0,6015
0.5013333333333333,0.0,6016
0.5014166666666666,0.0,6017
0.5015,0.0,6018
0.5015833333333334,0.0,6019
0.5016666666666667,0.0,6020
0.50175,0.0,6021
0.5018333333333334,0.0,6022
0.5019166666666667,0.0,6023
0.502,0.0,6024
0.5020833333333333,0.0,6025
0.5021666666666667,0.0,6026
0.50225,0.0,6027
0.5023333333333333,0.0,6028
0.5024166666666666,0.0,6029
0.5025,0.0,6030
0.5025833333333334,0.0,6031
0.5026666666666667,0.0,6032
0.50275,0.0,6033
0.5028333333333334,0.0,6034
0.5029166666666667,0.0,6035
0.503,0.0,6036
0.5030833333333333,0.0,6037
0.5031666666666667,0.0,6038
0.50325,0.0,6039
0.5033333333333333,0.0,6040
0.5034166666666666,0.0,6041
0.5035,0.0,6042
0.5035833333333334,0.0,6043
0.5036666666666667,0.0,6044
0.50375,0.0,6045
0.5038333333333334,0.0,6046
0.5039166666666667,0.0,6047
0.504,0.0,6048
0.5040833333333333,0.0,6049
0.5041666666666667,0.0,6050
0.50425,0.0,6051
0.5043333333333333,0.0,6052
0.5044166666666666,0.0,6053
0.5045,0.0,6054
0.5045833333333334,0.0,6055
0.5046666666666667,0.0,6056
0.50475,0.0,6057
0.5048333333333334,0.0,6058
0.5049166666666667,0.0,6059
0.505,0.0,6060
0.5050833333333333,0.0,6061
0.5051666666666667,0.0,6062
0.50525,0.0,6063
0.5053333333333333,0.0,6064
0.5054166666666666,0.0,6065
0.5055,0.0,6066
0.5055833333333334,0.0,6067
0.5056666666666667,0.0,6068
0.50575,0.0,6069
0.5058333333333334,0.0,6070
0.5059166666666667,0.0,6071
0.506,0.0,6072
0.5060833333333333,0.0,6073
0.5061666666666667,0.0,6074
0.50625,0.0,6075
0.5063333333333333,0.0,6076
0.5064166666666666,0.0,6077
0.5065,0.0,6078
0.5065833333333334,0.0,6079
0.5066666666666667,0.0,6080
0.50675,0.0,6081
0.5068333333333334,0.0,6082
0.5069166666666667,0.0,6083
0.507,0.0,6084
0.5070833333333333,0.0,6085
0.5071666666666667,0.0,6086
0.50725,0.0,6087
0.5073333333333333,0.0,6088
0.5074166666666666,0.0,6089
0.5075,0.0,6090
0.5075833333333334,0.0,6091
0.5076666666666667,0.0,6092
0.50775,0.0,6093
0.5078333333333334,0.0,6094
0.5079166666666667,0.0,6095
0.508,0.0,6096
0.5080833333333333,0.0,6097
0.5081666666666667,0.0,6098
0.50825,0.0,6099
0.5083333333333333,0.0,6100
0.5084166666666666,0.0,6101
0.5085,0.0,6102
0.5085833333333334,0.0,6103
0.5086666666666667,0.0,6104
0.50875,0.0,6105
0.5088333333333334,0.0,6106
0.5089166666666667,0.0,6107
0.509,0.0,6108
0.5090833333333333,0.0,6109
0.5091666666666667,0.0,6110
0.50925,0.0,6111
0.5093333333333333,0.0,6112
0.5094166666666666,0.0,6113
0.5095,0.0,6114
0.5095833333333334,0.0,6115
0.5096666666666667,0.0,6116
0.50975,0.0,6117
0.5098333333333334,0.0,6118
0.5099166666666667,0.0,6119
0.51,0.0,6120
0.5100833333333333,0.0,6121
0.5101666666666667,0.0,6122
0.51025,0.0,6123
0.5103333333333333,0.0,6124
0.5104166666666666,0.0,6125
0.5105,0.0,6126
0.5105833333333333,0.0,6127
0.5106666666666667,0.0,6128
0.51075,0.0,6129
0.5108333333333334,0.0,6130
0.5109166666666667,0.0,6131
0.511,0.0,6132
0.5110833333333333,0.0,6133
0.5111666666666667,0.0,6134
0.51125,0.0,6135
0.5113333333333333,0.0,6136
0.5114166666666666,0.0,6137
0.5115,0.0,6138
0.5115833333333333,0.0,6139
0.5116666666666667,0.0,6140
0.51175,0.0,6141
0.5118333333333334,0.0,6142
0.5119166666666667,0.0,6143
0.512,0.0,6144
0.5120833333333333,0.0,6145
0.5121666666666667,0.0,6146
0.51225,0.0,6147
0.5123333333333333,0.0,6148
0.5124166666666666,0.0,6149
0.5125,0.0,6150
0.5125833333333333,0.0,6151
0.5126666666666667,0.0,6152
0.51275,0.0,6153
0.5128333333333334,0.0,6154
0.5129166666666667,0.0,6155
0.513,0.0,6156
0.5130833333333333,0.0,6157
0.5131666666666667,0.0,6158
0.51325,0.0,6159
0.5133333333333333,0.0,6160
0.5134166666666666,0.0,6161
0.5135,0.0,6162
0.5135833333333333,0.0,6163
0.5136666666666667,0.0,6164
0.51375,0.0,6165
0.5138333333333334,0.0,6166
0.5139166666666667,0.0,6167
0.514,0.0,6168
0.5140833333333333,0.0,6169
0.5141666666666667,0.0,6170
0.51425,0.0,6171
0.5143333333333333,0.0,6172
0.5144166666666666,0.0,6173
0.5145,0.0,6174
0.5145833333333333,0.0,6175
0.5146666666666667,0.0,6176
0.51475,0.0,6177
0.5148333333333334,0.0,6178
0.5149166666666667,0.0,6179
0.515,0.0,6180
0.5150833333333333,0.0,6181
0.5151666666666667,0.0,6182
0.51525,0.0,6183
0.5153333333333333,0.0,6184
0.5154166666666666,0.0,6185
0.5155,0.0,6186
0.5155833333333333,0.0,6187
0.5156666666666667,0.0,6188
0.51575,0.0,6189
0.5158333333333334,0.0,6190
0.5159166666666667,0.0,6191
0.516,0.0,6192
0.5160833333333333,0.0,6193
0.5161666666666667,0.0,6194
0.51625,0.0,6195
0.5163333333333333,0.0,6196
0.5164166666666666,0.0,6197
0.5165,0.0,6198
0.5165833333333333,0.00016131634134537829,6199
0.5166666666666667,0.00016129032258064516,6200
0.51675,0.00016126431220770844,6201
0.5168333333333334,0.00016123831022250886,6202
0.5169166666666667,0.00016121231662098983,6203
0.517,0.00016118633139909736,6204
0.5170833333333333,0.00016116035455278002,6205
0.5171666666666667,0.00016113438607798906,6206
0.51725,0.00016110842597067828,6207
0.5173333333333333,0.00016108247422680412,6208
0.5174166666666666,0.00016105653084232566,6209
0.5175,0.00016103059581320451,6210
0.5175833333333333,0.00016100466913540493,6211
0.5176666666666667,0.00016097875080489375,6212
0.51775,0.00016095284081764043,6213
0.5178333333333334,0.000160926939169617,6214
0.5179166666666667,0.00016090104585679806,6215
0.518,0.00016087516087516087,6216
0.5180833333333333,0.00016084928422068523,6217
0.5181666666666667,0.0001608234158893535,6218
0.51825,0.00016079755587715066,6219
0.5183333333333333,0.0001607717041800643,6220
0.5184166666666666,0.00016074586079408456,6221
0.5185,0.0001607200257152041,6222
0.5185833333333333,0.0001606941989394183,6223
0.5186666666666667,0.00016066838046272492,6224
0.51875,0.0001606425702811245,6225
0.5188333333333334,0.00016061676839062,6226
0.5189166666666667,0.00016059097478721696,6227
0.519,0.00016056518946692356,6228
0.5190833333333333,0.00016053941242575052,6229
0.5191666666666667,0.00016051364365971107,6230
0.51925,0.00016048788316482104,6231
0.5193333333333333,0.00016046213093709883,6232
0.5194166666666666,0.00016043638697256537,6233
0.5195,0.00016041065126724414,6234
0.5195833333333333,0.00016038492381716118,6235
0.5196666666666667,0.00016035920461834508,6236
0.51975,0.000160333493666827,6237
0.5198333333333334,0.0001603077909586406,6238
0.5199166666666667,0.00016028209648982208,6239
0.52,0.00016025641025641026,6240
0.5200833333333333,0.0001602307322544464,6241
0.5201666666666667,0.00016020506247997436,6242
0.52025,0.00016017940092904052,6243
0.5203333333333333,0.00016015374759769378,6244
0.5204166666666666,0.0001601281024819856,6245
0.5205,0.0001601024655779699,6246
0.5205833333333333,0.00016007683688170322,6247
0.5206666666666667,0.00016005121638924455,6248
0.52075,0.00016002560409665546,6249
0.5208333333333334,0.00016,6250
0.5209166666666667,0.00015997440409534473,6251
0.521,0.0001599488163787588,6252
0.5210833333333333,0.00015992323684631377,6253
0.5211666666666667,0.0001598976654940838,6254
0.52125,0.0001598721023181455,6255
0.5213333333333333,0.00015984654731457802,6256
0.5214166666666666,0.000159821000479463,6257
0.5215,0.00015979546180888463,6258
0.5215833333333333,0.00015976993129892953,6259
0.5216666666666666,0.0001597444089456869,6260
0.52175,0.00015971889474524837,6261
0.5218333333333334,0.00015969338869370808,6262
0.5219166666666667,0.0001596678907871627,6263
0.522,0.00015964240102171138,6264
0.5220833333333333,0.0001596169193934557,6265
0.5221666666666667,0.00015959144589849984,6266
0.52225,0.00015956598053295037,6267
0.5223333333333333,0.0001595405232929164,6268
0.5224166666666666,0.0001595150741745095,6269
0.5225,0.0001594896331738437,6270
0.5225833333333333,0.00015946420028703555,6271
0.5226666666666666,0.00015943877551020407,6272
0.52275,0.00015941335883947074,6273
0.5228333333333334,0.0001593879502709595,6274
0.5229166666666667,0.00015936254980079682,6275
0.523,0.00015933715742511153,6276
0.5230833333333333,0.00015931177314003505,6277
0.5231666666666667,0.00015928639694170118,6278
0.52325,0.00015926102882624622,6279
0.5233333333333333,0.0001592356687898089,6280
0.5234166666666666,0.0001592103168285305,6281
0.5235,0.0001591849729385546,6282
0.5235833333333333,0.0001591596371160274,6283
0.5236666666666666,0.00015913430935709738,6284
0.52375,0.00015910898965791568,6285
0.5238333333333334,0.0001590836780146357,6286
0.5239166666666667,0.0001590583744234134,6287
0.524,0.00015903307888040714,6288
0.5240833333333333,0.0001590077913817777,6289
0.5241666666666667,0.0001589825119236884,6290
0.52425,0.00015895724050230488,6291
0.5243333333333333,0.0001589319771137953,6292
0.5244166666666666,0.0001589067217543302,6293
0.5245,0.00015888147442008263,6294
0.5245833333333333,0.00015885623510722796,6295
0.5246666666666666,0.0001588310038119441,6296
0.52475,0.0001588057805304113,6297
0.5248333333333334,0.00015878056525881233,6298
0.5249166666666667,0.00015875535799333228,6299
0.525,0.00015873015873015873,6300
0.5250833333333333,0.00015870496746548166,6301
0.5251666666666667,0.00015867978419549348,6302
0.52525,0.00015865460891638903,6303
0.5253333333333333,0.00015862944162436547,6304
0.5254166666666666,0.00015860428231562253,6305
0.5255,0.0001585791309863622,6306
0.5255833333333333,0.00015855398763278897,6307
0.5256666666666666,0.0001585288522511097,6308
0.52575,0.0001585037248375337,6309
0.5258333333333334,0.0001584786053882726,6310
0.5259166666666667,0.00015845349389954048,6311
0.526,0.00015842839036755386,6312
0.5260833333333333,0.0001584032947885316,6313
0.5261666666666667,0.00015837820715869496,6314
0.52625,0.00015835312747426763,6315
0.5263333333333333,0.00015832805573147562,6316
0.5264166666666666,0.00015830299192654741,6317
0.5265,0.00015827793605571383,6318
0.5265833333333333,0.0001582528881152081,6319
0.5266666666666666,0.00015822784810126583,6320
0.52675,0.00015820281601012498,6321
0.5268333333333334,0.00015817779183802593,6322
0.5269166666666667,0.00015815277558121145,6323
0.527,0.00015812776723592663,6324
0.5270833333333333,0.00015810276679841898,6325
0.5271666666666667,0.00015807777426493836,6326
0.52725,0.000158052789631737,6327
0.5273333333333333,0.00015802781289506955,6328
0.5274166666666666,0.00015800284405119292,6329
0.5275,0.0001579778830963665,6330
0.5275833333333333,0.000157952930026852,6331
0.5276666666666666,0.00015792798483891344,6332
0.52775,0.00015790304752881732,6333
0.5278333333333334,0.00015787811809283233,6334
0.5279166666666667,0.00015785319652722967,6335
0.528,0.00015782828282828284,6336
0.5280833333333333,0.00015780337699226762,6337
0.5281666666666667,0.0001577784790154623,6338
0.52825,0.00015775358889414735,6339
0.5283333333333333,0.0001577287066246057,6340
0.5284166666666666,0.00015770383220312253,6341
0.5285,0.0001576789656259855,6342
0.5285833333333333,0.00015765410688948448,6343
0.5286666666666666,0.00015762925598991173,6344
0.52875,0.00015760441292356187,6345
0.5288333333333334,0.0001575795776867318,6346
0.5289166666666667,0.00031510950055144165,6347
0.529,0.000315059861373661,6348
0.5290833333333333,0.00031501023783272954,6349
0.5291666666666667,0.00031496062992125983,6350
0.52925,0.000314911037631869,6351
0.5293333333333333,0.00031486146095717883,6352
0.5294166666666666,0.00031481189988981584,6353
0.5295,0.0003147623544224111,6354
0.5295833333333333,0.0003147128245476003,6355
0.5296666666666666,0.00031466331025802394,6356
0.52975,0.0003146138115463269,6357
0.5298333333333334,0.00031456432840515884,6358
0.5299166666666667,0.0003145148608271741,6359
0.53,0.00031446540880503143,6360
0.5300833333333334,0.00031441597233139445,6361
0.5301666666666667,0.00031436655139893113,6362
0.53025,0.0003143171460003143,6363
0.5303333333333333,0.00031426775612822125,6364
0.5304166666666666,0.00031421838177533385,6365
0.5305,0.00031416902293433867,6366
0.5305833333333333,0.00031411967959792684,6367
0.5306666666666666,0.000314070351758794,6368
0.53075,0.0003140210394096404,6369
0.5308333333333334,0.0003139717425431711,6370
0.5309166666666667,0.0003139224611520954,6371
0.531,0.00031387319522912746,6372
0.5310833333333334,0.00031382394476698575,6373
0.5311666666666667,0.00031377470975839345,6374
0.53125,0.00031372549019607844,6375
0.5313333333333333,0.0003136762860727729,6376
0.5314166666666666,0.00031362709738121374,6377
0.5315,0.00031357792411414236,6378
0.5315833333333333,0.00031352876626430476,6379
0.5316666666666666,0.00031347962382445143,6380
0.53175,0.0003134304967873374,6381
0.5318333333333334,0.00031338138514572234,6382
0.5319166666666667,0.00031333228889237035,6383
0.532,0.0003132832080200501,6384
0.5320833333333334,0.00031323414252153485,6385
0.5321666666666667,0.00031318509238960227,6386
0.53225,0.0003131360576170346,6387
0.5323333333333333,0.00031308703819661864,6388
0.5324166666666666,0.0003130380341211457,6389
0.5325,0.00031298904538341156,6390
0.5325833333333333,0.00031294007197621654,6391
0.5326666666666666,0.00031289111389236547,6392
0.53275,0.00031284217112466763,6393
0.5328333333333334,0.00031279324366593683,6394
0.5329166666666667,0.0003127443315089914,6395
0.533,0.00031269543464665416,6396
0.5330833333333334,0.0003126465530717524,6397
0.5331666666666667,0.00031259768677711783,6398
0.53325,0.0003125488357555868,6399
0.5333333333333333,0.0003125,6400
0.5334166666666667,0.0003124511795032026,6401
0.5335,0.00031240237425804435,6402
0.5335833333333333,0.00031235358425737937,6403
0.5336666666666666,0.0003123048094940662,6404
0.53375,0.000312256049960968,6405
0.5338333333333334,0.00031220730565095225,6406
0.5339166666666667,0.0003121585765568909,6407
0.534,0.00031210986267166043,6408
0.5340833333333334,0.0003120611639881417,6409
0.5341666666666667,0.00031201248049921997,6410
0.53425,0.00031196381219778506,6411
0.5343333333333333,0.00031191515907673113,6412
0.5344166666666667,0.0003118665211289568,6413
0.5345,0.0003118178983473651,6414
0.5345833333333333,0.0003117692907248636,6415
0.5346666666666666,0.0003117206982543641,6416
0.53475,0.0003116721209287829,6417
0.5348333333333334,0.0003116235587410408,6418
0.5349166666666667,0.0003115750116840629,6419
0.535,0.00031152647975077883,6420
0.5350833333333334,0.0003114779629341224,6421
0.5351666666666667,0.0003114294612270321,6422
0.53525,0.00031138097462245055,6423
0.5353333333333333,0.00031133250311332503,6424
0.5354166666666667,0.000311284046692607,6425
0.5355,0.0003112356053532524,6426
0.5355833333333333,0.00031118717908822156,6427
0.5356666666666666,0.00031113876789047915,6428
0.53575,0.00031109037175299425,6429
0.5358333333333334,0.00031104199066874026,6430
0.5359166666666667,0.00031099362463069506,6431
0.536,0.0003109452736318408,6432
0.5360833333333334,0.000310896937665164,6433
0.5361666666666667,0.00031084861672365556,6434
0.53625,0.0003108003108003108,6435
0.5363333333333333,0.00031075201988812925,6436
0.5364166666666667,0.00031070374398011494,6437
0.5365,0.00031065548306927616,6438
0.5365833333333333,0.00031060723714862557,6439
0.5366666666666666,0.00031055900621118014,6440
0.53675,0.0003105107902499612,6441
0.5368333333333334,0.0003104625892579944,6442
0.5369166666666667,0.0003104144032283098,6443
0.537,0.00031036623215394165,6444
0.5370833333333334,0.0003103180760279286,6445
0.5371666666666667,0.00031026993484331366,6446
0.53725,0.0003102218085931441,6447
0.5373333333333333,0.00031017369727047146,6448
0.5374166666666667,0.0003101256008683517,6449
0.5375,0.000310077519379845,6450
0.5375833333333333,0.0003100294527980158,6451
0.5376666666666666,0.00030998140111593303,6452
0.53775,0.0003099333643266698,6453
0.5378333333333334,0.0003098853424233034,6454
0.5379166666666667,0.00030983733539891554,6455
0.538,0.0003097893432465923,6456
0.5380833333333334,0.0003097413659594239,6457
0.5381666666666667,0.0003096934035305048,6458
0.53825,0.0003096454559529339,6459
0.5383333333333333,0.00030959752321981426,6460
0.5384166666666667,0.00030954960532425323,6461
0.5385,0.00030950170225936243,6462
0.5385833333333333,0.00030945381401825775,6463
0.5386666666666666,0.0003094059405940594,6464
0.53875,0.0003093580819798917,6465
0.5388333333333334,0.0003093102381688834,6466
0.5389166666666667,0.0003092624091541673,6467
0.539,0.00030921459492888067,6468
0.5390833333333334,0.0003091667954861648,6469
0.5391666666666667,0.0003091190108191654,6470
0.53925,0.0003090712409210323,6471
0.5393333333333333,0.00030902348578491963,6472
0.5394166666666667,0.0003089757454039858,6473
0.5395,0.00030892801977139327,6474
0.5395833333333333,0.0003088803088803089,6475
0.5396666666666666,0.00030883261272390367,6476
0.53975,0.0003087849312953528,6477
0.5398333333333334,0.00030873726458783575,6478
0.5399166666666667,0.0003086896125945362,6479
0.54,0.00030864197530864197,6480
0.5400833333333334,0.00030859435272334514,6481
0.5401666666666667,0.000308546744831842,6482
0.54025,0.00030849915162733303,6483
0.5403333333333333,0.00030845157310302283,6484
0.5404166666666667,0.00030840400925212025,6485
0.5405,0.0003083564600678384,6486
0.5405833333333333,0.0003083089255433945,6487
0.5406666666666666,0.00030826140567200987,6488
0.54075,0.0003082139004469102,6489
0.5408333333333334,0.0003081664098613251,6490
0.5409166666666667,0.0003081189339084887,6491
0.541,0.00030807147258163895,6492
0.5410833333333334,0.00030802402587401816,6493
0.5411666666666667,0.0003079765937788728,6494
0.54125,0.00030792917628945344,6495
0.5413333333333333,0.0003078817733990148,6496
0.5414166666666667,0.00030783438510081576,6497
0.5415,0.0003077870113881194,6498
0.5415833333333333,0.00030773965225419295,6499
0.5416666666666666,0.0003076923076923077,6500
0.54175,0.00030764497769573913,6501
0.5418333333333333,0.00030759766225776686,6502
0.5419166666666667,0.00030755036137167463,6503
0.542,0.0003075030750307503,6504
0.5420833333333334,0.00030745580322828596,6505
0.5421666666666667,0.0003074085459575776,6506
0.54225,0.0003073613032119256,6507
0.5423333333333333,0.00030731407498463427,6508
0.5424166666666667,0.00030726686126901216,6509
0.5425,0.00030721966205837174,6510
0.5425833333333333,0.0003071724773460298,6511
0.5426666666666666,0.0003071253071253071,6512
0.54275,0.00030707815138952864,6513
0.5428333333333333,0.00030703101013202335,6514
0.5429166666666667,0.0003069838833461243,6515
0.543,0.0003069367710251688,6516
0.5430833333333334,0.0003068896731624981,6517
0.5431666666666667,0.0003068425897514575,6518
0.54325,0.00030679552078539653,6519
0.5433333333333333,0.00030674846625766873,6520
0.5434166666666667,0.00030670142616163164,6521
0.5435,0.00030665440049064706,6522
0.5435833333333333,0.00030660738923808065,6523
0.5436666666666666,0.00030656039239730225,6524
0.54375,0.0003065134099616858,6525
0.5438333333333333,0.00030646644192460924,6526
0.5439166666666667,0.00030641948827945457,6527
0.544,0.00030637254901960784,6528
0.5440833333333334,0.00030632562413845916,6529
0.5441666666666667,0.00030627871362940275,6530
0.54425,0.0003062318174858368,6531
0.5443333333333333,0.0003061849357011635,6532
0.5444166666666667,0.00030613806826878924,6533
0.5445,0.00030609121518212427,6534
0.5445833333333333,0.000306044376434583,6535
0.5446666666666666,0.0003059975520195838,6536
0.54475,0.0003059507419305492,6537
0.5448333333333333,0.0003059039461609055,6538
0.5449166666666667,0.0003058571647040832,6539
0.545,0.0003058103975535168,6540
0.5450833333333334,0.00030576364470264486,6541
0.5451666666666667,0.0003057169061449098,6542
0.54525,0.0003056701818737582,6543
0.5453333333333333,0.0003056234718826406,6544
0.5454166666666667,0.00030557677616501144,6545
0.5455,0.00030553009471432935,6546
0.5455833333333333,0.0003054834275240568,6547
0.5456666666666666,0.00030543677458766036,6548
0.54575,0.00030539013589861045,6549
0.5458333333333333,0.0003053435114503817,6550
0.5459166666666667,0.0003052969012364525,6551
0.546,0.00030525030525030525,6552
0.5460833333333334,0.0003052037234854265,6553
0.5461666666666667,0.0003051571559353067,6554
0.54625,0.00030511060259344014,6555
0.5463333333333333,0.0003050640634533252,6556
0.5464166666666667,0.00030501753850846426,6557
0.5465,0.0003049710277523635,6558
0.5465833333333333,0.0003049245311785333,6559
0.5466666666666666,0.0003048780487804878,6560
0.54675,0.00030483158055174517,6561
0.5468333333333333,0.00030478512648582747,6562
0.5469166666666667,0.00030473868657626083,6563
0.547,0.0003046922608165753,6564
0.5470833333333334,0.0003046458492003046,6565
0.5471666666666667,0.0003045994517209869,6566
0.54725,0.00030455306837216383,6567
0.5473333333333333,0.0003045066991473812,6568
0.5474166666666667,0.00030446034404018875,6569
0.5475,0.00030441400304414006,6570
0.5475833333333333,0.00030436767615279255,6571
0.5476666666666666,0.00030432136335970786,6572
0.54775,0.00030427506465845124,6573
0.5478333333333333,0.000304228780042592,6574
0.5479166666666667,0.0003041825095057034,6575
0.548,0.00030413625304136254,6576
0.5480833333333334,0.0003040900106431504,6577
0.5481666666666667,0.0003040437823046519,6578
0.54825,0.0003039975680194558,6579
0.5483333333333333,0.00030395136778115504,6580
0.5484166666666667,0.000303905181583346,6581
0.5485,0.00030385900941962927,6582
0.5485833333333333,0.0003038128512836093,6583
0.5486666666666666,0.00030376670716889426,6584
0.54875,0.00030372057706909645,6585
0.5488333333333333,0.0003036744609778318,6586
0.5489166666666667,0.0003036283588887202,6587
0.549,0.00030358227079538557,6588
0.5490833333333334,0.00030353619669145547,6589
0.5491666666666667,0.00030349013657056146,6590
0.54925,0.00030344409042633893,6591
0.5493333333333333,0.00030339805825242716,6592
0.5494166666666667,0.0003033520400424693,6593
0.5495,0.00030330603579011223,6594
0.5495833333333333,0.00030326004548900684,6595
0.5496666666666666,0.00030321406913280777,6596
0.54975,0.00030316810671517357,6597
0.5498333333333333,0.0003031221582297666,6598
0.5499166666666667,0.00030307622367025305,6599
0.55,0.00030303030303030303,6600
0.5500833333333334,0.0003029843963035904,6601
0.5501666666666667,0.0003029385034837928,6602
0.55025,0.00030289262456459186,6603
0.5503333333333333,0.0003028467595396729,6604
0.5504166666666667,0.0003028009084027252,6605
0.5505,0.0003027550711474417,6606
0.5505833333333333,0.0003027092477675193,6607
0.5506666666666666,0.0003026634382566586,6608
0.55075,0.0003026176426085641,6609
0.5508333333333333,0.000302571860816944,6610
0.5509166666666667,0.0003025260928755105,6611
0.551,0.00030248033877797946,6612
0.5510833333333334,0.00030243459851807047,6613
0.5511666666666667,0.0003023888720895071,6614
0.55125,0.0003023431594860166,6615
0.5513333333333333,0.0003022974607013301,6616
0.5514166666666667,0.0003022517757291824,6617
0.5515,0.0003022061045633122,6618
0.5515833333333333,0.00030216044719746184,6619
0.5516666666666666,0.00030211480362537764,6620
0.55175,0.00030206917384080956,6621
0.5518333333333333,0.0003020235578375113,6622
0.5519166666666667,0.00030197795560924054,6623
0.552,0.00030193236714975844,6624
0.5520833333333334,0.0003018867924528302,6625
0.5521666666666667,0.00030184123151222455,6626
0.55225,0.0003017956843217142,6627
0.5523333333333333,0.00030175015087507544,6628
0.5524166666666667,0.0003017046311660884,6629
0.5525,0.00030165912518853697,6630
0.5525833333333333,0.0003016136329362087,6631
0.5526666666666666,0.00030156815440289503,6632
0.55275,0.00030152268958239106,6633
0.5528333333333333,0.00030147723846849563,6634
0.5529166666666666,0.0003014318010550113,6635
0.553,0.0003013863773357444,6636
0.5530833333333334,0.00030134096730450503,6637
0.5531666666666667,0.00030129557095510696,6638
0.55325,0.0003012501882813677,6639
0.5533333333333333,0.00030120481927710846,6640
0.5534166666666667,0.0003011594639361542,6641
0.5535,0.00030111412225233364,6642
0.5535833333333333,0.0003010687942194792,6643
0.5536666666666666,0.00030102347983142685,6644
0.55375,0.00030097817908201655,6645
0.5538333333333333,0.0003009328919650918,6646
0.5539166666666666,0.00030088761847449976,6647
0.554,0.00030084235860409147,6648
0.5540833333333334,0.00030079711234772146,6649
0.5541666666666667,0.0003007518796992481,6650
0.55425,0.00030070666065253347,6651
0.5543333333333333,0.0003006614552014432,6652
0.5544166666666667,0.0003006162633398467,6653
0.5545,0.00030057108506161706,6654
0.5545833333333333,0.00030052592036063113,6655
0.5546666666666666,0.00030048076923076925,6656
0.55475,0.0003004356316659156,6657
0.5548333333333333,0.00030039050765995795,6658
0.5549166666666666,0.0003003453972067878,6659
0.555,0.0003003003003003003,6660
0.5550833333333334,0.00030025521693439425,6661
0.5551666666666667,0.0003002101471029721,6662
0.55525,0.00030016509079993996,6663
0.5553333333333333,0.00030012004801920766,6664
0.5554166666666667,0.0003000750187546887,6665
0.5555,0.00030003000300030005,6666
0.5555833333333333,0.0002999850007499625,6667
0.5556666666666666,0.00029994001199760045,6668
0.55575,0.000299895036737142,6669
0.5558333333333333,0.0002998500749625187,6670
0.5559166666666666,0.00029980512666766604,6671
0.556,0.00029976019184652276,6672
0.5560833333333334,0.0002997152704930316,6673
0.5561666666666667,0.00029967036260113877,6674
0.55625,0.000299625468164794,6675
0.5563333333333333,0.0002995805871779509,6676
0.5564166666666667,0.0002995357196345664,6677
0.5565,0.0002994908655286014,6678
0.5565833333333333,0.0002994460248540201,6679
0.5566666666666666,0.0002994011976047904,6680
0.55675,0.000299356383774884,6681
0.5568333333333333,0.000299311583358276,6682
0.5569166666666666,0.0002992667963489451,6683
0.557,0.0002992220227408737,6684
0.5570833333333334,0.0002991772625280479,6685
0.5571666666666667,0.0002991325157044571,6686
0.55725,0.0002990877822640945,6687
0.5573333333333333,0.0002990430622009569,6688
0.5574166666666667,0.0002989983555090447,6689
0.5575,0.00029895366218236175,6690
0.5575833333333333,0.00029890898221491554,6691
0.5576666666666666,0.00029886431560071725,6692
0.55775,0.00029881966233378154,6693
0.5578333333333333,0.00029877502240812666,6694
0.5579166666666666,0.0002987303958177745,6695
0.558,0.0002986857825567503,6696
0.5580833333333334,0.00029864118261908315,6697
0.5581666666666667,0.00029859659599880563,6698
0.55825,0.0002985520226899537,6699
0.5583333333333333,0.00029850746268656717,6700
0.5584166666666667,0.00029846291598268916,6701
0.5585,0.0002984183825723665,6702
0.5585833333333333,0.0002983738624496494,6703
0.5586666666666666,0.0002983293556085919,6704
0.55875,0.0002982848620432513,6705
0.5588333333333333,0.00029824038174768865,6706
0.5589166666666666,0.0002981959147159684,6707
0.559,0.0002981514609421586,6708
0.5590833333333334,0.0002981070204203309,6709
0.5591666666666667,0.00029806259314456036,6710
0.55925,0.00029801817910892565,6711
0.5593333333333333,0.0002979737783075089,6712
0.5594166666666667,0.00029792939073439596,6713
0.5595,0.0002978850163836759,6714
0.5595833333333333,0.0002978406552494416,6715
0.5596666666666666,0.0002977963073257892,6716
0.55975,0.0002977519726068185,6717
0.5598333333333333,0.00029770765108663293,6718
0.5599166666666666,0.0002976633427593392,6719
0.56,0.00029761904761904765,6720
0.5600833333333334,0.00029757476565987203,6721
0.5601666666666667,0.0002975304968759298,6722
0.56025,0.00029748624126134165,6723
0.5603333333333333,0.000297441998810232,6724
0.5604166666666667,0.00029739776951672863,6725
0.5605,0.0002973535533749628,6726
0.5605833333333333,0.0002973093503790694,6727
0.5606666666666666,0.00029726516052318666,6728
0.56075,0.0002972209838014564,6729
0.5608333333333333,0.00029717682020802375,6730
0.5609166666666666,0.0002971326697370376,6731
0.561,0.00029708853238265005,6732
0.5610833333333334,0.0002970444081390168,6733
0.5611666666666667,0.000297000297000297,6734
0.56125,0.0002969561989606533,6735
0.5613333333333334,0.0002969121140142518,6736
0.5614166666666667,0.00029686804215526197,6737
0.5615,0.00029682398337785694,6738
0.5615833333333333,0.0002967799376762131,6739
0.5616666666666666,0.0002967359050445104,6740
0.56175,0.0002966918854769322,6741
0.5618333333333333,0.0002966478789676654,6742
0.5619166666666666,0.00029660388551090017,6743
0.562,0.0002965599051008304,6744
0.5620833333333334,0.0002965159377316531,6745
0.5621666666666667,0.0002964719833975689,6746
0.56225,0.00029642804209278195,6747
0.5623333333333334,0.0002963841138114997,6748
0.5624166666666667,0.000296340198547933,6749
0.5625,0.0002962962962962963,6750
0.5625833333333333,0.0002962524070508073,6751
0.5626666666666666,0.0002962085308056872,6752
0.56275,0.0002961646675551607,6753
0.5628333333333333,0.0002961208172934557,6754
0.5629166666666666,0.00029607698001480384,6755
0.563,0.0002960331557134399,6756
0.5630833333333334,0.0002959893443836022,6757
0.5631666666666667,0.0002959455460195324,6758
0.56325,0.00029590176061547566,6759
0.5633333333333334,0.0002958579881656805,6760
0.5634166666666667,0.00029581422866439876,6761
0.5635,0.0002957704821058858,6762
0.5635833333333333,0.0002957267484844004,6763
0.5636666666666666,0.00029568302779420464,6764
0.56375,0.00029563932002956393,6765
0.5638333333333333,0.0002955956251847473,6766
0.5639166666666666,0.0002955519432540269,6767
0.564,0.0002955082742316785,6768
0.5640833333333334,0.0002954646181119811,6769
0.5641666666666667,0.0002954209748892171,6770
0.56425,0.0002953773445576724,6771
0.5643333333333334,0.00029533372711163615,6772
0.5644166666666667,0.0002952901225454009,6773
0.5645,0.0002952465308532625,6774
0.5645833333333333,0.0002952029520295203,6775
0.5646666666666667,0.00029515938606847696,6776
0.56475,0.00029511583296443856,6777
0.5648333333333333,0.00029507229271171436,6778
0.5649166666666666,0.0002950287653046172,6779
0.565,0.0002949852507374631,6780
0.5650833333333334,0.0002949417490045716,6781
0.5651666666666667,0.0002948982601002654,6782
0.56525,0.0002948547840188707,6783
0.5653333333333334,0.00029481132075471697,6784
0.5654166666666667,0.0002947678703021371,6785
0.5655,0.0002947244326554671,6786
0.5655833333333333,0.0002946810078090467,6787
0.5656666666666667,0.0002946375957572186,6788
0.56575,0.0002945941964943291,6789
0.5658333333333333,0.0002945508100147275,6790
0.5659166666666666,0.0002945074363127669,6791
0.566,0.0002944640753828033,6792
0.5660833333333334,0.00029442072721919626,6793
0.5661666666666667,0.00029437739181630853,6794
0.56625,0.00029433406916850625,6795
0.5663333333333334,0.0002942907592701589,6796
0.5664166666666667,0.00029424746211563924,6797
0.5665,0.0002942041776993233,6798
0.5665833333333333,0.00029416090601559053,6799
0.5666666666666667,0.0002941176470588235,6800
0.56675,0.00029407440082340834,6801
0.5668333333333333,0.00029403116730373417,6802
0.5669166666666666,0.00029398794649419373,6803
0.567,0.00029394473838918284,6804
0.5670833333333334,0.00029390154298310065,6805
0.5671666666666667,0.0002938583602703497,6806
0.56725,0.00029381519024533566,6807
0.5673333333333334,0.0002937720329024677,6808
0.5674166666666667,0.000293728888236158,6809
0.5675,0.0002936857562408223,6810
0.5675833333333333,0.00029364263691087944,6811
0.5676666666666667,0.0002935995302407516,6812
0.56775,0.0002935564362248642,6813
0.5678333333333333,0.000293513354857646,6814
0.5679166666666666,0.000293470286133529,6815
0.568,0.00029342723004694836,6816
0.5680833333333334,0.00029338418659234265,6817
0.5681666666666667,0.0002933411557641537,6818
0.56825,0.0002932981375568265,6819
0.5683333333333334,0.0002932551319648094,6820
0.5684166666666667,0.00029321213898255387,6821
0.5685,0.0002931691586045148,6822
0.5685833333333333,0.0002931261908251502,6823
0.5686666666666667,0.00029308323563892143,6824
0.56875,0.00029304029304029304,6825
0.5688333333333333,0.0002929973630237328,6826
0.5689166666666666,0.00029295444558371175,6827
0.569,0.00029291154071470416,6828
0.5690833333333334,0.0002928686484111876,6829
0.5691666666666667,0.00029282576866764275,6830
0.56925,0.00029278290147855365,6831
0.5693333333333334,0.0002927400468384075,6832
0.5694166666666667,0.0002926972047416947,6833
0.5695,0.000292654375182909,6834
0.5695833333333333,0.0002926115581565472,6835
0.5696666666666667,0.0002925687536571094,6836
0.56975,0.000292525961679099,6837
0.5698333333333333,0.0002924831822170225,6838
0.5699166666666666,0.00029244041526538966,6839
0.57,0.00029239766081871346,6840
0.5700833333333334,0.00029235491887151,6841
0.5701666666666667,0.00029231218941829873,6842
0.57025,0.00029226947245360223,6843
0.5703333333333334,0.0002922267679719462,6844
0.5704166666666667,0.00029218407596785974,6845
0.5705,0.00029214139643587495,6846
0.5705833333333333,0.0002920987293705272,6847
0.5706666666666667,0.0002920560747663551,6848
0.57075,0.0002920134326179004,6849
0.5708333333333333,0.00029197080291970805,6850
0.5709166666666666,0.00029192818566632606,6851
0.571,0.0002918855808523059,6852
0.5710833333333334,0.00029184298847220193,6853
0.5711666666666667,0.0002918004085205719,6854
0.57125,0.00029175784099197665,6855
0.5713333333333334,0.00029171528588098014,6856
0.5714166666666667,0.00029167274318214965,6857
0.5715,0.00029163021289005544,6858
0.5715833333333333,0.000291587694999271,6859
0.5716666666666667,0.0002915451895043732,6860
0.57175,0.0002915026963999417,6861
0.5718333333333333,0.0002914602156805596,6862
0.5719166666666666,0.0002914177473408131,6863
0.572,0.0002913752913752914,6864
0.5720833333333334,0.000291332847778587,6865
0.5721666666666667,0.00029129041654529564,6866
0.57225,0.000291247997670016,6867
0.5723333333333334,0.00029120559114735004,6868
0.5724166666666667,0.00029116319697190275,6869
0.5725,0.0002911208151382824,6870
0.5725833333333333,0.00029107844564110026,6871
0.5726666666666667,0.0002910360884749709,6872
0.57275,0.00029099374363451185,6873
0.5728333333333333,0.0002909514111143439,6874
0.5729166666666666,0.0002909090909090909,6875
0.573,0.00029086678301337986,6876
0.5730833333333333,0.0002908244874218409,6877
0.5731666666666667,0.0002907822041291073,6878
0.57325,0.00029073993312981537,6879
0.5733333333333334,0.00029069767441860465,6880
0.5734166666666667,0.0002906554279901177,6881
0.5735,0.0002906131938390003,6882
0.5735833333333333,0.0002905709719599012,6883
0.5736666666666667,0.0002905287623474724,6884
0.57375,0.00029048656499636893,6885
0.5738333333333333,0.0002904443799012489,6886
0.5739166666666666,0.0002904022070567736,6887
0.574,0.00029036004645760743,6888
0.5740833333333333,0.00029031789809841774,6889
0.5741666666666667,0.00029027576197387516,6890
0.57425,0.0002902336380786533,6891
0.5743333333333334,0.0002901915264074289,6892
0.5744166666666667,0.0002901494269548818,6893
0.5745,0.0002901073397156948,6894
0.5745833333333333,0.000290065264684554,6895
0.5746666666666667,0.0002900232018561485,6896
0.57475,0.0002899811512251704,6897
0.5748333333333333,0.00028993911278631486,6898
0.5749166666666666,0.00028989708653428034,6899
0.575,0.0002898550724637681,6900
0.5750833333333333,0.0002898130705694827,6901
0.5751666666666667,0.0002897710808461316,6902
0.57525,0.0002897291032884253,6903
0.5753333333333334,0.00028968713789107763,6904
0.5754166666666667,0.0002896451846488052,6905
0.5755,0.0002896032435563278,6906
0.5755833333333333,0.0002895613146083683,6907
0.5756666666666667,0.00028951939779965256,6908
0.57575,0.0002894774931249095,6909
0.5758333333333333,0.0002894356005788712,6910
0.5759166666666666,0.0002893937201562726,6911
0.576,0.00028935185185185184,6912
0.5760833333333333,0.0002893099956603501,6913
0.5761666666666667,0.0002892681515765114,6914
0.57625,0.00028922631959508316,6915
0.5763333333333334,0.0002891844997108155,6916
0.5764166666666667,0.00028914269191846175,6917
0.5765,0.0002891008962127783,6918
0.5765833333333333,0.00028905911258852437,6919
0.5766666666666667,0.00028901734104046245,6920
0.57675,0.00028897558156335787,6921
0.5768333333333333,0.0002889338341519792,6922
0.5769166666666666,0.0002888920988010978,6923
0.577,0.00028885037550548814,6924
0.5770833333333333,0.0002888086642599278,6925
0.5771666666666667,0.00028876696505919725,6926
0.57725,0.00028872527789807997,6927
0.5773333333333334,0.0002886836027713626,6928
0.5774166666666667,0.0002886419396738346,6929
0.5775,0.0002886002886002886,6930
0.5775833333333333,0.00028855864954552014,6931
0.5776666666666667,0.00028851702250432774,6932
0.57775,0.0002884754074715131,6933
0.5778333333333333,0.00028843380444188056,6934
0.5779166666666666,0.00028839221341023794,6935
0.578,0.0002883506343713956,6936
0.5780833333333333,0.00028830906732016723,6937
0.5781666666666667,0.0002882675122513693,6938
0.57825,0.0002882259691598213,6939
0.5783333333333334,0.00028818443804034583,6940
0.5784166666666667,0.00028814291888776836,6941
0.5785,0.0002881014116969173,6942
0.5785833333333333,0.00028805991646262423,6943
0.5786666666666667,0.0002880184331797235,6944
0.57875,0.00028797696184305253,6945
0.5788333333333333,0.00028793550244745177,6946
0.5789166666666666,0.0002878940549877645,6947
0.579,0.0002878526194588371,6948
0.5790833333333333,0.0002878111958555188,6949
0.5791666666666667,0.00028776978417266187,6950
0.57925,0.00028772838440512156,6951
0.5793333333333334,0.00028768699654775604,6952
0.5794166666666667,0.00028764562059542645,6953
0.5795,0.0002876042565429968,6954
0.5795833333333333,0.00043134435657800146,6955
0.5796666666666667,0.0004312823461759632,6956
0.57975,0.00043122035360068997,6957
0.5798333333333333,0.00043115837884449555,6958
0.5799166666666666,0.00043109642189969824,6959
0.58,0.0004310344827586207,6960
0.5800833333333333,0.00043097256141359,6961
0.5801666666666667,0.00043091065785693766,6962
0.58025,0.00043084877208099956,6963
0.5803333333333334,0.00043078690407811603,6964
0.5804166666666667,0.00043072505384063173,6965
0.5805,0.0004306632213608958,6966
0.5805833333333333,0.00043060140663126167,6967
0.5806666666666667,0.00043053960964408724,6968
0.58075,0.00043047783039173483,6969
0.5808333333333333,0.000430416068866571,6970
0.5809166666666666,0.00043035432506096684,6971
0.581,0.0004302925989672978,6972
0.5810833333333333,0.0004302308905779435,6973
0.5811666666666667,0.0004301691998852882,6974
0.58125,0.00043010752688172043,6975
0.5813333333333334,0.00043004587155963305,6976
0.5814166666666667,0.0004299842339114232,6977
0.5815,0.0004299226139294927,6978
0.5815833333333333,0.0004298610116062473,6979
0.5816666666666667,0.0004297994269340974,6980
0.58175,0.0004297378599054577,6981
0.5818333333333333,0.00042967631051274706,6982
0.5819166666666666,0.00042961477874838895,6983
0.582,0.000429553264604811,6984
0.5820833333333333,0.00042949176807444524,6985
0.5821666666666667,0.00042943028914972805,6986
0.58225,0.00042936882782310007,6987
0.5823333333333334,0.0004293073840870063,6988
0.5824166666666667,0.00042924595793389613,6989
0.5825,0.00042918454935622315,6990
0.5825833333333333,0.00042912315834644544,6991
0.5826666666666667,0.00042906178489702515,6992
0.58275,0.000429000429000429,6993
0.5828333333333333,0.00042893909064912783,6994
0.5829166666666666,0.00042887776983559683,6995
0.583,0.0004288164665523156,6996
0.5830833333333333,0.0004287551807917679,6997
0.5831666666666667,0.00042869391254644185,6998
0.58325,0.0004286326618088298,6999
0.5833333333333334,0.00042857142857142855,7000
0.5834166666666667,0.00042851021282673904,7001
0.5835,0.0004284490145672665,7002
0.5835833333333333,0.0004283878337855205,7003
0.5836666666666667,0.00042832667047401483,7004
0.58375,0.00042826552462526765,7005
0.5838333333333333,0.00042820439623180134,7006
0.5839166666666666,0.00042814328528614244,7007
0.584,0.0004280821917808219,7008
0.5840833333333333,0.00042802111570837496,7009
0.5841666666666666,0.00042796005706134097,7010
0.58425,0.0004278990158322636,7011
0.5843333333333334,0.00042783799201369084,7012
0.5844166666666667,0.00042777698559817484,7013
0.5845,0.000427715996578272,7014
0.5845833333333333,0.00042765502494654313,7015
0.5846666666666667,0.00042759407069555304,7016
0.58475,0.00042753313381787086,7017
0.5848333333333333,0.0004274722143060701,7018
0.5849166666666666,0.0004274113121527283,7019
0.585,0.00042735042735042735,7020
0.5850833333333333,0.0004272895598917533,7021
0.5851666666666666,0.0004272287097692965,7022
0.58525,0.00042716787697565144,7023
0.5853333333333334,0.00042710706150341686,7024
0.5854166666666667,0.00042704626334519574,7025
0.5855,0.0004269854824935952,7026
0.5855833333333333,0.0004269247189412267,7027
0.5856666666666667,0.00042686397268070576,7028
0.58575,0.0004268032437046522,7029
0.5858333333333333,0.0004267425320056899,7030
0.5859166666666666,0.00042668183757644715,7031
0.586,0.0004266211604095563,7032
0.5860833333333333,0.00042656050049765394,7033
0.5861666666666666,0.0004264998578333807,7034
0.58625,0.00042643923240938164,7035
0.5863333333333334,0.00042637862421830583,7036
0.5864166666666667,0.0004263180332528066,7037
0.5865,0.00042625745950554135,7038
0.5865833333333333,0.00042619690296917176,7039
0.5866666666666667,0.0004261363636363636,7040
0.58675,0.00042607584149978694,7041
0.5868333333333333,0.0004260153365521159,7042
0.5869166666666666,0.0004259548487860287,7043
0.587,0.00042589437819420784,7044
0.5870833333333333,0.00042583392476933996,7045
0.5871666666666666,0.0004257734885041158,7046
0.58725,0.0004257130693912303,7047
0.5873333333333334,0.0004256526674233825,7048
0.5874166666666667,0.00042559228259327563,7049
0.5875,0.000425531914893617,7050
0.5875833333333333,0.0004254715643171181,7051
0.5876666666666667,0.0004254112308564946,7052
0.58775,0.0004253509145044662,7053
0.5878333333333333,0.00042529061525375673,7054
0.5879166666666666,0.00042523033309709425,7055
0.588,0.00042517006802721087,7056
0.5880833333333333,0.00042510982003684286,7057
0.5881666666666666,0.0004250495891187305,7058
0.58825,0.00042498937526561835,7059
0.5883333333333334,0.00042492917847025496,7060
0.5884166666666667,0.000424868998725393,7061
0.5885,0.0004248088360237893,7062
0.5885833333333333,0.0004247486903582047,7063
0.5886666666666667,0.0004246885617214043,7064
0.58875,0.0004246284501061571,7065
0.5888333333333333,0.00042456835550523637,7066
0.5889166666666666,0.0004245082779114193,7067
0.589,0.00042444821731748726,7068
0.5890833333333333,0.0004243881737162258,7069
0.5891666666666666,0.0004243281471004243,7070
0.58925,0.00042426813746287653,7071
0.5893333333333334,0.0004242081447963801,7072
0.5894166666666667,0.00042414816909373674,7073
0.5895,0.00042408821034775233,7074
0.5895833333333333,0.00042402826855123676,7075
0.5896666666666667,0.00042396834369700395,7076
0.58975,0.000423908435777872,7077
0.5898333333333333,0.0004238485447866629,7078
0.5899166666666666,0.0004237886707162029,7079
0.59,0.000423728813559322,7080
0.5900833333333333,0.00042366897330885467,7081
0.5901666666666666,0.0004236091499576391,7082
0.59025,0.00042354934349851756,7083
0.5903333333333334,0.00042348955392433656,7084
0.5904166666666667,0.0004234297812279464,7085
0.5905,0.0004233700254022015,7086
0.5905833333333333,0.0004233102864399605,7087
0.5906666666666667,0.00042325056433408577,7088
0.59075,0.00042319085907744394,7089
0.5908333333333333,0.0004231311706629055,7090
0.5909166666666666,0.0004230714990833451,7091
0.591,0.00042301184433164127,7092
0.5910833333333333,0.0004229522064006767,7093
0.5911666666666666,0.00042289258528333803,7094
0.59125,0.00042283298097251583,7095
0.5913333333333334,0.00042277339346110483,7096
0.5914166666666667,0.00042271382274200367,7097
0.5915,0.00042265426880811494,7098
0.5915833333333333,0.0004225947316523454,7099
0.5916666666666667,0.00042253521126760566,7100
0.59175,0.0004224757076468103,7101
0.5918333333333333,0.00042241622078287804,7102
0.5919166666666666,0.00042235675066873153,7103
0.592,0.0004222972972972973,7104
0.5920833333333333,0.000422237860661506,7105
0.5921666666666666,0.00042217844075429216,7106
0.59225,0.00042211903756859433,7107
0.5923333333333334,0.0004220596510973551,7108
0.5924166666666667,0.0004220002813335209,7109
0.5925,0.0004219409282700422,7110
0.5925833333333334,0.00042188159189987344,7111
0.5926666666666667,0.000421822272215973,7112
0.59275,0.00042176296921130323,7113
0.5928333333333333,0.00042170368287883047,7114
0.5929166666666666,0.00042164441321152494,7115
0.593,0.00042158516020236085,7116
0.5930833333333333,0.00042152592384431644,7117
0.5931666666666666,0.0004214667041303737,7118
0.59325,0.00042140750105351877,7119
0.5933333333333334,0.0004213483146067416,7120
0.5934166666666667,0.0004212891447830361,7121
0.5935,0.00042122999157540015,7122
0.5935833333333334,0.0004211708549768356,7123
0.5936666666666667,0.0004211117349803481,7124
0.59375,0.0004210526315789474,7125
0.5938333333333333,0.0004209935447656469,7126
0.5939166666666666,0.0004209344745334643,7127
0.594,0.00042087542087542086,7128
0.5940833333333333,0.00042081638378454203,7129
0.5941666666666666,0.00042075736325385696,7130
0.59425,0.00042069835927639884,7131
0.5943333333333334,0.0004206393718452047,7132
0.5944166666666667,0.00042058040095331557,7133
0.5945,0.00042052144659377626,7134
0.5945833333333334,0.0004204625087596356,7135
0.5946666666666667,0.0004204035874439462,7136
0.59475,0.0004203446826397646,7137
0.5948333333333333,0.0004202857943401513,7138
0.5949166666666666,0.00042022692253817064,7139
0.595,0.0004201680672268908,7140
0.5950833333333333,0.0004201092283993838,7141
0.5951666666666666,0.00042005040604872583,7142
0.59525,0.00041999160016799666,7143
0.5953333333333334,0.00041993281075027993,7144
0.5954166666666667,0.0004198740377886634,7145
0.5955,0.00041981528127623844,7146
0.5955833333333334,0.00041975654120610047,7147
0.5956666666666667,0.00041969781757134864,7148
0.59575,0.000419639110365086,7149
0.5958333333333333,0.0004195804195804196,7150
0.5959166666666667,0.0004195217452104601,7151
0.596,0.00041946308724832214,7152
0.5960833333333333,0.00041940444568712426,7153
0.5961666666666666,0.0004193458205199888,7154
0.59625,0.0004192872117400419,7155
0.5963333333333334,0.00041922861934041365,7156
0.5964166666666667,0.0004191700433142378,7157
0.5965,0.00041911148365465214,7158
0.5965833333333334,0.00041905294035479815,7159
0.5966666666666667,0.0004189944134078212,7160
0.59675,0.00041893590280687055,7161
0.5968333333333333,0.0004188774085450991,7162
0.5969166666666667,0.00041881893061566385,7163
0.597,0.0004187604690117253,7164
0.5970833333333333,0.000418702023726448,7165
0.5971666666666666,0.0004186435947530003,7166
0.59725,0.0004185851820845542,7167
0.5973333333333334,0.0004185267857142857,7168
0.5974166666666667,0.00041846840563537454,7169
0.5975,0.00041841004184100416,7170
0.5975833333333334,0.000418351694324362,7171
0.5976666666666667,0.0004182933630786392,7172
0.59775,0.0004182350480970305,7173
0.5978333333333333,0.0004181767493727349,7174
0.5979166666666667,0.0004181184668989547,7175
0.598,0.0004180602006688963,7176
0.5980833333333333,0.0004180019506757698,7177
0.5981666666666666,0.00041794371691278906,7178
0.59825,0.0004178854993731718,7179
0.5983333333333334,0.00041782729805013927,7180
0.5984166666666667,0.0004177691129369169,7181
0.5985,0.0004177109440267335,7182
0.5985833333333334,0.00041765279131282193,7183
0.5986666666666667,0.0004175946547884187,7184
0.59875,0.0004175365344467641,7185
0.5988333333333333,0.00041747843028110213,7186
0.5989166666666667,0.0004174203422846807,7187
0.599,0.00041736227045075126,7188
0.5990833333333333,0.0004173042147725692,7189
0.5991666666666666,0.0004172461752433936,7190
0.59925,0.00041718815185648727,7191
0.5993333333333334,0.0004171301446051168,7192
0.5994166666666667,0.0004170721534825525,7193
0.5995,0.0004170141784820684,7194
0.5995833333333334,0.0004169562195969423,7195
0.5996666666666667,0.0004168982768204558,7196
0.59975,0.00041684035014589413,7197
0.5998333333333333,0.0004167824395665463,7198
0.5999166666666667,0.00041672454507570494,7199
0.6,0.0004166666666666667,7200
0.6000833333333333,0.00041660880433273156,7201
0.6001666666666666,0.00041655095806720355,7202
0.60025,0.00041649312786339027,7203
0.6003333333333334,0.000416435313714603,7204
0.6004166666666667,0.00041637751561415684,7205
0.6005,0.00041631973355537054,7206
0.6005833333333334,0.00041626196753156655,7207
0.6006666666666667,0.000416204217536071,7208
0.60075,0.0004161464835622139,7209
0.6008333333333333,0.00041608876560332873,7210
0.6009166666666667,0.00041603106365275275,7211
0.601,0.00041597337770382697,7212
0.6010833333333333,0.000415915707749896,7213
0.6011666666666666,0.0004158580537843083,7214
0.60125,0.0004158004158004158,7215
0.6013333333333334,0.0004157427937915743,7216
0.6014166666666667,0.00041568518775114314,7217
0.6015,0.00041562759767248546,7218
0.6015833333333334,0.000415570023548968,7219
0.6016666666666667,0.0004155124653739612,7220
0.60175,0.0004154549231408392,7221
0.6018333333333333,0.0004153973968429798,7222
0.6019166666666667,0.0004153398864737644,7223
0.602,0.0004152823920265781,7224
0.6020833333333333,0.0004152249134948097,7225
0.6021666666666666,0.00041516745087185166,7226
0.60225,0.00041511000415110004,7227
0.6023333333333334,0.00041505257332595465,7228
0.6024166666666667,0.00041499515838981876,7229
0.6025,0.0004149377593360996,7230
0.6025833333333334,0.00041488037615820773,7231
0.6026666666666667,0.0004148230088495575,7232
0.60275,0.00041476565740356696,7233
0.6028333333333333,0.0004147083218136577,7234
0.6029166666666667,0.000414651002073255,7235
0.603,0.00041459369817578774,7236
0.6030833333333333,0.00041453641011468843,7237
0.6031666666666666,0.0004144791378833932,7238
0.60325,0.0004144218814753419,7239
0.6033333333333334,0.0004143646408839779,7240
0.6034166666666667,0.0004143074161027482,7241
0.6035,0.00041425020712510354,7242
0.6035833333333334,0.00041419301394449815,7243
0.6036666666666667,0.0004141358365543898,7244
0.60375,0.00041407867494824016,7245
0.6038333333333333,0.0004140215291195142,7246
0.6039166666666667,0.0004139643990616807,7247
0.604,0.0004139072847682119,7248
0.6040833333333333,0.00041385018623258383,7249
0.6041666666666666,0.00041379310344827585,7250
0.60425,0.0004137360364087712,7251
0.6043333333333333,0.0004136789851075565,7252
0.6044166666666667,0.00041362194953812215,7253
0.6045,0.00041356492969396195,7254
0.6045833333333334,0.0004135079255685734,7255
0.6046666666666667,0.00041345093715545756,7256
0.60475,0.00041339396444811904,7257
0.6048333333333333,0.00041333700744006614,7258
0.6049166666666667,0.00041328006612481057,7259
0.605,0.00041322314049586776,7260
0.6050833333333333,0.0004131662305467566,7261
0.6051666666666666,0.0004131093362709997,7262
0.60525,0.0004130524576621231,7263
0.6053333333333333,0.0004129955947136564,7264
0.6054166666666667,0.00041293874741913283,7265
0.6055,0.00041288191577208916,7266
0.6055833333333334,0.00041282509976606576,7267
0.6056666666666667,0.0004127682993946065,7268
0.60575,0.0004127115146512588,7269
0.6058333333333333,0.0004126547455295736,7270
0.6059166666666667,0.0004125979920231055,7271
0.606,0.00041254125412541255,7272
0.6060833333333333,0.00041248453183005636,7273
0.6061666666666666,0.0004124278251306021,7274
0.60625,0.0004123711340206186,7275
0.6063333333333333,0.00041231445849367786,7276
0.6064166666666667,0.00041225779854335576,7277
0.6065,0.00041220115416323167,7278
0.6065833333333334,0.0004121445253468883,7279
0.6066666666666667,0.0004120879120879121,7280
0.60675,0.00041203131437989287,7281
0.6068333333333333,0.00041197473221642406,7282
0.6069166666666667,0.00041191816559110257,7283
0.607,0.00041186161449752884,7284
0.6070833333333333,0.0004118050789293068,7285
0.6071666666666666,0.00041174855888004394,7286
0.60725,0.0004116920543433512,7287
0.6073333333333333,0.000411635565312843,7288
0.6074166666666667,0.00041157909178213747,7289
0.6075,0.00041152263374485596,7290
0.6075833333333334,0.0004114661911946235,7291
0.6076666666666667,0.00041140976412506856,7292
0.60775,0.00041135335252982314,7293
0.6078333333333333,0.0004112969564025226,7294
0.6079166666666667,0.00041124057573680605,7295
0.608,0.00041118421052631577,7296
0.6080833333333333,0.0004111278607646978,7297
0.6081666666666666,0.0004110715264456015,7298
0.60825,0.0004110152075626798,7299
0.6083333333333333,0.00041095890410958907,7300
0.6084166666666667,0.00041090261607998904,7301
0.6085,0.0004108463434675431,7302
0.6085833333333334,0.0004107900862659181,7303
0.6086666666666667,0.0004107338444687842,7304
0.60875,0.0004106776180698152,7305
0.6088333333333333,0.0004106214070626882,7306
0.6089166666666667,0.0004105652114410839,7307
0.609,0.00041050903119868636,7308
0.6090833333333333,0.0004104528663291832,7309
0.6091666666666666,0.0004103967168262654,7310
0.60925,0.0004103405826836274,7311
0.6093333333333333,0.00041028446389496716,7312
0.6094166666666667,0.00041022836045398605,7313
0.6095,0.00041017227235438887,7314
0.6095833333333334,0.0004101161995898838,7315
0.6096666666666667,0.0004100601421541826,7316
0.60975,0.0004100041000410004,7317
0.6098333333333333,0.00040994807324405577,7318
0.6099166666666667,0.0004098920617570706,7319
0.61,0.0004098360655737705,7320
0.6100833333333333,0.00040978008468788414,7321
0.6101666666666666,0.00040972411909314397,7322
0.61025,0.00040966816878328555,7323
0.6103333333333333,0.00040961223375204805,7324
0.6104166666666667,0.00040955631399317407,7325
0.6105,0.0004095004095004095,7326
0.6105833333333334,0.00040944452026750374,7327
0.6106666666666667,0.0004093886462882096,7328
0.61075,0.00040933278755628325,7329
0.6108333333333333,0.0004092769440654843,7330
0.6109166666666667,0.0004092211158095758,7331
0.611,0.0004091653027823241,7332
0.6110833333333333,0.000409109504977499,7333
0.6111666666666666,0.00040905372238887375,7334
0.61125,0.00040899795501022495,7335
0.6113333333333333,0.0004089422028353326,7336
0.6114166666666667,0.0004088864658579801,7337
0.6115,0.0004088307440719542,7338
0.6115833333333334,0.0004087750374710451,7339
0.6116666666666667,0.00040871934604904634,7340
0.61175,0.0004086636697997548,7341
0.6118333333333333,0.00040860800871697086,7342
0.6119166666666667,0.0004085523627944982,7343
0.612,0.0004084967320261438,7344
0.6120833333333333,0.0004084411164057182,7345
0.6121666666666666,0.00040838551592703513,7346
0.61225,0.0004083299305839118,7347
0.6123333333333333,0.00040827436037016874,7348
0.6124166666666667,0.0004082188052796299,7349
0.6125,0.00040816326530612246,7350
0.6125833333333334,0.0004081077404434771,7351
0.6126666666666667,0.00040805223068552776,7352
0.61275,0.0004079967360261118,7353
0.6128333333333333,0.0004079412564590699,7354
0.6129166666666667,0.0004078857919782461,7355
0.613,0.0004078303425774878,7356
0.6130833333333333,0.00040777490825064566,7357
0.6131666666666666,0.0004077194889915738,7358
0.61325,0.00040766408479412964,7359
0.6133333333333333,0.0004076086956521739,7360
0.6134166666666667,0.0004075533215595707,7361
0.6135,0.00040749796251018743,7362
0.6135833333333334,0.0004074426184978949,7363
0.6136666666666667,0.0004073872895165671,7364
0.61375,0.0004073319755600815,7365
0.6138333333333333,0.00040727667662231876,7366
0.6139166666666667,0.000407221392697163,7367
0.614,0.00040716612377850165,7368
0.6140833333333333,0.00040711086986022527,7369
0.6141666666666666,0.00040705563093622793,7370
0.61425,0.000407000407000407,7371
0.6143333333333333,0.00040694519804666303,7372
0.6144166666666667,0.00040689000406890003,7373
0.6145,0.0004068348250610252,7374
0.6145833333333334,0.00040677966101694915,7375
0.6146666666666667,0.00040672451193058567,7376
0.61475,0.00040666937779585197,7377
0.6148333333333333,0.0004066142586066685,7378
0.6149166666666667,0.00040655915435695893,7379
0.615,0.0004065040650406504,7380
0.6150833333333333,0.0004064489906516732,7381
0.6151666666666666,0.000406393931183961,7382
0.61525,0.0004063388866314506,7383
0.6153333333333333,0.00040628385698808235,7384
0.6154166666666666,0.00040622884224779957,7385
0.6155,0.00040617384240454913,7386
0.6155833333333334,0.000406118857452281,7387
0.6156666666666667,0.0004060638873849486,7388
0.61575,0.0004060089321965083,7389
0.6158333333333333,0.00040595399188092014,7390
0.6159166666666667,0.0004058990664321472,7391
0.616,0.00040584415584415587,7392
0.6160833333333333,0.00040578926011091576,7393
0.6161666666666666,0.0004057343792263998,7394
0.61625,0.00040567951318458417,7395
0.6163333333333333,0.00040562466197944835,7396
0.6164166666666666,0.000405569825604975,7397
0.6165,0.00040551500405515005,7398
0.6165833333333334,0.0004054601973239627,7399
0.6166666666666667,0.0004054054054054054,7400
0.61675,0.00040535062829347385,7401
0.6168333333333333,0.00040529586598216696,7402
0.6169166666666667,0.00040524111846548696,7403
0.617,0.0004051863857374392,7404
0.6170833333333333,0.0004051316677920324,7405
0.6171666666666666,0.0004050769646232784,7406
0.61725,0.0004050222762251924,7407
0.6173333333333333,0.00040496760259179265,7408
0.6174166666666666,0.00040491294371710083,7409
0.6175,0.0004048582995951417,7410
0.6175833333333334,0.0004048036702199433,7411
0.6176666666666667,0.00040474905558553697,7412
0.61775,0.0004046944556859571,7413
0.6178333333333333,0.0004046398705152414,7414
0.6179166666666667,0.00040458530006743087,7415
0.618,0.0004045307443365696,7416
0.6180833333333333,0.00040447620331670486,7417
0.6181666666666666,0.0004044216770018873,7418
0.61825,0.0004043671653861706,7419
0.6183333333333333,0.00040431266846361187,7420
0.6184166666666666,0.00040425818622827114,7421
0.6185,0.0004042037186742118,7422
0.6185833333333334,0.0004041492657955005,7423
0.6186666666666667,0.0004040948275862069,7424
0.61875,0.00040404040404040404,7425
0.6188333333333333,0.00040398599515216807,7426
0.6189166666666667,0.0004039316009155783,7427
0.619,0.0004038772213247173,7428
0.6190833333333333,0.00040382285637367073,7429
0.6191666666666666,0.0004037685060565276,7430
0.61925,0.0004037141703673799,7431
0.6193333333333333,0.00040365984930032295,7432
0.6194166666666666,0.00040360554284945513,7433
0.6195,0.0004035512510088781,7434
0.6195833333333334,0.0004034969737726967,7435
0.6196666666666667,0.0004034427111350188,7436
0.61975,0.0004033884630899556,7437
0.6198333333333333,0.00040333422963162143,7438
0.6199166666666667,0.00040328001075413364,7439
0.62,0.0004032258064516129,7440
0.6200833333333333,0.00040317161671818305,7441
0.6201666666666666,0.00040311744154797097,7442
0.62025,0.00040306328093510683,7443
0.6203333333333333,0.0004030091348737238,7444
0.6204166666666666,0.00040295500335795837,7445
0.6205,0.00040290088638195,7446
0.6205833333333334,0.00040284678393984153,7447
0.6206666666666667,0.00040279269602577875,7448
0.62075,0.0004027386226339106,7449
0.6208333333333333,0.00040268456375838925,7450
0.6209166666666667,0.00040263051939337,7451
0.621,0.00040257648953301127,7452
0.6210833333333333,0.0004025224741714746,7453
0.6211666666666666,0.0004024684733029246,7454
0.62125,0.00040241448692152917,7455
0.6213333333333333,0.0004023605150214592,7456
0.6214166666666666,0.0004023065575968888,7457
0.6215,0.00040225261464199515,7458
0.6215833333333334,0.0004021986861509586,7459
0.6216666666666667,0.00040214477211796245,7460
0.62175,0.0004020908725371934,7461
0.6218333333333333,0.00040203698740284106,7462
0.6219166666666667,0.00040198311670909824,7463
0.622,0.00040192926045016077,7464
0.6220833333333333,0.0004018754186202277,7465
0.6221666666666666,0.0004018215912135012,7466
0.62225,0.0004017677782241864,7467
0.6223333333333333,0.0004017139796464917,7468
0.6224166666666666,0.0004016601954746285,7469
0.6225,0.00040160642570281126,7470
0.6225833333333334,0.00040155267032525766,7471
0.6226666666666667,0.00040149892933618843,7472
0.62275,0.0004014452027298274,7473
0.6228333333333333,0.0004013914905004014,7474
0.6229166666666667,0.0004013377926421405,7475
0.623,0.0004012841091492777,7476
0.6230833333333333,0.00040123044001604924,7477
0.6231666666666666,0.0004011767852366943,7478
0.62325,0.00040112314480545525,7479
0.6233333333333333,0.00040106951871657755,7480
0.6234166666666666,0.0004010159069643096,7481
0.6235,0.00040096230954290296,7482
0.6235833333333334,0.00040090872644661234,7483
0.6236666666666667,0.00040085515766969537,7484
0.62375,0.0004008016032064128,7485
0.6238333333333334,0.00040074806305102857,7486
0.6239166666666667,0.00040069453719780956,7487
0.624,0.00040064102564102563,7488
0.6240833333333333,0.0004005875283749499,7489
0.6241666666666666,0.00040053404539385846,7490
0.62425,0.00040048057669203043,7491
0.6243333333333333,0.000400427122263748,7492
0.6244166666666666,0.0004003736821032964,7493
0.6245,0.00040032025620496394,7494
0.6245833333333334,0.00040026684456304204,7495
0.6246666666666667,0.00040021344717182497,7496
0.62475,0.00040016006402561027,7497
0.6248333333333334,0.00040010669511869834,7498
0.6249166666666667,0.00040005334044539273,7499
0.625,0.0004,7500
0.6250833333333333,0.0003999466737768298,7501
0.6251666666666666,0.0003998933617701946,7502
0.62525,0.00039984006397441024,7503
0.6253333333333333,0.0003997867803837953,7504
0.6254166666666666,0.00039973351099267156,7505
0.6255,0.0003996802557953637,7506
0.6255833333333334,0.00039962701478619956,7507
0.6256666666666667,0.00039957378795950983,7508
0.62575,0.00039952057530962844,7509
0.6258333333333334,0.00039946737683089215,7510
0.6259166666666667,0.0003994141925176408,7511
0.626,0.00039936102236421724,7512
0.6260833333333333,0.0003993078663649674,7513
0.6261666666666666,0.0003992547245142401,7514
0.62625,0.0003992015968063872,7515
0.6263333333333333,0.0003991484832357637,7516
0.6264166666666666,0.00039909538379672744,7517
0.6265,0.0003990422984836393,7518
0.6265833333333334,0.00039898922729086314,7519
0.6266666666666667,0.00039893617021276594,7520
0.62675,0.00039888312724371757,7521
0.6268333333333334,0.0003988300983780909,7522
0.6269166666666667,0.00039877708361026184,7523
0.627,0.00039872408293460925,7524
0.6270833333333333,0.00039867109634551497,7525
0.6271666666666667,0.0003986181238373638,7526
0.62725,0.00039856516540454366,7527
0.6273333333333333,0.00039851222104144525,7528
0.6274166666666666,0.0003984592907424625,7529
0.6275,0.00039840637450199205,7530
0.6275833333333334,0.00039835347231443366,7531
0.6276666666666667,0.0003983005841741901,7532
0.62775,0.00039824771007566706,7533
0.6278333333333334,0.00039819485001327314,7534
0.6279166666666667,0.00039814200398142005,7535
0.628,0.0003980891719745223,7536
0.6280833333333333,0.0003980363539869975,7537
0.6281666666666667,0.00039798355001326613,7538
0.62825,0.0003979307600477517,7539
0.6283333333333333,0.0003978779840848806,7540
0.6284166666666666,0.00039782522211908233,7541
0.6285,0.0003977724741447892,7542
0.6285833333333334,0.00039771974015643646,7543
0.6286666666666667,0.00039766702014846237,7544
0.62875,0.00039761431411530816,7545
0.6288333333333334,0.00039756162205141797,7546
0.6289166666666667,0.00039750894395123893,7547
0.629,0.000397456279809221,7548
0.6290833333333333,0.00039740362961981717,7549
0.6291666666666667,0.00039735099337748344,7550
0.62925,0.0003972983710766786,7551
0.6293333333333333,0.00039724576271186443,7552
0.6294166666666666,0.00039719316827750565,7553
0.6295,0.0003971405877680699,7554
0.6295833333333334,0.0003970880211780278,7555
0.6296666666666667,0.00039703546850185283,7556
0.62975,0.0003969829297340214,7557
0.6298333333333334,0.00039693040486901297,7558
0.6299166666666667,0.0003968778939013097,7559
0.63,0.0003968253968253968,7560
0.6300833333333333,0.00039677291363576247,7561
0.6301666666666667,0.00039672044432689763,7562
0.63025,0.0003966679888932963,7563
0.6303333333333333,0.0003966155473294553,7564
0.6304166666666666,0.0003965631196298744,7565
0.6305,0.0003965107057890563,7566
0.6305833333333334,0.00039645830580150654,7567
0.6306666666666667,0.0003964059196617336,7568
0.63075,0.00039635354736424893,7569
0.6308333333333334,0.0003963011889035667,7570
0.6309166666666667,0.0003962488442742042,7571
0.631,0.0003961965134706815,7572
0.6310833333333333,0.0003961441964875215,7573
0.6311666666666667,0.00039609189331925006,7574
0.63125,0.00039603960396039607,7575
0.6313333333333333,0.00039598732840549105,7576
0.6314166666666666,0.00039593506664906955,7577
0.6315,0.000395882818685669,7578
0.6315833333333334,0.0003958305845098298,7579
0.6316666666666667,0.00039577836411609497,7580
0.63175,0.0003957261574990107,7581
0.6318333333333334,0.0003956739646531258,7582
0.6319166666666667,0.0003956217855729922,7583
0.632,0.00039556962025316455,7584
0.6320833333333333,0.0003955174686882004,7585
0.6321666666666667,0.00039546533087266017,7586
0.63225,0.00039541320680110717,7587
0.6323333333333333,0.00039536109646810753,7588
0.6324166666666666,0.00039530899986823034,7589
0.6325,0.0003952569169960474,7590
0.6325833333333334,0.0003952048478461336,7591
0.6326666666666667,0.0003951527924130664,7592
0.63275,0.0003951007506914263,7593
0.6328333333333334,0.0003950487226757967,7594
0.6329166666666667,0.00039499670836076365,7595
0.633,0.00039494470774091627,7596
0.6330833333333333,0.0003948927208108464,7597
0.6331666666666667,0.0003948407475651487,7598
0.63325,0.00039478878799842083,7599
0.6333333333333333,0.00039473684210526315,7600
0.6334166666666666,0.0003946849098802789,7601
0.6335,0.0003946329913180742,7602
0.6335833333333334,0.0003945810864132579,7603
0.6336666666666667,0.00039452919516044186,7604
0.63375,0.0003944773175542406,7605
0.6338333333333334,0.0003944254535892716,7606
0.6339166666666667,0.0003943736032601551,7607
0.634,0.0003943217665615142,7608
0.6340833333333333,0.00039426994348797475,7609
0.6341666666666667,0.00039421813403416555,7610
0.63425,0.00039416633819471815,7611
0.6343333333333333,0.00039411455596426696,7612
0.6344166666666666,0.0003940627873374491,7613
0.6345,0.0003940110323089047,7614
0.6345833333333334,0.0003939592908732764,7615
0.6346666666666667,0.0003939075630252101,7616
0.63475,0.00039385584875935406,7617
0.6348333333333334,0.00039380414807035967,7618
0.6349166666666667,0.00039375246095288093,7619
0.635,0.0003937007874015748,7620
0.6350833333333333,0.0003936491274111009,7621
0.6351666666666667,0.00039359748097612176,7622
0.63525,0.0003935458480913026,7623
0.6353333333333333,0.00039349422875131166,7624
0.6354166666666666,0.00039344262295081965,7625
0.6355,0.0003933910306845004,7626
0.6355833333333333,0.0003933394519470303,7627
0.6356666666666667,0.0003932878867330886,7628
0.63575,0.00039323633503735744,7629
0.6358333333333334,0.00039318479685452164,7630
0.6359166666666667,0.00039313327217926875,7631
0.636,0.00039308176100628933,7632
0.6360833333333333,0.0003930302633302764,7633
0.6361666666666667,0.0003929787791459261,7634
0.63625,0.0003929273084479371,7635
0.6363333333333333,0.000392875851231011,7636
0.6364166666666666,0.00039282440748985203,7637
0.6365,0.00039277297721916735,7638
0.6365833333333333,0.0003927215604136667,7639
0.6366666666666667,0.00039267015706806284,7640
0.63675,0.00039261876717707107,7641
0.6368333333333334,0.0003925673907354096,7642
0.6369166666666667,0.0003925160277377993,7643
0.637,0.0003924646781789639,7644
0.6370833333333333,0.0003924133420536298,7645
0.6371666666666667,0.0003923620193565263,7646
0.63725,0.00039231071008238524,7647
0.6373333333333333,0.0003922594142259414,7648
0.6374166666666666,0.0003922081317819323,7649
0.6375,0.000392156862745098,7650
0.6375833333333333,0.0003921056071101817,7651
0.6376666666666667,0.0003920543648719289,7652
0.63775,0.0003920031360250882,7653
0.6378333333333334,0.00039195192056441075,7654
0.6379166666666667,0.00039190071848465056,7655
0.638,0.00039184952978056425,7656
0.6380833333333333,0.00039179835444691133,7657
0.6381666666666667,0.0003917471924784539,7658
0.63825,0.0003916960438699569,7659
0.6383333333333333,0.000391644908616188,7660
0.6384166666666666,0.0003915937867119175,7661
0.6385,0.00039154267815191856,7662
0.6385833333333333,0.000391491582930967,7663
0.6386666666666667,0.00039144050104384135,7664
0.63875,0.0003913894324853229,7665
0.6388333333333334,0.0003913383772501957,7666
0.6389166666666667,0.0003912873353332464,7667
0.639,0.0003912363067292645,7668
0.6390833333333333,0.00039118529143304214,7669
0.6391666666666667,0.0003911342894393742,7670
0.63925,0.00039108330074305825,7671
0.6393333333333333,0.0003910323253388947,7672
0.6394166666666666,0.00039098136322168644,7673
0.6395,0.00039093041438623924,7674
0.6395833333333333,0.00039087947882736156,7675
0.6396666666666667,0.0003908285565398645,7676
0.63975,0.00039077764751856197,7677
0.6398333333333334,0.00039072675175827037,7678
0.6399166666666667,0.00039067586925380907,7679
0.64,0.000390625,7680
0.6400833333333333,0.00039057414399166774,7681
0.6401666666666667,0.00039052330122363966,7682
0.64025,0.0003904724716907458,7683
0.6403333333333333,0.00039042165538781884,7684
0.6404166666666666,0.0003903708523096942,7685
0.6405,0.00039032006245121,7686
0.6405833333333333,0.00039026928580720695,7687
0.6406666666666667,0.0003902185223725286,7688
0.64075,0.0003901677721420211,7689
0.6408333333333334,0.0003901170351105332,7690
0.6409166666666667,0.0003900663112729164,7691
0.641,0.000390015600624025,7692
0.6410833333333333,0.0003899649031587157,7693
0.6411666666666667,0.0003899142188718482,7694
0.64125,0.0003898635477582846,7695
0.6413333333333333,0.00038981288981288983,7696
0.6414166666666666,0.0003897622450305314,7697
0.6415,0.0003897116134060795,7698
0.6415833333333333,0.00038966099493440706,7699
0.6416666666666667,0.0003896103896103896,7700
0.64175,0.00038955979742890534,7701
0.6418333333333334,0.00038950921838483513,7702
0.6419166666666667,0.0003894586524730624,7703
0.642,0.0003894080996884735,7704
0.6420833333333333,0.00038935756002595715,7705
0.6421666666666667,0.0003893070334804049,7706
0.64225,0.00038925652004671076,7707
0.6423333333333333,0.0003892060197197717,7708
0.6424166666666666,0.00038915553249448695,7709
0.6425,0.0003891050583657588,7710
0.6425833333333333,0.00038905459732849174,7711
0.6426666666666667,0.00038900414937759333,7712
0.64275,0.00038895371450797355,7713
0.6428333333333334,0.000388903292714545,7714
0.6429166666666667,0.0003888528839922229,7715
0.643,0.00038880248833592535,7716
0.6430833333333333,0.0003887521057405728,7717
0.6431666666666667,0.00038870173620108835,7718
0.64325,0.000388651379712398,7719
0.6433333333333333,0.00038860103626943003,7720
0.6434166666666666,0.00038855070586711566,7721
0.6435,0.0003885003885003885,7722
0.6435833333333333,0.0003884500841641849,7723
0.6436666666666667,0.0003883997928534438,7724
0.64375,0.0003883495145631068,7725
0.6438333333333334,0.000388299249288118,7726
0.6439166666666667,0.0003882489970234244,7727
0.644,0.00038819875776397513,7728
0.6440833333333333,0.00038814853150472245,7729
0.6441666666666667,0.00038809831824062095,7730
0.64425,0.00038804811796662784,7731
0.6443333333333333,0.00038799793067770304,7732
0.6444166666666666,0.000387947756368809,7733
0.6445,0.0003878975950349108,7734
0.6445833333333333,0.00038784744667097606,7735
0.6446666666666667,0.00038779731127197516,7736
0.64475,0.00038774718883288094,7737
0.6448333333333334,0.0003876970793486689,7738
0.6449166666666667,0.0003876469828143171,7739
0.645,0.0003875968992248062,7740
0.6450833333333333,0.0003875468285751195,7741
0.6451666666666667,0.00038749677086024286,7742
0.64525,0.0005165956347668862,7743
0.6453333333333333,0.0005165289256198347,7744
0.6454166666666666,0.0005164622336991608,7745
0.6455,0.0005163955589981926,7746
0.6455833333333333,0.000516328901510262,7747
0.6456666666666667,0.0005162622612287042,7748
0.64575,0.0005161956381468576,7749
0.6458333333333334,0.0005161290322580645,7750
0.6459166666666667,0.0005160624435556702,7751
0.646,0.0005159958720330237,7752
0.6460833333333333,0.0005159293176834773,7753
0.6461666666666667,0.0005158627805003869,7754
0.64625,0.0005157962604771116,7755
0.6463333333333333,0.0005157297576070139,7756
0.6464166666666666,0.00051566327188346,7757
0.6465,0.0005155968032998196,7758
0.6465833333333333,0.0005155303518494652,7759
0.6466666666666666,0.0005154639175257732,7760
0.64675,0.0005153975003221235,7761
0.6468333333333334,0.000515331100231899,7762
0.6469166666666667,0.0005152647172484864,7763
0.647,0.0005151983513652757,7764
0.6470833333333333,0.00051513200257566,7765
0.6471666666666667,0.0005150656708730364,7766
0.64725,0.0005149993562508047,7767
0.6473333333333333,0.0005149330587023687,7768
0.6474166666666666,0.0005148667782211353,7769
0.6475,0.0005148005148005148,7770
0.6475833333333333,0.000514734268433921,7771
0.6476666666666666,0.000514668039114771,7772
0.64775,0.0005146018268364853,7773
0.6478333333333334,0.0005145356315924878,7774
0.6479166666666667,0.0005144694533762058,7775
0.648,0.00051440329218107,7776
0.6480833333333333,0.0005143371480005143,7777
0.6481666666666667,0.0005142710208279763,7778
0.64825,0.0005142049106568968,7779
0.6483333333333333,0.0005141388174807198,7780
0.6484166666666666,0.0005140727412928929,7781
0.6485,0.0005140066820868671,7782
0.6485833333333333,0.0005139406398560967,7783
0.6486666666666666,0.0005138746145940391,7784
0.64875,0.0005138086062941554,7785
0.6488333333333334,0.0005137426149499101,7786
0.6489166666666667,0.0005136766405547708,7787
0.649,0.0005136106831022085,7788
0.6490833333333333,0.0005135447425856978,7789
0.6491666666666667,0.0005134788189987163,7790
0.64925,0.0005134129123347452,7791
0.6493333333333333,0.000513347022587269,7792
0.6494166666666666,0.0005132811497497754,7793
0.6495,0.0005132152938157557,7794
0.6495833333333333,0.0005131494547787043,7795
0.6496666666666666,0.000513083632632119,7796
0.64975,0.0005130178273695011,7797
0.6498333333333334,0.0005129520389843549,7798
0.6499166666666667,0.0005128862674701885,7799
0.65,0.0005128205128205128,7800
0.6500833333333333,0.0005127547750288425,7801
0.6501666666666667,0.0005126890540886952,7802
0.65025,0.0005126233499935922,7803
0.6503333333333333,0.0005125576627370579,7804
0.6504166666666666,0.0005124919923126201,7805
0.6505,0.0005124263387138099,7806
0.6505833333333333,0.0005123607019341616,7807
0.6506666666666666,0.0005122950819672131,7808
0.65075,0.0005122294788065053,7809
0.6508333333333334,0.0005121638924455825,7810
0.6509166666666667,0.0005120983228779926,7811
0.651,0.0005120327700972862,7812
0.6510833333333333,0.0005119672340970178,7813
0.6511666666666667,0.0005119017148707448,7814
0.65125,0.0005118362124120282,7815
0.6513333333333333,0.0005117707267144319,7816
0.6514166666666666,0.0005117052577715236,7817
0.6515,0.0005116398055768739,7818
0.6515833333333333,0.0005115743701240568,7819
0.6516666666666666,0.0005115089514066496,7820
0.65175,0.000511443549418233,7821
0.6518333333333334,0.0005113781641523907,7822
0.6519166666666667,0.00051131279560271,7823
0.652,0.0005112474437627812,7824
0.6520833333333333,0.0005111821086261981,7825
0.6521666666666667,0.0005111167901865576,7826
0.65225,0.0005110514884374601,7827
0.6523333333333333,0.000510986203372509,7828
0.6524166666666666,0.0005109209349853111,7829
0.6525,0.0005108556832694764,7830
0.6525833333333333,0.0005107904482186183,7831
0.6526666666666666,0.0005107252298263534,7832
0.65275,0.0005106600280863015,7833
0.6528333333333334,0.0005105948429920858,7834
0.6529166666666667,0.0005105296745373325,7835
0.653,0.0005104645227156713,7836
0.6530833333333333,0.0005103993875207349,7837
0.6531666666666667,0.0005103342689461597,7838
0.65325,0.0005102691669855849,7839
0.6533333333333333,0.0005102040816326531,7840
0.6534166666666666,0.0005101390128810101,7841
0.6535,0.000510073960724305,7842
0.6535833333333333,0.0005100089251561902,7843
0.6536666666666666,0.0005099439061703213,7844
0.65375,0.0005098789037603569,7845
0.6538333333333334,0.0005098139179199592,7846
0.6539166666666667,0.0005097489486427934,7847
0.654,0.0005096839959225281,7848
0.6540833333333333,0.0005096190597528347,7849
0.6541666666666667,0.0005095541401273885,7850
0.65425,0.0005094892370398676,7851
0.6543333333333333,0.0006367804381049414,7852
0.6544166666666666,0.0006366993505666624,7853
0.6545,0.0006366182836771072,7854
0.6545833333333333,0.0006365372374283895,7855
0.6546666666666666,0.0006364562118126273,7856
0.65475,0.0006363752068219422,7857
0.6548333333333334,0.0006362942224484602,7858
0.6549166666666667,0.000636213258684311,7859
0.655,0.0006361323155216285,7860
0.6550833333333334,0.0006360513929525506,7861
0.6551666666666667,0.0006359704909692191,7862
0.65525,0.0006358896095637797,7863
0.6553333333333333,0.0006358087487283825,7864
0.6554166666666666,0.0006357279084551812,7865
0.6555,0.0006356470887363336,7866
0.6555833333333333,0.0006355662895640015,7867
0.6556666666666666,0.0006354855109303507,7868
0.65575,0.0006354047528275512,7869
0.6558333333333334,0.0006353240152477764,7870
0.6559166666666667,0.0006352432981832042,7871
0.656,0.0006351626016260162,7872
0.6560833333333334,0.0006350819255683983,7873
0.6561666666666667,0.00063500127000254,7874
0.65625,0.0006349206349206349,7875
0.6563333333333333,0.0006348400203148807,7876
0.6564166666666666,0.0006347594261774788,7877
0.6565,0.0006346788525006347,7878
0.6565833333333333,0.000634598299276558,7879
0.6566666666666666,0.0006345177664974619,7880
0.65675,0.0006344372541555641,7881
0.6568333333333334,0.0006343567622430855,7882
0.6569166666666667,0.0006342762907522517,7883
0.657,0.0006341958396752917,7884
0.6570833333333334,0.0006341154090044388,7885
0.6571666666666667,0.00063403499873193,7886
0.65725,0.0006339546088500064,7887
0.6573333333333333,0.0006338742393509128,7888
0.6574166666666666,0.0006337938902268982,7889
0.6575,0.0006337135614702154,7890
0.6575833333333333,0.0006336332530731213,7891
0.6576666666666666,0.0006335529650278763,7892
0.65775,0.0006334726973267452,7893
0.6578333333333334,0.0006333924499619965,7894
0.6579166666666667,0.0006333122229259025,7895
0.658,0.0006332320162107396,7896
0.6580833333333334,0.0006331518298087882,7897
0.6581666666666667,0.0006330716637123322,7898
0.65825,0.0006329915179136599,7899
0.6583333333333333,0.0006329113924050633,7900
0.6584166666666667,0.0006328312871788382,7901
0.6585,0.0006327512022272843,7902
0.6585833333333333,0.0006326711375427053,7903
0.6586666666666666,0.0006325910931174089,7904
0.65875,0.0006325110689437065,7905
0.6588333333333334,0.0006324310650139134,7906
0.6589166666666667,0.0006323510813203491,7907
0.659,0.0006322711178553364,7908
0.6590833333333334,0.0006321911746112024,7909
0.6591666666666667,0.0006321112515802782,7910
0.65925,0.0006320313487548982,7911
0.6593333333333333,0.0006319514661274014,7912
0.6594166666666667,0.0006318716036901302,7913
0.6595,0.0006317917614354309,7914
0.6595833333333333,0.0006317119393556538,7915
0.6596666666666666,0.0006316321374431531,7916
0.65975,0.0006315523556902868,7917
0.6598333333333334,0.0006314725940894166,7918
0.6599166666666667,0.0006313928526329082,7919
0.66,0.0006313131313131314,7920
0.6600833333333334,0.0006312334301224593,7921
0.6601666666666667,0.0006311537490532694,7922
0.66025,0.0006310740880979427,7923
0.6603333333333333,0.0006309944472488642,7924
0.6604166666666667,0.0006309148264984228,7925
0.6605,0.0006308352258390108,7926
0.6605833333333333,0.0006307556452630251,7927
0.6606666666666666,0.0006306760847628658,7928
0.66075,0.0006305965443309371,7929
0.6608333333333334,0.0006305170239596469,7930
0.6609166666666667,0.0006304375236414071,7931
0.661,0.0006303580433686334,7932
0.6610833333333334,0.0006302785831337451,7933
0.6611666666666667,0.0006301991429291656,7934
0.66125,0.000630119722747322,7935
0.6613333333333333,0.0006300403225806451,7936
0.6614166666666667,0.0006299609424215699,7937
0.6615,0.0006298815822625346,7938
0.6615833333333333,0.0006298022420959819,7939
0.6616666666666666,0.0006297229219143577,7940
0.66175,0.000629643621710112,7941
0.6618333333333334,0.0006295643414756988,7942
0.6619166666666667,0.0006294850812035755,7943
0.662,0.0006294058408862034,7944
0.6620833333333334,0.0006293266205160479,7945
0.6621666666666667,0.0006292474200855776,7946
0.66225,0.0006291682395872657,7947
0.6623333333333333,0.0006290890790135883,7948
0.6624166666666667,0.000629009938357026,7949
0.6625,0.0006289308176100629,7950
0.6625833333333333,0.0006288517167651867,7951
0.6626666666666666,0.0006287726358148893,7952
0.66275,0.000628693574751666,7953
0.6628333333333334,0.000628614533568016,7954
0.6629166666666667,0.0006285355122564425,7955
0.663,0.000628456510809452,7956
0.6630833333333334,0.0006283775292195551,7957
0.6631666666666667,0.0006282985674792662,7958
0.66325,0.0006282196255811032,7959
0.6633333333333333,0.000628140703517588,7960
0.6634166666666667,0.0006280618012812461,7961
0.6635,0.0006279829188646069,7962
0.6635833333333333,0.0006279040562602034,7963
0.6636666666666666,0.0006278252134605726,7964
0.66375,0.0006277463904582549,7965
0.6638333333333334,0.0006276675872457946,7966
0.6639166666666667,0.0006275888038157399,7967
0.664,0.0006275100401606426,7968
0.6640833333333334,0.0006274312962730581,7969
0.6641666666666667,0.0006273525721455458,7970
0.66425,0.0006272738677706687,7971
0.6643333333333333,0.0006271951831409935,7972
0.6644166666666667,0.0006271165182490907,7973
0.6645,0.0006270378730875344,7974
0.6645833333333333,0.0006269592476489029,7975
0.6646666666666666,0.0006268806419257773,7976
0.66475,0.0006268020559107434,7977
0.6648333333333334,0.00062672348959639,7978
0.6649166666666667,0.0006266449429753102,7979
0.665,0.0006265664160401002,7980
0.6650833333333334,0.0006264879087833605,7981
0.6651666666666667,0.0006264094211976949,7982
0.66525,0.0006263309532757109,7983
0.6653333333333333,0.00062625250501002,7984
0.6654166666666667,0.0006261740763932373,7985
0.6655,0.0006260956674179815,7986
0.6655833333333333,0.0006260172780768749,7987
0.6656666666666666,0.0006259389083625439,7988
0.66575,0.000625860558267618,7989
0.6658333333333334,0.0006257822277847309,7990
0.6659166666666667,0.0006257039169065198,7991
0.666,0.0006256256256256256,7992
0.6660833333333334,0.0006255473539346928,7993
0.6661666666666667,0.0006254691018263697,7994
0.66625,0.0006253908692933083,7995
0.6663333333333333,0.0006253126563281641,7996
0.6664166666666667,0.0006252344629235964,7997
0.6665,0.000625156289072268,7998
0.6665833333333333,0.0006250781347668458,7999
0.6666666666666666,0.000625,8000
0.66675,0.0006249218847644045,8001
0.6668333333333333,0.0006248437890527368,8002
0.6669166666666667,0.0006247657128576784,8003
0.667,0.0006246876561719141,8004
0.6670833333333334,0.0006246096189881324,8005
0.6671666666666667,0.0006245316012990258,8006
0.66725,0.0006244536030972898,8007
0.6673333333333333,0.0006243756243756244,8008
0.6674166666666667,0.0006242976651267324,8009
0.6675,0.0006242197253433209,8010
0.6675833333333333,0.0006241418050181001,8011
0.6676666666666666,0.0006240639041437844,8012
0.66775,0.0006239860227130913,8013
0.6678333333333333,0.0006239081607187422,8014
0.6679166666666667,0.0006238303181534623,8015
0.668,0.00062375249500998,8016
0.6680833333333334,0.0006236746912810278,8017
0.6681666666666667,0.0006235969069593415,8018
0.66825,0.0006235191420376606,8019
0.6683333333333333,0.0006234413965087282,8020
0.6684166666666667,0.0006233636703652911,8021
0.6685,0.0006232859636000997,8022
0.6685833333333333,0.0006232082762059081,8023
0.6686666666666666,0.0006231306081754736,8024
0.66875,0.0006230529595015577,8025
0.6688333333333333,0.000622975330176925,8026
0.6689166666666667,0.0006228977201943441,8027
0.669,0.000622820129546587,8028
0.6690833333333334,0.0006227425582264292,8029
0.6691666666666667,0.0006226650062266501,8030
0.66925,0.0006225874735400323,8031
0.6693333333333333,0.0006225099601593625,8032
0.6694166666666667,0.0006224324660774306,8033
0.6695,0.0006223549912870301,8034
0.6695833333333333,0.0006222775357809583,8035
0.6696666666666666,0.0006222000995520159,8036
0.66975,0.0006221226825930073,8037
0.6698333333333333,0.0006220452848967405,8038
0.6699166666666667,0.0006219679064560268,8039
0.67,0.0006218905472636816,8040
0.6700833333333334,0.0006218132073125233,8041
0.6701666666666667,0.0006217358865953743,8042
0.67025,0.0006216585851050603,8043
0.6703333333333333,0.0006215813028344107,8044
0.6704166666666667,0.0006215040397762585,8045
0.6705,0.0006214267959234402,8046
0.6705833333333333,0.0006213495712687958,8047
0.6706666666666666,0.000621272365805169,8048
0.67075,0.0006211951795254069,8049
0.6708333333333333,0.0006211180124223603,8050
0.6709166666666667,0.0006210408644888834,8051
0.671,0.0006209637357178341,8052
0.6710833333333334,0.0006208866261020738,8053
0.6711666666666667,0.0006208095356344674,8054
0.67125,0.0006207324643078833,8055
0.6713333333333333,0.0006206554121151937,8056
0.6714166666666667,0.000620578379049274,8057
0.6715,0.0006205013651030033,8058
0.6715833333333333,0.0006204243702692642,8059
0.6716666666666666,0.0006203473945409429,8060
0.67175,0.0006202704379109291,8061
0.6718333333333333,0.0006201935003721161,8062
0.6719166666666667,0.0006201165819174004,8063
0.672,0.0006200396825396825,8064
0.6720833333333334,0.0006199628022318661,8065
0.6721666666666667,0.0006198859409868585,8066
0.67225,0.0006198090987975703,8067
0.6723333333333333,0.0006197322756569162,8068
0.6724166666666667,0.0006196554715578138,8069
0.6725,0.0006195786864931846,8070
0.6725833333333333,0.0006195019204559534,8071
0.6726666666666666,0.0006194251734390486,8072
0.67275,0.0006193484454354019,8073
0.6728333333333333,0.0006192717364379489,8074
0.6729166666666667,0.0006191950464396285,8075
0.673,0.0006191183754333828,8076
0.6730833333333334,0.000619041723412158,8077
0.6731666666666667,0.0006189650903689032,8078
0.67325,0.0006188884762965714,8079
0.6733333333333333,0.0006188118811881188,8080
0.6734166666666667,0.0006187353050365054,8081
0.6735,0.0006186587478346944,8082
0.6735833333333333,0.0006185822095756526,8083
0.6736666666666666,0.0006185056902523503,8084
0.67375,0.0006184291898577613,8085
0.6738333333333333,0.0006183527083848628,8086
0.6739166666666667,0.0006182762458266354,8087
0.674,0.0006181998021760633,8088
0.6740833333333334,0.0006181233774261342,8089
0.6741666666666667,0.0006180469715698393,8090
0.67425,0.000617970584600173,8091
0.6743333333333333,0.0006178942165101335,8092
0.6744166666666667,0.0006178178672927221,8093
0.6745,0.000617741536940944,8094
0.6745833333333333,0.0006176652254478073,8095
0.6746666666666666,0.0006175889328063241,8096
0.67475,0.0006175126590095097,8097
0.6748333333333333,0.0006174364040503828,8098
0.6749166666666667,0.0006173601679219657,8099
0.675,0.0006172839506172839,8100
0.6750833333333334,0.0006172077521293668,8101
0.6751666666666667,0.0006171315724512466,8102
0.67525,0.0006170554115759595,8103
0.6753333333333333,0.0006169792694965449,8104
0.6754166666666667,0.0006169031462060457,8105
0.6755,0.000616827041697508,8106
0.6755833333333333,0.0006167509559639817,8107
0.6756666666666666,0.00061667488899852,8108
0.67575,0.0006165988407941793,8109
0.6758333333333333,0.0006165228113440197,8110
0.6759166666666667,0.0006164468006411047,8111
0.676,0.000616370808678501,8112
0.6760833333333334,0.000616294835449279,8113
0.6761666666666667,0.0006162188809465122,8114
0.67625,0.0006161429451632779,8115
0.6763333333333333,0.0006160670280926564,8116
0.6764166666666667,0.0006159911297277319,8117
0.6765,0.0006159152500615915,8118
0.6765833333333333,0.000615839389087326,8119
0.6766666666666666,0.0006157635467980296,8120
0.67675,0.0006156877231867997,8121
0.6768333333333333,0.0006156119182467373,8122
0.6769166666666667,0.0006155361319709467,8123
0.677,0.0006154603643525357,8124
0.6770833333333334,0.0006153846153846154,8125
0.6771666666666667,0.0006153088850603003,8126
0.67725,0.0006152331733727083,8127
0.6773333333333333,0.0006151574803149606,8128
0.6774166666666667,0.0006150818058801821,8129
0.6775,0.0006150061500615006,8130
0.6775833333333333,0.0006149305128520477,8131
0.6776666666666666,0.0006148548942449582,8132
0.67775,0.0006147792942333702,8133
0.6778333333333333,0.0006147037128104253,8134
0.6779166666666666,0.0006146281499692685,8135
0.678,0.0006145526057030481,8136
0.6780833333333334,0.0006144770800049158,8137
0.6781666666666667,0.0006144015728680265,8138
0.67825,0.0006143260842855387,8139
0.6783333333333333,0.0006142506142506142,8140
0.6784166666666667,0.0006141751627564182,8141
0.6785,0.0006140997297961189,8142
0.6785833333333333,0.0006140243153628884,8143
0.6786666666666666,0.0006139489194499018,8144
0.67875,0.0006138735420503376,8145
0.6788333333333333,0.0006137981831573779,8146
0.6789166666666666,0.0006137228427642077,8147
0.679,0.0006136475208640157,8148
0.6790833333333334,0.0006135722174499938,8149
0.6791666666666667,0.0006134969325153375,8150
0.67925,0.000613421666053245,8151
0.6793333333333333,0.0006133464180569186,8152
0.6794166666666667,0.0006132711885195633,8153
0.6795,0.0006131959774343881,8154
0.6795833333333333,0.0006131207847946045,8155
0.6796666666666666,0.0006130456105934281,8156
0.67975,0.0006129704548240775,8157
0.6798333333333333,0.0006128953174797745,8158
0.6799166666666666,0.0006128201985537443,8159
0.68,0.0006127450980392157,8160
0.6800833333333334,0.0006126700159294204,8161
0.6801666666666667,0.0006125949522175938,8162
0.68025,0.0006125199068969741,8163
0.6803333333333333,0.0006124448799608035,8164
0.6804166666666667,0.000612369871402327,8165
0.6805,0.0006122948812147931,8166
0.6805833333333333,0.0006122199093914534,8167
0.6806666666666666,0.0006121449559255632,8168
0.68075,0.0006120700208103807,8169
0.6808333333333333,0.0006119951040391676,8170
0.6809166666666666,0.0006119202056051891,8171
0.681,0.0006118453255017131,8172
0.6810833333333334,0.0006117704637220115,8173
0.6811666666666667,0.000611695620259359,8174
0.68125,0.0006116207951070336,8175
0.6813333333333333,0.000611545988258317,8176
0.6814166666666667,0.0006114711997064938,8177
0.6815,0.000611396429444852,8178
0.6815833333333333,0.000611321677466683,8179
0.6816666666666666,0.0006112469437652812,8180
0.68175,0.0006111722283339445,8181
0.6818333333333333,0.0006110975311659741,8182
0.6819166666666666,0.0006110228522546743,8183
0.682,0.0006109481915933529,8184
0.6820833333333334,0.0006108735491753207,8185
0.6821666666666667,0.000610798924993892,8186
0.68225,0.0006107243190423843,8187
0.6823333333333333,0.0006106497313141182,8188
0.6824166666666667,0.0006105751618024178,8189
0.6825,0.0006105006105006105,8190
0.6825833333333333,0.0006104260774020266,8191
0.6826666666666666,0.0006103515625,8192
0.68275,0.0006102770657878677,8193
0.6828333333333333,0.00061020258725897,8194
0.6829166666666666,0.0006101281269066504,8195
0.683,0.0006100536847242558,8196
0.6830833333333334,0.000609979260705136,8197
0.6831666666666667,0.0006099048548426446,8198
0.68325,0.0006098304671301379,8199
0.6833333333333333,0.0006097560975609756,8200
0.6834166666666667,0.0006096817461285209,8201
0.6835,0.00060960741282614,8202
0.6835833333333333,0.0006095330976472023,8203
0.6836666666666666,0.0006094588005850804,8204
0.68375,0.0006093845216331506,8205
0.6838333333333333,0.0006093102607847916,8206
0.6839166666666666,0.0006092360180333862,8207
0.684,0.0006091617933723197,8208
0.6840833333333334,0.0006090875867949811,8209
0.6841666666666667,0.0006090133982947625,8210
0.68425,0.000608939227865059,8211
0.6843333333333333,0.0006088650754992694,8212
0.6844166666666667,0.0006087909411907951,8213
0.6845,0.0006087168249330412,8214
0.6845833333333333,0.0006086427267194157,8215
0.6846666666666666,0.0006085686465433301,8216
0.68475,0.0006084945843981989,8217
0.6848333333333333,0.0006084205402774398,8218
0.6849166666666666,0.0006083465141744738,8219
0.685,0.0006082725060827251,8220
0.6850833333333334,0.000608198515995621,8221
0.6851666666666667,0.0006081245439065921,8222
0.68525,0.0006080505898090721,8223
0.6853333333333333,0.0006079766536964981,8224
0.6854166666666667,0.0006079027355623101,8225
0.6855,0.0006078288353999514,8226
0.6855833333333333,0.0006077549532028686,8227
0.6856666666666666,0.0006076810889645114,8228
0.68575,0.0006076072426783327,8229
0.6858333333333333,0.0006075334143377885,8230
0.6859166666666666,0.0006074596039363382,8231
0.686,0.0006073858114674441,8232
0.6860833333333334,0.0006073120369245718,8233
0.6861666666666667,0.0006072382803011902,8234
0.68625,0.0006071645415907711,8235
0.6863333333333334,0.0006070908207867897,8236
0.6864166666666667,0.0006070171178827243,8237
0.6865,0.0006069434328720563,8238
0.6865833333333333,0.0006068697657482705,8239
0.6866666666666666,0.0006067961165048543,8240
0.68675,0.0006067224851352991,8241
0.6868333333333333,0.0006066488716330988,8242
0.6869166666666666,0.0006065752759917505,8243
0.687,0.0006065016982047549,8244
0.6870833333333334,0.0006064281382656155,8245
0.6871666666666667,0.000606354596167839,8246
0.68725,0.0006062810719049351,8247
0.6873333333333334,0.0006062075654704171,8248
0.6874166666666667,0.000606134076857801,8249
0.6875,0.0006060606060606061,8250
0.6875833333333333,0.0006059871530723549,8251
0.6876666666666666,0.0006059137178865729,8252
0.68775,0.0006058403004967891,8253
0.6878333333333333,0.000605766900896535,8254
0.6879166666666666,0.0006056935190793458,8255
0.688,0.0006056201550387597,8256
0.6880833333333334,0.0006055468087683178,8257
0.6881666666666667,0.0006054734802615645,8258
0.68825,0.0006054001695120475,8259
0.6883333333333334,0.0006053268765133172,8260
0.6884166666666667,0.0006052536012589275,8261
0.6885,0.0006051803437424352,8262
0.6885833333333333,0.0006051071039574004,8263
0.6886666666666666,0.0006050338818973862,8264
0.68875,0.0006049606775559589,8265
0.6888333333333333,0.0006048874909266877,8266
0.6889166666666666,0.000604814322003145,8267
0.689,0.0006047411707789066,8268
0.6890833333333334,0.0006046680372475511,8269
0.6891666666666667,0.0006045949214026602,8270
0.68925,0.0006045218232378189,8271
0.6893333333333334,0.0006044487427466151,8272
0.6894166666666667,0.0006043756799226399,8273
0.6895,0.0006043026347594875,8274
0.6895833333333333,0.0006042296072507553,8275
0.6896666666666667,0.0006041565973900435,8276
0.68975,0.0006040836051709556,8277
0.6898333333333333,0.0006040106305870984,8278
0.6899166666666666,0.0006039376736320811,8279
0.69,0.0006038647342995169,8280
0.6900833333333334,0.0006037918125830214,8281
0.6901666666666667,0.0006037189084762135,8282
0.69025,0.0006036460219727152,8283
0.6903333333333334,0.0006035731530661516,8284
0.6904166666666667,0.0006035003017501509,8285
0.6905,0.0006034274680183442,8286
0.6905833333333333,0.0006033546518643658,8287
0.6906666666666667,0.0006032818532818533,8288
0.69075,0.0006032090722644469,8289
0.6908333333333333,0.0006031363088057901,8290
0.6909166666666666,0.0006030635628995297,8291
0.691,0.000602990834539315,8292
0.6910833333333334,0.000602918123718799,8293
0.6911666666666667,0.0006028454304316373,8294
0.69125,0.0006027727546714888,8295
0.6913333333333334,0.0006027000964320154,8296
0.6914166666666667,0.000602627455706882,8297
0.6915,0.0006025548324897565,8298
0.6915833333333333,0.0006024822267743102,8299
0.6916666666666667,0.0006024096385542169,8300
0.69175,0.0006023370678231539,8301
0.6918333333333333,0.0006022645145748012,8302
0.6919166666666666,0.0006021919788028423,8303
0.692,0.0006021194605009633,8304
0.6920833333333334,0.0006020469596628537,8305
0.6921666666666667,0.0006019744762822056,8306
0.69225,0.0006019020103527145,8307
0.6923333333333334,0.000601829561868079,8308
0.6924166666666667,0.0006017571308220002,8309
0.6925,0.0006016847172081829,8310
0.6925833333333333,0.0006016123210203345,8311
0.6926666666666667,0.0006015399422521655,8312
0.69275,0.0006014675808973896,8313
0.6928333333333333,0.0006013952369497233,8314
0.6929166666666666,0.0006013229104028864,8315
0.693,0.0006012506012506013,8316
0.6930833333333334,0.0006011783094865938,8317
0.6931666666666667,0.0006011060351045924,8318
0.69325,0.000721240533717995,8319
0.6933333333333334,0.0007211538461538462,8320
0.6934166666666667,0.0007210671794255498,8321
0.6935,0.0007209805335255948,8322
0.6935833333333333,0.0007208939084464737,8323
0.6936666666666667,0.0007208073041806823,8324
0.69375,0.0007207207207207207,8325
0.6938333333333333,0.000720634158059092,8326
0.6939166666666666,0.0007205476161883031,8327
0.694,0.0007204610951008645,8328
0.6940833333333334,0.0007203745947892904,8329
0.6941666666666667,0.0007202881152460984,8330
0.69425,0.0007202016564638099,8331
0.6943333333333334,0.0007201152184349496,8332
0.6944166666666667,0.0007200288011520461,8333
0.6945,0.0007199424046076314,8334
0.6945833333333333,0.0007198560287942411,8335
0.6946666666666667,0.0007197696737044146,8336
0.69475,0.0007196833393306944,8337
0.6948333333333333,0.0007195970256656273,8338
0.6949166666666666,0.0007195107327017628,8339
0.695,0.0007194244604316547,8340
0.6950833333333334,0.0007193382088478599,8341
0.6951666666666667,0.0007192519779429394,8342
0.69525,0.000719165767709457,8343
0.6953333333333334,0.0007190795781399808,8344
0.6954166666666667,0.000718993409227082,8345
0.6955,0.0007189072609633358,8346
0.6955833333333333,0.0007188211333413202,8347
0.6956666666666667,0.0007187350263536176,8348
0.69575,0.0007186489399928135,8349
0.6958333333333333,0.000718562874251497,8350
0.6959166666666666,0.0007184768291222608,8351
0.696,0.0007183908045977011,8352
0.6960833333333334,0.0007183048006704178,8353
0.6961666666666667,0.0007182188173330142,8354
0.69625,0.000718132854578097,8355
0.6963333333333334,0.0007180469123982767,8356
0.6964166666666667,0.0007179609907861673,8357
0.6965,0.0007178750897343862,8358
0.6965833333333333,0.0007177892092355545,8359
0.6966666666666667,0.0007177033492822966,8360
0.69675,0.0007176175098672408,8361
0.6968333333333333,0.0007175316909830184,8362
0.6969166666666666,0.0007174458926222648,8363
0.697,0.0007173601147776184,8364
0.6970833333333334,0.0007172743574417215,8365
0.6971666666666667,0.0007171886206072197,8366
0.69725,0.0007171029042667623,8367
0.6973333333333334,0.0007170172084130019,8368
0.6974166666666667,0.0007169315330385948,8369
0.6975,0.0007168458781362007,8370
0.6975833333333333,0.0007167602436984828,8371
0.6976666666666667,0.000716674629718108,8372
0.69775,0.0007165890361877463,8373
0.6978333333333333,0.0007165034631000717,8374
0.6979166666666666,0.0007164179104477612,8375
0.698,0.0007163323782234957,8376
0.6980833333333333,0.0007162468664199595,8377
0.6981666666666667,0.0007161613750298401,8378
0.69825,0.0007160759040458289,8379
0.6983333333333334,0.0007159904534606205,8380
0.6984166666666667,0.0007159050232669132,8381
0.6985,0.0007158196134574087,8382
0.6985833333333333,0.0007157342240248121,8383
0.6986666666666667,0.0007156488549618321,8384
0.69875,0.0007155635062611807,8385
0.6988333333333333,0.0007154781779155736,8386
0.6989166666666666,0.0007153928699177298,8387
0.699,0.000715307582260372,8388
0.6990833333333333,0.000715222314936226,8389
0.6991666666666667,0.0007151370679380214,8390
0.69925,0.0007150518412584912,8391
0.6993333333333334,0.0007149666348903718,8392
0.6994166666666667,0.0007148814488264029,8393
0.6995,0.0007147962830593281,8394
0.6995833333333333,0.0007147111375818939,8395
0.6996666666666667,0.0007146260123868509,8396
0.69975,0.0007145409074669524,8397
0.6998333333333333,0.0007144558228149559,8398
0.6999166666666666,0.0007143707584236218,8399
0.7,0.0007142857142857143,8400
0.7000833333333333,0.0007142006903940007,8401
0.7001666666666667,0.0007141156867412521,8402
0.70025,0.0007140307033202428,8403
0.7003333333333334,0.0007139457401237506,8404
0.7004166666666667,0.0007138607971445568,8405
0.7005,0.0007137758743754461,8406
0.7005833333333333,0.0007136909718092066,8407
0.7006666666666667,0.0007136060894386299,8408
0.70075,0.0007135212272565109,8409
0.7008333333333333,0.000713436385255648,8410
0.7009166666666666,0.0007133515634288432,8411
0.701,0.0007132667617689016,8412
0.7010833333333333,0.0007131819802686319,8413
0.7011666666666667,0.0007130972189208462,8414
0.70125,0.00071301247771836,8415
0.7013333333333334,0.0007129277566539924,8416
0.7014166666666667,0.0007128430557205655,8417
0.7015,0.0007127583749109052,8418
0.7015833333333333,0.0007126737142178406,8419
0.7016666666666667,0.0007125890736342043,8420
0.70175,0.0007125044531528322,8421
0.7018333333333333,0.0007124198527665638,8422
0.7019166666666666,0.0007123352724682417,8423
0.702,0.0007122507122507123,8424
0.7020833333333333,0.000712166172106825,8425
0.7021666666666667,0.0007120816520294327,8426
0.70225,0.000711997152011392,8427
0.7023333333333334,0.0007119126720455624,8428
0.7024166666666667,0.0007118282121248073,8429
0.7025,0.0007117437722419929,8430
0.7025833333333333,0.0007116593523899894,8431
0.7026666666666667,0.0007115749525616698,8432
0.70275,0.000711490572749911,8433
0.7028333333333333,0.0007114062129475931,8434
0.7029166666666666,0.0007113218731475993,8435
0.703,0.0007112375533428165,8436
0.7030833333333333,0.0007111532535261348,8437
0.7031666666666667,0.000711068973690448,8438
0.70325,0.0007109847138286527,8439
0.7033333333333334,0.0007109004739336493,8440
0.7034166666666667,0.0007108162539983414,8441
0.7035,0.0007107320540156361,8442
0.7035833333333333,0.0007106478739784437,8443
0.7036666666666667,0.0007105637138796779,8444
0.70375,0.0008288928359976317,8445
0.7038333333333333,0.0008287946957139474,8446
0.7039166666666666,0.0008286965786669824,8447
0.704,0.0008285984848484849,8448
0.7040833333333333,0.0008285004142502071,8449
0.7041666666666667,0.0008284023668639054,8450
0.70425,0.0008283043426813394,8451
0.7043333333333334,0.0008282063416942735,8452
0.7044166666666667,0.0008281083638944754,8453
0.7045,0.0008280104092737166,8454
0.7045833333333333,0.0008279124778237729,8455
0.7046666666666667,0.0008278145695364238,8456
0.70475,0.0008277166844034528,8457
0.7048333333333333,0.000827618822416647,8458
0.7049166666666666,0.0008275209835677976,8459
0.705,0.0008274231678486998,8460
0.7050833333333333,0.0008273253752511524,8461
0.7051666666666667,0.0008272276057669581,8462
0.70525,0.0008271298593879239,8463
0.7053333333333334,0.0008270321361058601,8464
0.7054166666666667,0.0008269344359125812,8465
0.7055,0.0008268367587999055,8466
0.7055833333333333,0.0008267391047596551,8467
0.7056666666666667,0.0008266414737836561,8468
0.70575,0.0008265438658637384,8469
0.7058333333333333,0.0008264462809917355,8470
0.7059166666666666,0.0008263487191594853,8471
0.706,0.0008262511803588291,8472
0.7060833333333333,0.0008261536645816122,8473
0.7061666666666667,0.0008260561718196837,8474
0.70625,0.0008259587020648968,8475
0.7063333333333334,0.0008258612553091081,8476
0.7064166666666667,0.0008257638315441783,8477
0.7065,0.0008256664307619722,8478
0.7065833333333333,0.0008255690529543579,8479
0.7066666666666667,0.0008254716981132076,8480
0.70675,0.0008253743662303974,8481
0.7068333333333333,0.0008252770572978071,8482
0.7069166666666666,0.0008251797713073205,8483
0.707,0.0008250825082508251,8484
0.7070833333333333,0.0008249852681202121,8485
0.7071666666666667,0.0008248880509073768,8486
0.70725,0.0008247908566042182,8487
0.7073333333333334,0.000824693685202639,8488
0.7074166666666667,0.0008245965366945459,8489
0.7075,0.0008244994110718492,8490
0.7075833333333333,0.0008244023083264633,8491
0.7076666666666667,0.0008243052284503062,8492
0.70775,0.0009419521959260568,8493
0.7078333333333333,0.0009418412997409936,8494
0.7079166666666666,0.0009417304296645085,8495
0.708,0.0009416195856873823,8496
0.7080833333333333,0.0009415087678004002,8497
0.7081666666666667,0.0009413979759943516,8498
0.70825,0.0009412872102600306,8499
0.7083333333333334,0.0009411764705882353,8500
0.7084166666666667,0.0009410657569697683,8501
0.7085,0.0009409550693954364,8502
0.7085833333333333,0.0009408444078560508,8503
0.7086666666666667,0.0009407337723424271,8504
0.70875,0.0009406231628453851,8505
0.7088333333333333,0.0009405125793557489,8506
0.7089166666666666,0.000940402021864347,8507
0.709,0.0009402914903620122,8508
0.7090833333333333,0.0009401809848395816,8509
0.7091666666666666,0.0009400705052878966,8510
0.70925,0.0009399600516978028,8511
0.7093333333333334,0.0009398496240601503,8512
0.7094166666666667,0.0009397392223657935,8513
0.7095,0.0009396288466055908,8514
0.7095833333333333,0.0009395184967704052,8515
0.7096666666666667,0.0009394081728511038,8516
0.70975,0.0009392978748385582,8517
0.7098333333333333,0.0009391876027236441,8518
0.7099166666666666,0.0009390773564972414,8519
0.71,0.0009389671361502347,8520
0.7100833333333333,0.0009388569416735125,8521
0.7101666666666666,0.0009387467730579676,8522
0.71025,0.0009386366302944972,8523
0.7103333333333334,0.0009385265133740028,8524
0.7104166666666667,0.00093841642228739,8525
0.7105,0.0009383063570255688,8526
0.7105833333333333,0.0009381963175794535,8527
0.7106666666666667,0.0009380863039399625,8528
0.71075,0.0009379763160980185,8529
0.7108333333333333,0.0009378663540445487,8530
0.7109166666666666,0.0009377564177704841,8531
0.711,0.0009376465072667605,8532
0.7110833333333333,0.0009375366225243173,8533
0.7111666666666666,0.0009374267635340989,8534
0.71125,0.0009373169302870533,8535
0.7113333333333334,0.0009372071227741331,8536
0.7114166666666667,0.000937097340986295,8537
0.7115,0.0009369875849144999,8538
0.7115833333333333,0.0009368778545497131,8539
0.7116666666666667,0.000936768149882904,8540
0.71175,0.0009366584709050462,8541
0.7118333333333333,0.0009365488176071178,8542
0.7119166666666666,0.0009364391899801006,8543
0.712,0.0009363295880149813,8544
0.7120833333333333,0.0009362200117027502,8545
0.7121666666666666,0.000936110461034402,8546
0.71225,0.000936000936000936,8547
0.7123333333333334,0.0009358914365933552,8548
0.7124166666666667,0.000935781962802667,8549
0.7125,0.0009356725146198831,8550
0.7125833333333333,0.0009355630920360191,8551
0.7126666666666667,0.0009354536950420954,8552
0.71275,0.0009353443236291359,8553
0.7128333333333333,0.0009352349777881693,8554
0.7129166666666666,0.000935125657510228,8555
0.713,0.0009350163627863488,8556
0.7130833333333333,0.0009349070936075728,8557
0.7131666666666666,0.0009347978499649451,8558
0.71325,0.0009346886318495151,8559
0.7133333333333334,0.0009345794392523365,8560
0.7134166666666667,0.0009344702721644668,8561
0.7135,0.000934361130576968,8562
0.7135833333333333,0.0009342520144809063,8563
0.7136666666666667,0.0009341429238673517,8564
0.71375,0.0009340338587273788,8565
0.7138333333333333,0.0009339248190520663,8566
0.7139166666666666,0.0009338158048324968,8567
0.714,0.0009337068160597573,8568
0.7140833333333333,0.0009335978527249387,8569
0.7141666666666666,0.0009334889148191366,8570
0.71425,0.00093338000233345,8571
0.7143333333333334,0.0009332711152589828,8572
0.7144166666666667,0.0009331622535868425,8573
0.7145,0.0009330534173081409,8574
0.7145833333333333,0.0009329446064139942,8575
0.7146666666666667,0.0009328358208955224,8576
0.71475,0.0009327270607438498,8577
0.7148333333333333,0.0009326183259501049,8578
0.7149166666666666,0.0009325096165054202,8579
0.715,0.0009324009324009324,8580
0.7150833333333333,0.0009322922736277824,8581
0.7151666666666666,0.0009321836401771149,8582
0.71525,0.0009320750320400792,8583
0.7153333333333334,0.0009319664492078285,8584
0.7154166666666667,0.0009318578916715201,8585
0.7155,0.0009317493594223154,8586
0.7155833333333333,0.00093164085245138,8587
0.7156666666666667,0.0009315323707498836,8588
0.71575,0.0009314239143089998,8589
0.7158333333333333,0.0009313154831199069,8590
0.7159166666666666,0.0009312070771737865,8591
0.716,0.000931098696461825,8592
0.7160833333333333,0.0009309903409752124,8593
0.7161666666666666,0.0009308820107051431,8594
0.71625,0.0009307737056428156,8595
0.7163333333333334,0.0009306654257794323,8596
0.7164166666666667,0.0009305571711061999,8597
0.7165,0.0009304489416143289,8598
0.7165833333333333,0.0009303407372950343,8599
0.7166666666666667,0.0009302325581395349,8600
0.71675,0.0009301244041390535,8601
0.7168333333333333,0.0009300162752848175,8602
0.7169166666666666,0.0009299081715680576,8603
0.717,0.0009298000929800093,8604
0.7170833333333333,0.0009296920395119117,8605
0.7171666666666666,0.0009295840111550081,8606
0.71725,0.000929476007900546,8607
0.7173333333333334,0.0009293680297397769,8608
0.7174166666666667,0.0009292600766639563,8609
0.7175,0.0009291521486643438,8610
0.7175833333333334,0.000929044245732203,8611
0.7176666666666667,0.0009289363678588017,8612
0.71775,0.0009288285150354116,8613
0.7178333333333333,0.0009287206872533086,8614
0.7179166666666666,0.0009286128845037725,8615
0.718,0.0009285051067780873,8616
0.7180833333333333,0.0009283973540675409,8617
0.7181666666666666,0.0009282896263634254,8618
0.71825,0.0009281819236570367,8619
0.7183333333333334,0.0009280742459396752,8620
0.7184166666666667,0.0009279665932026447,8621
0.7185,0.0009278589654372535,8622
0.7185833333333334,0.0009277513626348139,8623
0.7186666666666667,0.0009276437847866419,8624
0.71875,0.0009275362318840579,8625
0.7188333333333333,0.0009274287039183863,8626
0.7189166666666666,0.0009273212008809551,8627
0.719,0.0009272137227630969,8628
0.7190833333333333,0.0009271062695561478,8629
0.7191666666666666,0.0009269988412514484,8630
0.71925,0.000926891437840343,8631
0.7193333333333334,0.0009267840593141798,8632
0.7194166666666667,0.0009266767056643114,8633
0.7195,0.000926569376882094,8634
0.7195833333333334,0.0009264620729588882,8635
0.7196666666666667,0.0009263547938860583,8636
0.71975,0.0009262475396549728,8637
0.7198333333333333,0.0009261403102570039,8638
0.7199166666666666,0.0009260331056835282,8639
0.72,0.000925925925925926,8640
0.7200833333333333,0.0009258187709755816,8641
0.7201666666666666,0.0009257116408238834,8642
0.72025,0.0009256045354622237,8643
0.7203333333333334,0.0009254974548819991,8644
0.7204166666666667,0.0009253903990746096,8645
0.7205,0.0009252833680314596,8646
0.7205833333333334,0.0009251763617439575,8647
0.7206666666666667,0.0009250693802035153,8648
0.72075,0.0009249624234015493,8649
0.7208333333333333,0.0009248554913294797,8650
0.7209166666666667,0.0009247485839787308,8651
0.721,0.0009246417013407304,8652
0.7210833333333333,0.0009245348434069109,8653
0.7211666666666666,0.0009244280101687081,8654
0.72125,0.0009243212016175621,8655
0.7213333333333334,0.0009242144177449168,8656
0.7214166666666667,0.0009241076585422202,8657
0.7215,0.000924000924000924,8658
0.7215833333333334,0.0009238942141124841,8659
0.7216666666666667,0.0009237875288683603,8660
0.72175,0.0009236808682600162,8661
0.7218333333333333,0.0009235742322789194,8662
0.7219166666666667,0.0009234676209165416,8663
0.722,0.0009233610341643582,8664
0.7220833333333333,0.0009232544720138488,8665
0.7221666666666666,0.0009231479344564967,8666
0.72225,0.000923041421483789,8667
0.7223333333333334,0.0009229349330872173,8668
0.7224166666666667,0.0009228284692582767,8669
0.7225,0.000922722029988466,8670
0.7225833333333334,0.0009226156152692884,8671
0.7226666666666667,0.0009225092250922509,8672
0.72275,0.0009224028594488643,8673
0.7228333333333333,0.0009222965183306433,8674
0.7229166666666667,0.0009221902017291067,8675
0.723,0.0009220839096357768,8676
0.7230833333333333,0.0009219776420421805,8677
0.7231666666666666,0.0009218713989398478,8678
0.72325,0.0009217651803203134,8679
0.7233333333333334,0.0009216589861751152,8680
0.7234166666666667,0.0009215528164957954,8681
0.7235,0.0009214466712739,8682
0.7235833333333334,0.0009213405505009789,8683
0.7236666666666667,0.0009212344541685859,8684
0.72375,0.0009211283822682787,8685
0.7238333333333333,0.0009210223347916187,8686
0.7239166666666667,0.0009209163117301715,8687
0.724,0.0009208103130755065,8688
0.7240833333333333,0.0009207043388191967,8689
0.7241666666666666,0.0009205983889528193,8690
0.72425,0.0009204924634679554,8691
0.7243333333333334,0.0009203865623561896,8692
0.7244166666666667,0.0009202806856091108,8693
0.7245,0.0009201748332183115,8694
0.7245833333333334,0.0009200690051753881,8695
0.7246666666666667,0.0009199632014719411,8696
0.72475,0.0009198574220995745,8697
0.7248333333333333,0.0009197516670498966,8698
0.7249166666666667,0.0009196459363145189,8699
0.725,0.0009195402298850574,8700
0.7250833333333333,0.0009194345477531318,8701
0.7251666666666666,0.0009193288899103654,8702
0.72525,0.0009192232563483856,8703
0.7253333333333334,0.0009191176470588235,8704
0.7254166666666667,0.0009190120620333142,8705
0.7255,0.0009189065012634965,8706
0.7255833333333334,0.000918800964741013,8707
0.7256666666666667,0.0009186954524575103,8708
0.72575,0.0009185899644046389,8709
0.7258333333333333,0.0009184845005740528,8710
0.7259166666666667,0.0009183790609574102,8711
0.726,0.0009182736455463728,8712
0.7260833333333333,0.0009181682543326064,8713
0.7261666666666666,0.0009180628873077806,8714
0.72625,0.0009179575444635686,8715
0.7263333333333334,0.0009178522257916476,8716
0.7264166666666667,0.0009177469312836985,8717
0.7265,0.0009176416609314062,8718
0.7265833333333334,0.0009175364147264595,8719
0.7266666666666667,0.0009174311926605505,8720
0.72675,0.0009173259947253755,8721
0.7268333333333333,0.0009172208209126347,8722
0.7269166666666667,0.0009171156712140319,8723
0.727,0.0009170105456212746,8724
0.7270833333333333,0.0009169054441260745,8725
0.7271666666666666,0.0009168003667201467,8726
0.72725,0.0009166953133952103,8727
0.7273333333333334,0.0009165902841429881,8728
0.7274166666666667,0.0009164852789552068,8729
0.7275,0.0009163802978235968,8730
0.7275833333333334,0.0009162753407398924,8731
0.7276666666666667,0.0009161704076958314,8732
0.72775,0.0009160654986831558,8733
0.7278333333333333,0.0009159606136936112,8734
0.7279166666666667,0.0009158557527189468,8735
0.728,0.0009157509157509158,8736
0.7280833333333333,0.000915646102781275,8737
0.7281666666666666,0.0009155413138017853,8738
0.72825,0.000915436548804211,8739
0.7283333333333334,0.0009153318077803204,8740
0.7284166666666667,0.0009152270907218854,8741
0.7285,0.0009151223976206818,8742
0.7285833333333334,0.000915017728468489,8743
0.7286666666666667,0.0009149130832570906,8744
0.72875,0.0009148084619782733,8745
0.7288333333333333,0.000914703864623828,8746
0.7289166666666667,0.0009145992911855493,8747
0.729,0.0009144947416552355,8748
0.7290833333333333,0.0009143902160246885,8749
0.7291666666666666,0.0009142857142857143,8750
0.72925,0.0009141812364301222,8751
0.7293333333333333,0.0009140767824497258,8752
0.7294166666666667,0.0009139723523363418,8753
0.7295,0.0009138679460817912,8754
0.7295833333333334,0.0009137635636778984,8755
0.7296666666666667,0.0009136592051164915,8756
0.72975,0.0009135548703894027,8757
0.7298333333333333,0.0009134505594884677,8758
0.7299166666666667,0.0009133462724055258,8759
0.73,0.0009132420091324201,8760
0.7300833333333333,0.0009131377696609977,8761
0.7301666666666666,0.0009130335539831089,8762
0.73025,0.0009129293620906082,8763
0.7303333333333333,0.0009128251939753537,8764
0.7304166666666667,0.0009127210496292071,8765
0.7305,0.0009126169290440338,8766
0.7305833333333334,0.000912512832211703,8767
0.7306666666666667,0.0009124087591240876,8768
0.73075,0.0009123047097730642,8769
0.7308333333333333,0.0009122006841505131,8770
0.7309166666666667,0.0009120966822483183,8771
0.731,0.0009119927040583675,8772
0.7310833333333333,0.0009118887495725522,8773
0.7311666666666666,0.0009117848187827673,8774
0.73125,0.0009116809116809116,8775
0.7313333333333333,0.0009115770282588879,8776
0.7314166666666667,0.000911473168508602,8777
0.7315,0.000911369332421964,8778
0.7315833333333334,0.0009112655199908873,8779
0.7316666666666667,0.0009111617312072893,8780
0.73175,0.0009110579660630908,8781
0.7318333333333333,0.0009109542245502164,8782
0.7319166666666667,0.0009108505066605943,8783
0.732,0.0009107468123861566,8784
0.7320833333333333,0.000910643141718839,8785
0.7321666666666666,0.0009105394946505805,8786
0.73225,0.0009104358711733243,8787
0.7323333333333333,0.0009103322712790169,8788
0.7324166666666667,0.0009102286949596086,8789
0.7325,0.0009101251422070534,8790
0.7325833333333334,0.0009100216130133091,8791
0.7326666666666667,0.0009099181073703367,8792
0.73275,0.0009098146252701012,8793
0.7328333333333333,0.0009097111667045713,8794
0.7329166666666667,0.0009096077316657191,8795
0.733,0.0009095043201455207,8796
0.7330833333333333,0.0009094009321359554,8797
0.7331666666666666,0.0009092975676290066,8798
0.73325,0.000909194226616661,8799
0.7333333333333333,0.0009090909090909091,8800
0.7334166666666667,0.000908987615043745,8801
0.7335,0.0009088843444671666,8802
0.7335833333333334,0.0009087810973531751,8803
0.7336666666666667,0.0009086778736937755,8804
0.73375,0.0009085746734809767,8805
0.7338333333333333,0.0009084714967067908,8806
0.7339166666666667,0.0009083683433632338,8807
0.734,0.0009082652134423251,8808
0.7340833333333333,0.0009081621069360881,8809
0.7341666666666666,0.0009080590238365494,8810
0.73425,0.0009079559641357395,8811
0.7343333333333333,0.0009078529278256923,8812
0.7344166666666667,0.0009077499148984454,8813
0.7345,0.0009076469253460404,8814
0.7345833333333334,0.0009075439591605219,8815
0.7346666666666667,0.0009074410163339383,8816
0.73475,0.0009073380968583418,8817
0.7348333333333333,0.0009072352007257881,8818
0.7349166666666667,0.0009071323279283366,8819
0.735,0.0009070294784580499,8820
0.7350833333333333,0.0009069266523069947,8821
0.7351666666666666,0.000906823849467241,8822
0.73525,0.0009067210699308625,8823
0.7353333333333333,0.0009066183136899365,8824
0.7354166666666667,0.0009065155807365439,8825
0.7355,0.0009064128710627691,8826
0.7355833333333334,0.0009063101846607002,8827
0.7356666666666667,0.0009062075215224287,8828
0.73575,0.0009061048816400498,8829
0.7358333333333333,0.0009060022650056625,8830
0.7359166666666667,0.000905899671611369,8831
0.736,0.0009057971014492754,8832
0.7360833333333333,0.000905694554511491,8833
0.7361666666666666,0.000905592030790129,8834
0.73625,0.0009054895302773062,8835
0.7363333333333333,0.0009053870529651426,8836
0.7364166666666667,0.0009052845988457622,8837
0.7365,0.0009051821679112921,8838
0.7365833333333334,0.0009050797601538635,8839
0.7366666666666667,0.0009049773755656109,8840
0.73675,0.0009048750141386721,8841
0.7368333333333333,0.0009047726758651889,8842
0.7369166666666667,0.0009046703607373063,8843
0.737,0.0009045680687471732,8844
0.7370833333333333,0.0009044657998869418,8845
0.7371666666666666,0.0009043635541487678,8846
0.73725,0.0009042613315248107,8847
0.7373333333333333,0.0009041591320072332,8848
0.7374166666666667,0.0009040569555882021,8849
0.7375,0.000903954802259887,8850
0.7375833333333334,0.0009038526720144617,8851
0.7376666666666667,0.0009037505648441031,8852
0.73775,0.0009036484807409918,8853
0.7378333333333333,0.0009035464196973119,8854
0.7379166666666667,0.0009034443817052513,8855
0.738,0.0009033423667570009,8856
0.7380833333333333,0.0009032403748447555,8857
0.7381666666666666,0.0009031384059607134,8858
0.73825,0.0009030364600970764,8859
0.7383333333333333,0.0009029345372460496,8860
0.7384166666666667,0.000902832637399842,8861
0.7385,0.0009027307605506658,8862
0.7385833333333334,0.0009026289066907368,8863
0.7386666666666667,0.0009025270758122744,8864
0.73875,0.0009024252679075014,8865
0.7388333333333333,0.0009023234829686443,8866
0.7389166666666667,0.0009022217209879328,8867
0.739,0.0009021199819576004,8868
0.7390833333333333,0.0009020182658698838,8869
0.7391666666666666,0.0009019165727170237,8870
0.73925,0.0009018149024912637,8871
0.7393333333333333,0.0009017132551848512,8872
0.7394166666666667,0.0009016116307900371,8873
0.7395,0.000901510029299076,8874
0.7395833333333334,0.0009014084507042254,8875
0.7396666666666667,0.0009013068949977468,8876
0.73975,0.000901205362171905,8877
0.7398333333333333,0.0009011038522189682,8878
0.7399166666666667,0.0009010023651312085,8879
0.74,0.0009009009009009009,8880
0.7400833333333333,0.0009007994595203243,8881
0.7401666666666666,0.0009006980409817609,8882
0.74025,0.0009005966452774963,8883
0.7403333333333333,0.0009004952723998199,8884
0.7404166666666666,0.0009003939223410242,8885
0.7405,0.0009002925950934053,8886
0.7405833333333334,0.000900191290649263,8887
0.7406666666666667,0.0009000900090009,8888
0.74075,0.0008999887501406232,8889
0.7408333333333333,0.0008998875140607424,8890
0.7409166666666667,0.000899786300753571,8891
0.741,0.000899685110211426,8892
0.7410833333333333,0.0008995839424266276,8893
0.7411666666666666,0.0008994827973914999,8894
0.74125,0.0008993816750983699,8895
0.7413333333333333,0.0008992805755395684,8896
0.7414166666666666,0.0008991794987074295,8897
0.7415,0.0008990784445942908,8898
0.7415833333333334,0.0008989774131924936,8899
0.7416666666666667,0.0008988764044943821,8900
0.74175,0.0008987754184923043,8901
0.7418333333333333,0.0008986744551786115,8902
0.7419166666666667,0.0008985735145456587,8903
0.742,0.0008984725965858042,8904
0.7420833333333333,0.0008983717012914093,8905
0.7421666666666666,0.0008982708286548395,8906
0.74225,0.000898169978668463,8907
0.7423333333333333,0.000898069151324652,8908
0.7424166666666666,0.0008979683466157818,8909
0.7425,0.0008978675645342312,8910
0.7425833333333334,0.0008977668050723825,8911
0.7426666666666667,0.0008976660682226212,8912
0.74275,0.0008975653539773365,8913
0.7428333333333333,0.0008974646623289208,8914
0.7429166666666667,0.00089736399326977,8915
0.743,0.0008972633467922835,8916
0.7430833333333333,0.000897162722888864,8917
0.7431666666666666,0.0008970621215519175,8918
0.74325,0.0008969615427738536,8919
0.7433333333333333,0.0008968609865470852,8920
0.7434166666666666,0.0008967604528640287,8921
0.7435,0.0008966599417171038,8922
0.7435833333333334,0.0008965594530987336,8923
0.7436666666666667,0.0008964589870013447,8924
0.74375,0.000896358543417367,8925
0.7438333333333333,0.0008962581223392337,8926
0.7439166666666667,0.0008961577237593816,8927
0.744,0.0008960573476702509,8928
0.7440833333333333,0.0008959569940642849,8929
0.7441666666666666,0.0008958566629339306,8930
0.74425,0.0008957563542716381,8931
0.7443333333333333,0.0008956560680698612,8932
0.7444166666666666,0.0008955558043210567,8933
0.7445,0.0008954555630176853,8934
0.7445833333333334,0.0008953553441522104,8935
0.7446666666666667,0.0008952551477170994,8936
0.74475,0.0008951549737048226,8937
0.7448333333333333,0.0008950548221078541,8938
0.7449166666666667,0.000894954692918671,8939
0.745,0.0008948545861297539,8940
0.7450833333333333,0.0008947545017335869,8941
0.7451666666666666,0.0008946544397226571,8942
0.74525,0.0008945544000894555,8943
0.7453333333333333,0.0008944543828264759,8944
0.7454166666666666,0.0008943543879262158,8945
0.7455,0.000894254415381176,8946
0.7455833333333334,0.0008941544651838605,8947
0.7456666666666667,0.000894054537326777,8948
0.74575,0.0008939546318024361,8949
0.7458333333333333,0.000893854748603352,8950
0.7459166666666667,0.0008937548877220422,8951
0.746,0.0008936550491510277,8952
0.7460833333333333,0.0008935552328828326,8953
0.7461666666666666,0.0008934554389099843,8954
0.74625,0.0008933556672250139,8955
0.7463333333333333,0.0008932559178204555,8956
0.7464166666666666,0.0008931561906888468,8957
0.7465,0.0008930564858227283,8958
0.7465833333333334,0.0008929568032146445,8959
0.7466666666666667,0.0008928571428571428,8960
0.74675,0.0008927575047427743,8961
0.7468333333333333,0.0008926578888640928,8962
0.7469166666666667,0.0008925582952136561,8963
0.747,0.000892458723784025,8964
0.7470833333333333,0.0008923591745677636,8965
0.7471666666666666,0.0008922596475574393,8966
0.74725,0.0008921601427456229,8967
0.7473333333333333,0.0008920606601248885,8968
0.7474166666666666,0.0008919611996878136,8969
0.7475,0.0008918617614269788,8970
0.7475833333333334,0.0008917623453349682,8971
0.7476666666666667,0.0008916629514043691,8972
0.74775,0.0008915635796277722,8973
0.7478333333333333,0.0008914642299977714,8974
0.7479166666666667,0.0008913649025069638,8975
0.748,0.00089126559714795,8976
0.7480833333333333,0.0008911663139133341,8977
0.7481666666666666,0.0010024504343951882,8978
0.74825,0.0010023387905111927,8979
0.7483333333333333,0.0010022271714922048,8980
0.7484166666666666,0.0010021155773299187,8981
0.7485,0.001002004008016032,8982
0.7485833333333334,0.0010018924635422464,8983
0.7486666666666667,0.001001780943900267,8984
0.74875,0.001001669449081803,8985
0.7488333333333334,0.0010015579790785666,8986
0.7489166666666667,0.0010014465338822743,8987
0.749,0.0010013351134846463,8988
0.7490833333333333,0.0010012237178774056,8989
0.7491666666666666,0.0010011123470522803,8990
0.74925,0.001001001001001001,8991
0.7493333333333333,0.0010008896797153025,8992
0.7494166666666666,0.001000778383186923,8993
0.7495,0.0010006671114076052,8994
0.7495833333333334,0.0010005558643690939,8995
0.7496666666666667,0.0010004446420631393,8996
0.74975,0.0010003334444814939,8997
0.7498333333333334,0.0010002222716159147,8998
0.7499166666666667,0.001000111123458162,8999
0.75,0.001,9000
0.7500833333333333,0.0009998889012331964,9001
0.7501666666666666,0.0009997778271495224,9002
0.75025,0.000999666777740753,9003
0.7503333333333333,0.0009995557529986672,9004
0.7504166666666666,0.000999444752915047,9005
0.7505,0.000999333777481679,9006
0.7505833333333334,0.000999222826690352,9007
0.7506666666666667,0.0009991119005328597,9008
0.75075,0.000999000999000999,9009
0.7508333333333334,0.0009988901220865706,9010
0.7509166666666667,0.0009987792697813782,9011
0.751,0.0009986684420772304,9012
0.7510833333333333,0.000998557638965938,9013
0.7511666666666666,0.0009984468604393166,9014
0.75125,0.0009983361064891847,9015
0.7513333333333333,0.0009982253771073646,9016
0.7514166666666666,0.0009981146722856827,9017
0.7515,0.000998003992015968,9018
0.7515833333333334,0.0009978933362900543,9019
0.7516666666666667,0.0009977827050997783,9020
0.75175,0.0009976720984369804,9021
0.7518333333333334,0.0009975615162935048,9022
0.7519166666666667,0.0009974509586611992,9023
0.752,0.0009973404255319148,9024
0.7520833333333333,0.000997229916897507,9025
0.7521666666666667,0.0009971194327498339,9026
0.75225,0.0009970089730807576,9027
0.7523333333333333,0.0009968985378821444,9028
0.7524166666666666,0.0009967881271458633,9029
0.7525,0.0009966777408637873,9030
0.7525833333333334,0.0009965673790277932,9031
0.7526666666666667,0.000996457041629761,9032
0.75275,0.0009963467286615742,9033
0.7528333333333334,0.0009962364401151207,9034
0.7529166666666667,0.0009961261759822912,9035
0.753,0.00099601593625498,9036
0.7530833333333333,0.0009959057209250857,9037
0.7531666666666667,0.00099579552998451,9038
0.75325,0.0009956853634251576,9039
0.7533333333333333,0.000995575221238938,9040
0.7534166666666666,0.0009954651034177636,9041
0.7535,0.0009953550099535502,9042
0.7535833333333334,0.0009952449408382174,9043
0.7536666666666667,0.0009951348960636887,9044
0.75375,0.0009950248756218905,9045
0.7538333333333334,0.0009949148795047535,9046
0.7539166666666667,0.0009948049077042114,9047
0.754,0.0009946949602122016,9048
0.7540833333333333,0.0009945850370206653,9049
0.7541666666666667,0.000994475138121547,9050
0.75425,0.0009943652635067948,9051
0.7543333333333333,0.0009942554131683605,9052
0.7544166666666666,0.0009941455870981996,9053
0.7545,0.0009940357852882703,9054
0.7545833333333334,0.0009939260077305356,9055
0.7546666666666667,0.000993816254416961,9056
0.75475,0.0009937065253395165,9057
0.7548333333333334,0.0009935968204901745,9058
0.7549166666666667,0.0009934871398609118,9059
0.755,0.0009933774834437086,9060
0.7550833333333333,0.0009932678512305484,9061
0.7551666666666667,0.0009931582432134187,9062
0.75525,0.0009930486593843098,9063
0.7553333333333333,0.0009929390997352162,9064
0.7554166666666666,0.0009928295642581356,9065
0.7555,0.0009927200529450694,9066
0.7555833333333334,0.0009926105657880224,9067
0.7556666666666667,0.000992501102779003,9068
0.75575,0.0009923916639100231,9069
0.7558333333333334,0.000992282249173098,9070
0.7559166666666667,0.000992172858560247,9071
0.756,0.000992063492063492,9072
0.7560833333333333,0.0009919541496748595,9073
0.7561666666666667,0.0009918448313863788,9074
0.75625,0.0009917355371900827,9075
0.7563333333333333,0.000991626267078008,9076
0.7564166666666666,0.0009915170210421946,9077
0.7565,0.0009914077990746861,9078
0.7565833333333334,0.0009912986011675294,9079
0.7566666666666667,0.0009911894273127754,9080
0.75675,0.0009910802775024777,9081
0.7568333333333334,0.000990971151728694,9082
0.7569166666666667,0.0009908620499834856,9083
0.757,0.0009907529722589167,9084
0.7570833333333333,0.0009906439185470555,9085
0.7571666666666667,0.0009905348888399736,9086
0.75725,0.0009904258831297458,9087
0.7573333333333333,0.0009903169014084507,9088
0.7574166666666666,0.0009902079436681704,9089
0.7575,0.0009900990099009901,9090
0.7575833333333334,0.000989990100098999,9091
0.7576666666666667,0.0009898812142542894,9092
0.75775,0.0009897723523589574,9093
0.7578333333333334,0.0009896635144051023,9094
0.7579166666666667,0.0009895547003848269,9095
0.758,0.0009894459102902375,9096
0.7580833333333333,0.000989337144113444,9097
0.7581666666666667,0.0009892284018465597,9098
0.75825,0.0009891196834817012,9099
0.7583333333333333,0.000989010989010989,9100
0.7584166666666666,0.0009889023184265465,9101
0.7585,0.000988793671720501,9102
0.7585833333333334,0.0010985389432055367,9103
0.7586666666666667,0.0010984182776801407,9104
0.75875,0.001098297638660077,9105
0.7588333333333334,0.0010981770261366132,9106
0.7589166666666667,0.0010980564401010212,9107
0.759,0.0010979358805445762,9108
0.7590833333333333,0.0010978153474585574,9109
0.7591666666666667,0.0010976948408342481,9110
0.75925,0.0010975743606629349,9111
0.7593333333333333,0.0010974539069359087,9112
0.7594166666666666,0.001097333479644464,9113
0.7595,0.0010972130787798991,9114
0.7595833333333334,0.0010970927043335162,9115
0.7596666666666667,0.0010969723562966214,9116
0.75975,0.0010968520346605244,9117
0.7598333333333334,0.0010967317394165387,9118
0.7599166666666667,0.001096611470555982,9119
0.76,0.0010964912280701754,9120
0.7600833333333333,0.001096371011950444,9121
0.7601666666666667,0.0010962508221881166,9122
0.76025,0.0010961306587745259,9123
0.7603333333333333,0.0010960105217010083,9124
0.7604166666666666,0.001095890410958904,9125
0.7605,0.0010957703265395574,9126
0.7605833333333333,0.0010956502684343157,9127
0.7606666666666667,0.0010955302366345311,9128
0.76075,0.0010954102311315588,9129
0.7608333333333334,0.001095290251916758,9130
0.7609166666666667,0.0010951702989814916,9131
0.761,0.0010950503723171265,9132
0.7610833333333333,0.0010949304719150333,9133
0.7611666666666667,0.0010948105977665863,9134
0.76125,0.0010946907498631637,9135
0.7613333333333333,0.0010945709281961471,9136
0.7614166666666666,0.0010944511327569224,9137
0.7615,0.001094331363536879,9138
0.7615833333333333,0.00109421162052741,9139
0.7616666666666667,0.0010940919037199124,9140
0.76175,0.001093972213105787,9141
0.7618333333333334,0.0010938525486764385,9142
0.7619166666666667,0.0010937329104232746,9143
0.762,0.0010936132983377078,9144
0.7620833333333333,0.0010934937124111536,9145
0.7621666666666667,0.0010933741526350316,9146
0.76225,0.0010932546190007652,9147
0.7623333333333333,0.0010931351114997813,9148
0.7624166666666666,0.0010930156301235108,9149
0.7625,0.001092896174863388,9150
0.7625833333333333,0.0010927767457108513,9151
0.7626666666666667,0.0010926573426573427,9152
0.76275,0.001092537965694308,9153
0.7628333333333334,0.0010924186148131964,9154
0.7629166666666667,0.0010922992900054614,9155
0.763,0.00109217999126256,9156
0.7630833333333333,0.0010920607185759528,9157
0.7631666666666667,0.0010919414719371041,9158
0.76325,0.0010918222513374822,9159
0.7633333333333333,0.001091703056768559,9160
0.7634166666666666,0.0010915838882218098,9161
0.7635,0.0010914647456887142,9162
0.7635833333333333,0.0010913456291607553,9163
0.7636666666666667,0.0010912265386294195,9164
0.76375,0.0010911074740861974,9165
0.7638333333333334,0.0010909884355225835,9166
0.7639166666666667,0.0010908694229300752,9167
0.764,0.0010907504363001745,9168
0.7640833333333333,0.0010906314756243866,9169
0.7641666666666667,0.0010905125408942203,9170
0.76425,0.0010903936321011885,9171
0.7643333333333333,0.0010902747492368076,9172
0.7644166666666666,0.0010901558922925979,9173
0.7645,0.0010900370612600828,9174
0.7645833333333333,0.0010899182561307902,9175
0.7646666666666667,0.001089799476896251,9176
0.76475,0.0010896807235480004,9177
0.7648333333333334,0.0010895619960775767,9178
0.7649166666666667,0.0010894432944765224,9179
0.765,0.0010893246187363835,9180
0.7650833333333333,0.0010892059688487094,9181
0.7651666666666667,0.0010890873448050533,9182
0.76525,0.0010889687465969727,9183
0.7653333333333333,0.0010888501742160278,9184
0.7654166666666666,0.0010887316276537834,9185
0.7655,0.001088613106901807,9186
0.7655833333333333,0.001088494611951671,9187
0.7656666666666667,0.00108837614279495,9188
0.76575,0.0010882576994232234,9189
0.7658333333333334,0.001088139281828074,9190
0.7659166666666667,0.001088020890001088,9191
0.766,0.0010879025239338555,9192
0.7660833333333333,0.0010877841836179703,9193
0.7661666666666667,0.0010876658690450293,9194
0.76625,0.001087547580206634,9195
0.7663333333333333,0.001087429317094389,9196
0.7664166666666666,0.0010873110796999022,9197
0.7665,0.0010871928680147858,9198
0.7665833333333333,0.0010870746820306554,9199
0.7666666666666667,0.0010869565217391304,9200
0.76675,0.0010868383871318334,9201
0.7668333333333334,0.0010867202782003911,9202
0.7669166666666667,0.0010866021949364338,9203
0.767,0.0010864841373315949,9204
0.7670833333333333,0.0010863661053775121,9205
0.7671666666666667,0.0010862480990658267,9206
0.76725,0.001086130118388183,9207
0.7673333333333333,0.0010860121633362294,9208
0.7674166666666666,0.001085894233901618,9209
0.7675,0.0010857763300760044,9210
0.7675833333333333,0.0010856584518510477,9211
0.7676666666666667,0.0010855405992184109,9212
0.76775,0.0010854227721697602,9213
0.7678333333333334,0.0010853049706967658,9214
0.7679166666666667,0.0010851871947911015,9215
0.768,0.0010850694444444445,9216
0.7680833333333333,0.0010849517196484756,9217
0.7681666666666667,0.0010848340203948796,9218
0.76825,0.0010847163466753444,9219
0.7683333333333333,0.0010845986984815619,9220
0.7684166666666666,0.001084481075805227,9221
0.7685,0.0010843634786380394,9222
0.7685833333333333,0.0010842459069717013,9223
0.7686666666666667,0.0010841283607979184,9224
0.76875,0.001084010840108401,9225
0.7688333333333334,0.0010838933448948623,9226
0.7689166666666667,0.0010837758751490192,9227
0.769,0.001083658430862592,9228
0.7690833333333333,0.0010835410120273053,9229
0.7691666666666667,0.0010834236186348862,9230
0.76925,0.0010833062506770664,9231
0.7693333333333333,0.0010831889081455806,9232
0.7694166666666666,0.0010830715910321671,9233
0.7695,0.0010829542993285683,9234
0.7695833333333333,0.0010828370330265296,9235
0.7696666666666667,0.0010827197921178,9236
0.76975,0.0010826025765941322,9237
0.7698333333333334,0.001082485386447283,9238
0.7699166666666667,0.0010823682216690117,9239
0.77,0.0010822510822510823,9240
0.7700833333333333,0.0010821339681852614,9241
0.7701666666666667,0.0010820168794633195,9242
0.77025,0.0010818998160770314,9243
0.7703333333333333,0.0010817827780181739,9244
0.7704166666666666,0.001081665765278529,9245
0.7705,0.001081548777849881,9246
0.7705833333333333,0.0010814318157240186,9247
0.7706666666666667,0.0010813148788927337,9248
0.77075,0.0010811979673478213,9249
0.7708333333333334,0.001081081081081081,9250
0.7709166666666667,0.0010809642200843152,9251
0.771,0.00108084738434933,9252
0.7710833333333333,0.0010807305738679347,9253
0.7711666666666667,0.001080613788631943,9254
0.77125,0.0010804970286331713,9255
0.7713333333333333,0.00108038029386344,9256
0.7714166666666666,0.0010802635843145728,9257
0.7715,0.001080146899978397,9258
0.7715833333333333,0.0010800302408467436,9259
0.7716666666666666,0.0010799136069114472,9260
0.77175,0.001079796998164345,9261
0.7718333333333334,0.0010796804145972792,9262
0.7719166666666667,0.0010795638562020944,9263
0.772,0.001079447322970639,9264
0.7720833333333333,0.0010793308148947653,9265
0.7721666666666667,0.0010792143319663286,9266
0.77225,0.0010790978741771879,9267
0.7723333333333333,0.0010789814415192059,9268
0.7724166666666666,0.0010788650339842486,9269
0.7725,0.0010787486515641855,9270
0.7725833333333333,0.0010786322942508899,9271
0.7726666666666666,0.0010785159620362382,9272
0.77275,0.0010783996549121105,9273
0.7728333333333334,0.0010782833728703904,9274
0.7729166666666667,0.001078167115902965,9275
0.773,0.0010780508840017248,9276
0.7730833333333333,0.0010779346771585643,9277
0.7731666666666667,0.0010778184953653806,9278
0.77325,0.0010777023386140748,9279
0.7733333333333333,0.0010775862068965517,9280
0.7734166666666666,0.0010774701002047194,9281
0.7735,0.001185089420383538,9282
0.7735833333333333,0.0011849617580523537,9283
0.7736666666666666,0.001184834123222749,9284
0.77375,0.0011847065158858373,9285
0.7738333333333334,0.0011845789360327374,9286
0.7739166666666667,0.001184451383654571,9287
0.774,0.0011843238587424634,9288
0.7740833333333333,0.0011841963612875444,9289
0.7741666666666667,0.0011840688912809472,9290
0.77425,0.0011839414487138092,9291
0.7743333333333333,0.0011838140335772708,9292
0.7744166666666666,0.0011836866458624772,9293
0.7745,0.0011835592855605767,9294
0.7745833333333333,0.001183431952662722,9295
0.7746666666666666,0.0011833046471600688,9296
0.77475,0.0011831773690437776,9297
0.7748333333333334,0.0011830501183050118,9298
0.7749166666666667,0.0012904613399290247,9299
0.775,0.0012903225806451613,9300
0.7750833333333333,0.0012901838511987958,9301
0.7751666666666667,0.0012900451515803052,9302
0.77525,0.0012899064817800709,9303
0.7753333333333333,0.0012897678417884782,9304
0.7754166666666666,0.001289629231595916,9305
0.7755,0.0012894906511927789,9306
0.7755833333333333,0.001289352100569464,9307
0.7756666666666666,0.001289213579716373,9308
0.77575,0.0012890750886239124,9309
0.7758333333333334,0.0012889366272824919,9310
0.7759166666666667,0.001288798195682526,9311
0.776,0.001288659793814433,9312
0.7760833333333333,0.0012885214216686353,9313
0.7761666666666667,0.0012883830792355595,9314
0.77625,0.0012882447665056361,9315
0.7763333333333333,0.0012881064834693002,9316
0.7764166666666666,0.0012879682301169904,9317
0.7765,0.00128783000643915,9318
0.7765833333333333,0.001287691812426226,9319
0.7766666666666666,0.0012875536480686696,9320
0.77675,0.001287415513356936,9321
0.7768333333333334,0.0012872774082814847,9322
0.7769166666666667,0.0012871393328327792,9323
0.777,0.001287001287001287,9324
0.7770833333333333,0.00128686327077748,9325
0.7771666666666667,0.0012867252841518336,9326
0.77725,0.001286587327114828,9327
0.7773333333333333,0.001286449399656947,9328
0.7774166666666666,0.0012863115017686783,9329
0.7775,0.0012861736334405145,9330
0.7775833333333333,0.0012860357946629514,9331
0.7776666666666666,0.0012858979854264896,9332
0.77775,0.0012857602057216328,9333
0.7778333333333334,0.0012856224555388902,9334
0.7779166666666667,0.0012854847348687734,9335
0.778,0.0012853470437017994,9336
0.7780833333333333,0.0012852093820284888,9337
0.7781666666666667,0.001285071749839366,9338
0.77825,0.00128493414712496,9339
0.7783333333333333,0.001284796573875803,9340
0.7784166666666666,0.0012846590300824323,9341
0.7785,0.0012845215157353885,9342
0.7785833333333333,0.0012843840308252167,9343
0.7786666666666666,0.0012842465753424657,9344
0.77875,0.0012841091492776886,9345
0.7788333333333334,0.0012839717526214422,9346
0.7789166666666667,0.001283834385364288,9347
0.779,0.0012836970474967907,9348
0.7790833333333333,0.0012835597390095197,9349
0.7791666666666667,0.0012834224598930481,9350
0.77925,0.0012832852101379532,9351
0.7793333333333333,0.0012831479897348161,9352
0.7794166666666666,0.0012830107986742223,9353
0.7795,0.0012828736369467607,9354
0.7795833333333333,0.001282736504543025,9355
0.7796666666666666,0.0012825994014536127,9356
0.77975,0.0012824623276691247,9357
0.7798333333333334,0.0012823252831801668,9358
0.7799166666666667,0.001282188267977348,9359
0.78,0.001282051282051282,9360
0.7800833333333334,0.0012819143253925862,9361
0.7801666666666667,0.001281777397991882,9362
0.78025,0.001281640499839795,9363
0.7803333333333333,0.0012815036309269544,9364
0.7804166666666666,0.0012813667912439936,9365
0.7805,0.0012812299807815502,9366
0.7805833333333333,0.0012810931995302659,9367
0.7806666666666666,0.0012809564474807857,9368
0.78075,0.001280819724623759,9369
0.7808333333333334,0.0012806830309498398,9370
0.7809166666666667,0.0012805463664496853,9371
0.781,0.0012804097311139564,9372
0.7810833333333334,0.001280273124933319,9373
0.7811666666666667,0.0012801365478984424,9374
0.78125,0.00128,9375
0.7813333333333333,0.001279863481228669,9376
0.7814166666666666,0.0012797269915751307,9377
0.7815,0.0012795905310300703,9378
0.7815833333333333,0.0012794540995841775,9379
0.7816666666666666,0.001279317697228145,9380
0.78175,0.0012791813239526704,9381
0.7818333333333334,0.0012790449797484545,9382
0.7819166666666667,0.0012789086646062028,9383
0.782,0.0012787723785166241,9384
0.7820833333333334,0.0012786361214704315,9385
0.7821666666666667,0.0012784998934583422,9386
0.78225,0.001278363694471077,9387
0.7823333333333333,0.0012782275244993609,9388
0.7824166666666666,0.0012780913835339226,9389
0.7825,0.0012779552715654952,9390
0.7825833333333333,0.0012778191885848152,9391
0.7826666666666666,0.0012776831345826234,9392
0.78275,0.0012775471095496647,9393
0.7828333333333334,0.0012774111134766872,9394
0.7829166666666667,0.0012772751463544438,9395
0.783,0.001277139208173691,9396
0.7830833333333334,0.001277003298925189,9397
0.7831666666666667,0.001276867418599702,9398
0.78325,0.0012767315671879987,9399
0.7833333333333333,0.001276595744680851,9400
0.7834166666666667,0.0012764599510690351,9401
0.7835,0.0012763241863433313,9402
0.7835833333333333,0.0012761884504945231,9403
0.7836666666666666,0.0012760527435133986,9404
0.78375,0.0012759170653907496,9405
0.7838333333333334,0.0012757814161173718,9406
0.7839166666666667,0.001275645795684065,9407
0.784,0.0012755102040816326,9408
0.7840833333333334,0.001275374641300882,9409
0.7841666666666667,0.0012752391073326248,9410
0.78425,0.001275103602167676,9411
0.7843333333333333,0.0012749681257968552,9412
0.7844166666666667,0.0012748326782109848,9413
0.7845,0.0012746972594008922,9414
0.7845833333333333,0.0012745618693574083,9415
0.7846666666666666,0.001274426508071368,9416
0.78475,0.0012742911755336094,9417
0.7848333333333334,0.0012741558717349756,9418
0.7849166666666667,0.0012740205966663128,9419
0.785,0.0012738853503184713,9420
0.7850833333333334,0.0012737501326823054,9421
0.7851666666666667,0.0012736149437486733,9422
0.78525,0.0012734797835084368,9423
0.7853333333333333,0.0012733446519524619,9424
0.7854166666666667,0.001273209549071618,9425
0.7855,0.001273074474856779,9426
0.7855833333333333,0.0012729394292988225,9427
0.7856666666666666,0.0012728044123886295,9428
0.78575,0.0012726694241170856,9429
0.7858333333333334,0.0012725344644750796,9430
0.7859166666666667,0.0012723995334535045,9431
0.786,0.001272264631043257,9432
0.7860833333333334,0.001272129757235238,9433
0.7861666666666667,0.0012719949120203519,9434
0.78625,0.0012718600953895071,9435
0.7863333333333333,0.001271725307333616,9436
0.7864166666666667,0.0012715905478435945,9437
0.7865,0.0012714558169103624,9438
0.7865833333333333,0.0012713211145248438,9439
0.7866666666666666,0.001271186440677966,9440
0.78675,0.001271051795360661,9441
0.7868333333333334,0.0012709171785638637,9442
0.7869166666666667,0.0012707825902785132,9443
0.787,0.0012706480304955528,9444
0.7870833333333334,0.001270513499205929,9445
0.7871666666666667,0.0012703789964005929,9446
0.78725,0.0012702445220704986,9447
0.7873333333333333,0.0012701100762066045,9448
0.7874166666666667,0.001269975658799873,9449
0.7875,0.0012698412698412698,9450
0.7875833333333333,0.0012697069093217648,9451
0.7876666666666666,0.0012695725772323319,9452
0.78775,0.0012694382735639479,9453
0.7878333333333334,0.0012693039983075946,9454
0.7879166666666667,0.001269169751454257,9455
0.788,0.0012690355329949238,9456
0.7880833333333334,0.001268901342920588,9457
0.7881666666666667,0.0012687671812222456,9458
0.78825,0.0012686330478908975,9459
0.7883333333333333,0.0012684989429175475,9460
0.7884166666666667,0.0012683648662932037,9461
0.7885,0.0012682308180088776,9462
0.7885833333333333,0.001268096798055585,9463
0.7886666666666666,0.001267962806424345,9464
0.78875,0.0012678288431061807,9465
0.7888333333333334,0.001267694908092119,9466
0.7889166666666667,0.001267561001373191,9467
0.789,0.0012674271229404308,9468
0.7890833333333334,0.001267293272784877,9469
0.7891666666666667,0.0012671594508975714,9470
0.78925,0.0012670256572695597,9471
0.7893333333333333,0.001266891891891892,9472
0.7894166666666667,0.0012667581547556213,9473
0.7895,0.001266624445851805,9474
0.7895833333333333,0.001266490765171504,9475
0.7896666666666666,0.001266357112705783,9476
0.78975,0.0012662234884457107,9477
0.7898333333333334,0.0012660898923823592,9478
0.7899166666666667,0.0012659563245068046,9479
0.79,0.0012658227848101266,9480
0.7900833333333334,0.0012656892732834089,9481
0.7901666666666667,0.0012655557899177389,9482
0.79025,0.0012654223347042075,9483
0.7903333333333333,0.0012652889076339097,9484
0.7904166666666667,0.001265155508697944,9485
0.7905,0.001265022137887413,9486
0.7905833333333333,0.0012648887951934226,9487
0.7906666666666666,0.0012647554806070826,9488
0.79075,0.001264622194119507,9489
0.7908333333333334,0.0012644889357218123,9490
0.7909166666666667,0.0012643557054051206,9491
0.791,0.0012642225031605564,9492
0.7910833333333334,0.0012640893289792478,9493
0.7911666666666667,0.0012639561828523278,9494
0.79125,0.001263823064770932,9495
0.7913333333333333,0.0012636899747262005,9496
0.7914166666666667,0.0012635569127092765,9497
0.7915,0.0012634238787113076,9498
0.7915833333333333,0.0012632908727234445,9499
0.7916666666666666,0.0012631578947368421,9500
0.79175,0.0012630249447426586,9501
0.7918333333333333,0.0012628920227320563,9502
0.7919166666666667,0.0012627591286962013,9503
0.792,0.0012626262626262627,9504
0.7920833333333334,0.001262493424513414,9505
0.7921666666666667,0.0012623606143488324,9506
0.79225,0.0012622278321236984,9507
0.7923333333333333,0.0012620950778291964,9508
0.7924166666666667,0.0013671258807445579,9509
0.7925,0.001366982124079916,9510
0.7925833333333333,0.0013668383976448322,9511
0.7926666666666666,0.0013666947014297729,9512
0.79275,0.0013665510354252076,9513
0.7928333333333333,0.0013664073996216104,9514
0.7929166666666667,0.0013662637940094588,9515
0.793,0.001366120218579235,9516
0.7930833333333334,0.0013659766733214247,9517
0.7931666666666667,0.0013658331582265182,9518
0.79325,0.001365689673285009,9519
0.7933333333333333,0.0013655462184873949,9520
0.7934166666666667,0.0013654027938241782,9521
0.7935,0.0013652593992858643,9522
0.7935833333333333,0.0013651160348629634,9523
0.7936666666666666,0.0013649727005459892,9524
0.79375,0.0013648293963254593,9525
0.7938333333333333,0.0013646861221918959,9526
0.7939166666666667,0.0013645428781358245,9527
0.794,0.001364399664147775,9528
0.7940833333333334,0.001364256480218281,9529
0.7941666666666667,0.0013641133263378805,9530
0.79425,0.0013639702024971147,9531
0.7943333333333333,0.0013638271086865296,9532
0.7944166666666667,0.0013636840448966747,9533
0.7945,0.0013635410111181036,9534
0.7945833333333333,0.0013633980073413739,9535
0.7946666666666666,0.001363255033557047,9536
0.79475,0.0013631120897556884,9537
0.7948333333333333,0.0013629691759278674,9538
0.7949166666666667,0.0013628262920641577,9539
0.795,0.0013626834381551363,9540
0.7950833333333334,0.0013625406141913846,9541
0.7951666666666667,0.0013623978201634877,9542
0.79525,0.001362255056062035,9543
0.7953333333333333,0.0013621123218776194,9544
0.7954166666666667,0.001361969617600838,9545
0.7955,0.0013618269432222922,9546
0.7955833333333333,0.0013616842987325861,9547
0.7956666666666666,0.0013615416841223293,9548
0.79575,0.0013613990993821341,9549
0.7958333333333333,0.0013612565445026178,9550
0.7959166666666667,0.0013611140194744007,9551
0.796,0.0013609715242881072,9552
0.7960833333333334,0.001360829058934366,9553
0.7961666666666667,0.00136068662340381,9554
0.79625,0.0013605442176870747,9555
0.7963333333333333,0.0013604018417748011,9556
0.7964166666666667,0.0013602594956576332,9557
0.7965,0.001360117179326219,9558
0.7965833333333333,0.0013599748927712104,9559
0.7966666666666666,0.0013598326359832635,9560
0.79675,0.0013596904089530383,9561
0.7968333333333333,0.0013595482116711985,9562
0.7969166666666667,0.0013594060441284115,9563
0.797,0.0013592639063153493,9564
0.7970833333333334,0.001359121798222687,9565
0.7971666666666667,0.001358979719841104,9566
0.79725,0.0013588376711612836,9567
0.7973333333333333,0.001463210702341137,9568
0.7974166666666667,0.001463057790782736,9569
0.7975,0.0014629049111807733,9570
0.7975833333333333,0.0014627520635252325,9571
0.7976666666666666,0.0014625992478061011,9572
0.79775,0.001462446464013371,9573
0.7978333333333333,0.0014622937121370379,9574
0.7979166666666667,0.0014621409921671017,9575
0.798,0.0014619883040935672,9576
0.7980833333333334,0.0014618356479064426,9577
0.7981666666666667,0.0014616830235957402,9578
0.79825,0.001461530431151477,9579
0.7983333333333333,0.0014613778705636743,9580
0.7984166666666667,0.0014612253418223567,9581
0.7985,0.0014610728449175538,9582
0.7985833333333333,0.0014609203798392988,9583
0.7986666666666666,0.0014607679465776294,9584
0.79875,0.0014606155451225874,9585
0.7988333333333333,0.0014604631754642186,9586
0.7989166666666667,0.0014603108375925732,9587
0.799,0.0014601585314977055,9588
0.7990833333333334,0.0014600062571696736,9589
0.7991666666666667,0.00145985401459854,9590
0.79925,0.0014597018037743718,9591
0.7993333333333333,0.0015638031693077565,9592
0.7994166666666667,0.001563640154279162,9593
0.7995,0.0015634771732332708,9594
0.7995833333333333,0.001563314226159458,9595
0.7996666666666666,0.001563151313047103,9596
0.79975,0.0015629884338855893,9597
0.7998333333333333,0.0015628255886643051,9598
0.7999166666666667,0.001562662777372643,9599
0.8,0.0015625,9600
0.8000833333333334,0.0015623372565357774,9601
0.8001666666666667,0.0015621745469693814,9602
0.80025,0.001562011871290222,9603
0.8003333333333333,0.0015618492294877135,9604
0.8004166666666667,0.0015616866215512754,9605
0.8005,0.001561524047470331,9606
0.8005833333333333,0.0015613615072343084,9607
0.8006666666666666,0.0015611990008326394,9608
0.80075,0.0015610365282547611,9609
0.8008333333333333,0.0015608740894901144,9610
0.8009166666666667,0.0015607116845281449,9611
0.801,0.001560549313358302,9612
0.8010833333333334,0.0015603869759700407,9613
0.8011666666666667,0.0015602246723528188,9614
0.80125,0.0015600624024961,9615
0.8013333333333333,0.001559900166389351,9616
0.8014166666666667,0.0015597379640220443,9617
0.8015,0.0015595757953836558,9618
0.8015833333333333,0.0015594136604636657,9619
0.8016666666666666,0.0015592515592515593,9620
0.80175,0.0015590894917368258,9621
0.8018333333333333,0.0015589274579089587,9622
0.8019166666666667,0.001558765457757456,9623
0.802,0.0015586034912718205,9624
0.8020833333333334,0.0015584415584415584,9625
0.8021666666666667,0.0015582796592561812,9626
0.80225,0.0015581177937052041,9627
0.8023333333333333,0.0015579559617781471,9628
0.8024166666666667,0.0015577941634645342,9629
0.8025,0.001557632398753894,9630
0.8025833333333333,0.0015574706676357594,9631
0.8026666666666666,0.0015573089700996678,9632
0.80275,0.0015571473061351605,9633
0.8028333333333333,0.0015569856757317833,9634
0.8029166666666666,0.0015568240788790867,9635
0.803,0.001556662515566625,9636
0.8030833333333334,0.0015565009857839577,9637
0.8031666666666667,0.0015563394895206474,9638
0.80325,0.001556178026766262,9639
0.8033333333333333,0.0015560165975103733,9640
0.8034166666666667,0.0015558552017425579,9641
0.8035,0.0015556938394523958,9642
0.8035833333333333,0.0015555325106294722,9643
0.8036666666666666,0.0015553712152633762,9644
0.80375,0.0015552099533437014,9645
0.8038333333333333,0.0015550487248600455,9646
0.8039166666666666,0.001554887529802011,9647
0.804,0.001554726368159204,9648
0.8040833333333334,0.0015545652399212354,9649
0.8041666666666667,0.0015544041450777201,9650
0.80425,0.001554243083618278,9651
0.8043333333333333,0.0015540820555325322,9652
0.8044166666666667,0.0015539210608101108,9653
0.8045,0.0015537600994406464,9654
0.8045833333333333,0.0015535991714137752,9655
0.8046666666666666,0.0015534382767191384,9656
0.80475,0.0015532774153463808,9657
0.8048333333333333,0.0015531165872851522,9658
0.8049166666666666,0.001552955792525106,9659
0.805,0.0015527950310559005,9660
0.8050833333333334,0.0015526343028671981,9661
0.8051666666666667,0.001552473607948665,9662
0.80525,0.001552312946289972,9663
0.8053333333333333,0.0015521523178807946,9664
0.8054166666666667,0.0015519917227108122,9665
0.8055,0.0015518311607697084,9666
0.8055833333333333,0.0015516706320471707,9667
0.8056666666666666,0.001551510136532892,9668
0.80575,0.0015513496742165685,9669
0.8058333333333333,0.0015511892450879006,9670
0.8059166666666666,0.001551028849136594,9671
0.806,0.0015508684863523574,9672
0.8060833333333334,0.0015507081567249044,9673
0.8061666666666667,0.0015505478602439529,9674
0.80625,0.0015503875968992248,9675
0.8063333333333333,0.0015502273666804464,9676
0.8064166666666667,0.0015500671695773483,9677
0.8065,0.0015499070055796653,9678
0.8065833333333333,0.0015497468746771361,9679
0.8066666666666666,0.0015495867768595042,9680
0.80675,0.0015494267121165168,9681
0.8068333333333333,0.0015492666804379262,9682
0.8069166666666666,0.0015491066818134876,9683
0.807,0.0015489467162329617,9684
0.8070833333333334,0.0015487867836861124,9685
0.8071666666666667,0.001548626884162709,9686
0.80725,0.001548467017652524,9687
0.8073333333333333,0.0015483071841453345,9688
0.8074166666666667,0.0015481473836309217,9689
0.8075,0.0015479876160990713,9690
0.8075833333333333,0.0015478278815395728,9691
0.8076666666666666,0.0015476681799422203,9692
0.80775,0.0015475085112968121,9693
0.8078333333333333,0.0015473488755931503,9694
0.8079166666666666,0.0015471892728210418,9695
0.808,0.001547029702970297,9696
0.8080833333333334,0.0015468701660307311,9697
0.8081666666666667,0.0015467106619921633,9698
0.80825,0.001546551190844417,9699
0.8083333333333333,0.0015463917525773195,9700
0.8084166666666667,0.001546232347180703,9701
0.8085,0.0015460729746444033,9702
0.8085833333333333,0.0015459136349582603,9703
0.8086666666666666,0.0015457543281121187,9704
0.80875,0.0015455950540958269,9705
0.8088333333333333,0.0015454358128992377,9706
0.8089166666666666,0.0015452766045122076,9707
0.809,0.0015451174289245982,9708
0.8090833333333334,0.0015449582861262745,9709
0.8091666666666667,0.001544799176107106,9710
0.80925,0.0015446400988569664,9711
0.8093333333333333,0.0015444810543657332,9712
0.8094166666666667,0.0015443220426232885,9713
0.8095,0.0015441630636195182,9714
0.8095833333333333,0.001544004117344313,9715
0.8096666666666666,0.001543845203787567,9716
0.80975,0.0015436863229391787,9717
0.8098333333333333,0.0015435274747890512,9718
0.8099166666666666,0.0015433686593270912,9719
0.81,0.0015432098765432098,9720
0.8100833333333334,0.0015430511264273223,9721
0.8101666666666667,0.0015428924089693479,9722
0.81025,0.0015427337241592102,9723
0.8103333333333333,0.0015425750719868367,9724
0.8104166666666667,0.0015424164524421595,9725
0.8105,0.0015422578655151142,9726
0.8105833333333333,0.001542099311195641,9727
0.8106666666666666,0.0015419407894736842,9728
0.81075,0.001541782300339192,9729
0.8108333333333333,0.001541623843782117,9730
0.8109166666666666,0.001541465419792416,9731
0.811,0.0015413070283600493,9732
0.8110833333333334,0.001541148669474982,9733
0.8111666666666667,0.001540990343127183,9734
0.81125,0.0015408320493066256,9735
0.8113333333333334,0.0015406737880032868,9736
0.8114166666666667,0.001540515559207148,9737
0.8115,0.0015403573629081946,9738
0.8115833333333333,0.0015401991990964166,9739
0.8116666666666666,0.001540041067761807,9740
0.81175,0.001539882968894364,9741
0.8118333333333333,0.0015397249024840895,9742
0.8119166666666666,0.0015395668685209895,9743
0.812,0.001539408866995074,9744
0.8120833333333334,0.0015392508978963571,9745
0.8121666666666667,0.0015390929612148574,9746
0.81225,0.0015389350569405972,9747
0.8123333333333334,0.0015387771850636028,9748
0.8124166666666667,0.001538619345573905,9749
0.8125,0.0015384615384615385,9750
0.8125833333333333,0.0015383037637165418,9751
0.8126666666666666,0.0015381460213289581,9752
0.81275,0.0015379883112888342,9753
0.8128333333333333,0.001537830633586221,9754
0.8129166666666666,0.0015376729882111738,9755
0.813,0.0015375153751537515,9756
0.8130833333333334,0.0015373577944040177,9757
0.8131666666666667,0.0015372002459520394,9758
0.81325,0.001537042729787888,9759
0.8133333333333334,0.0015368852459016393,9760
0.8134166666666667,0.0015367277942833727,9761
0.8135,0.0015365703749231714,9762
0.8135833333333333,0.0015364129878111237,9763
0.8136666666666666,0.0015362556329373209,9764
0.81375,0.0015360983102918587,9765
0.8138333333333333,0.0015359410198648373,9766
0.8139166666666666,0.0015357837616463601,9767
0.814,0.0015356265356265355,9768
0.8140833333333334,0.0015354693417954754,9769
0.8141666666666667,0.0015353121801432957,9770
0.81425,0.0015351550506601166,9771
0.8143333333333334,0.0015349979533360622,9772
0.8144166666666667,0.001637163614038678,9773
0.8145,0.0016369961121342337,9774
0.8145833333333333,0.0016368286445012788,9775
0.8146666666666667,0.0016366612111292963,9776
0.81475,0.0016364938120077735,9777
0.8148333333333333,0.0016363264471262017,9778
0.8149166666666666,0.001636159116474077,9779
0.815,0.0016359918200408998,9780
0.8150833333333334,0.0016358245578161742,9781
0.8151666666666667,0.001635657329789409,9782
0.81525,0.0016354901359501176,9783
0.8153333333333334,0.001635322976287817,9784
0.8154166666666667,0.0016351558507920285,9785
0.8155,0.0016349887594522788,9786
0.8155833333333333,0.0016348217022580974,9787
0.8156666666666667,0.0016346546791990192,9788
0.81575,0.0016344876902645827,9789
0.8158333333333333,0.001634320735444331,9790
0.8159166666666666,0.0016341538147278112,9791
0.816,0.0016339869281045752,9792
0.8160833333333334,0.0016338200755641784,9793
0.8161666666666667,0.0016336532570961813,9794
0.81625,0.001633486472690148,9795
0.8163333333333334,0.0016333197223356473,9796
0.8164166666666667,0.0016331530060222517,9797
0.8165,0.0016329863237395388,9798
0.8165833333333333,0.0016328196754770896,9799
0.8166666666666667,0.0016326530612244899,9800
0.81675,0.0016324864809713294,9801
0.8168333333333333,0.0016323199347072026,9802
0.8169166666666666,0.0016321534224217075,9803
0.817,0.0016319869441044472,9804
0.8170833333333334,0.001631820499745028,9805
0.8171666666666667,0.0016316540893330613,9806
0.81725,0.0016314877128581625,9807
0.8173333333333334,0.0016313213703099511,9808
0.8174166666666667,0.0016311550616780507,9809
0.8175,0.0016309887869520897,9810
0.8175833333333333,0.0016308225461217,9811
0.8176666666666667,0.0016306563391765185,9812
0.81775,0.0016304901661061857,9813
0.8178333333333333,0.0016303240269003464,9814
0.8179166666666666,0.00163015792154865,9815
0.818,0.0016299918500407497,9816
0.8180833333333334,0.0016298258123663032,9817
0.8181666666666667,0.0016296598085149725,9818
0.81825,0.0016294938384764234,9819
0.8183333333333334,0.001629327902240326,9820
0.8184166666666667,0.0016291619997963547,9821
0.8185,0.0016289961311341885,9822
0.8185833333333333,0.0016288302962435101,9823
0.8186666666666667,0.0016286644951140066,9824
0.81875,0.0016284987277353689,9825
0.8188333333333333,0.001628332994097293,9826
0.8189166666666666,0.001628167294189478,9827
0.819,0.001628001628001628,9828
0.8190833333333334,0.001627835995523451,9829
0.8191666666666667,0.0016276703967446592,9830
0.81925,0.001627504831654969,9831
0.8193333333333334,0.0016273393002441008,9832
0.8194166666666667,0.0016271738025017796,9833
0.8195,0.0016270083384177345,9834
0.8195833333333333,0.001626842907981698,9835
0.8196666666666667,0.0016266775111834079,9836
0.81975,0.0016265121480126055,9837
0.8198333333333333,0.0016263468184590363,9838
0.8199166666666666,0.0016261815225124504,9839
0.82,0.0016260162601626016,9840
0.8200833333333334,0.001625851031399248,9841
0.8201666666666667,0.001625685836212152,9842
0.82025,0.00162552067459108,9843
0.8203333333333334,0.0016253555465258025,9844
0.8204166666666667,0.0016251904520060945,9845
0.8205,0.0016250253910217347,9846
0.8205833333333333,0.0016248603635625064,9847
0.8206666666666667,0.0016246953696181965,9848
0.82075,0.0016245304091785967,9849
0.8208333333333333,0.0016243654822335025,9850
0.8209166666666666,0.0016242005887727134,9851
0.821,0.0016240357287860333,9852
0.8210833333333334,0.00162387090226327,9853
0.8211666666666667,0.0016237061091942358,9854
0.82125,0.0016235413495687468,9855
0.8213333333333334,0.0016233766233766235,9856
0.8214166666666667,0.00162321193060769,9857
0.8215,0.0016230472712517752,9858
0.8215833333333333,0.0016228826452987118,9859
0.8216666666666667,0.0016227180527383367,9860
0.82175,0.0016225534935604908,9861
0.8218333333333333,0.0016223889677550193,9862
0.8219166666666666,0.0016222244753117713,9863
0.822,0.0016220600162206002,9864
0.8220833333333334,0.0016218955904713634,9865
0.8221666666666667,0.0016217311980539226,9866
0.82225,0.0016215668389581433,9867
0.8223333333333334,0.0016214025131738954,9868
0.8224166666666667,0.0016212382206910528,9869
0.8225,0.0016210739614994933,9870
0.8225833333333333,0.0016209097355890994,9871
0.8226666666666667,0.0016207455429497568,9872
0.82275,0.0016205813835713562,9873
0.8228333333333333,0.0016204172574437918,9874
0.8229166666666666,0.0016202531645569621,9875
0.823,0.0016200891049007696,9876
0.8230833333333333,0.001619925078465121,9877
0.8231666666666667,0.001619761085239927,9878
0.82325,0.0016195971252151028,9879
0.8233333333333334,0.0016194331983805667,9880
0.8234166666666667,0.0016192693047262423,9881
0.8235,0.0016191054442420564,9882
0.8235833333333333,0.00161894161691794,9883
0.8236666666666667,0.0016187778227438284,9884
0.82375,0.001618614061709661,9885
0.8238333333333333,0.0016184503338053813,9886
0.8239166666666666,0.0016182866390209367,9887
0.824,0.0016181229773462784,9888
0.8240833333333333,0.001617959348771362,9889
0.8241666666666667,0.0016177957532861476,9890
0.82425,0.0016176321908805986,9891
0.8243333333333334,0.0016174686615446825,9892
0.8244166666666667,0.0016173051652683716,9893
0.8245,0.0016171417020416413,9894
0.8245833333333333,0.001616978271854472,9895
0.8246666666666667,0.0016168148746968471,9896
0.82475,0.0016166515105587552,9897
0.8248333333333333,0.0016164881794301878,9898
0.8249166666666666,0.0016163248813011416,9899
0.825,0.0016161616161616162,9900
0.8250833333333333,0.001615998384001616,9901
0.8251666666666667,0.0016158351848111492,9902
0.82525,0.0016156720185802281,9903
0.8253333333333334,0.0016155088852988692,9904
0.8254166666666667,0.0016153457849570924,9905
0.8255,0.0016151827175449223,9906
0.8255833333333333,0.001615019683052387,9907
0.8256666666666667,0.0016148566814695195,9908
0.82575,0.001614693712786356,9909
0.8258333333333333,0.0016145307769929364,9910
0.8259166666666666,0.001614367874079306,9911
0.826,0.0016142050040355124,9912
0.8260833333333333,0.001614042166851609,9913
0.8261666666666667,0.0016138793625176519,9914
0.82625,0.0016137165910237014,9915
0.8263333333333334,0.0016135538523598225,9916
0.8264166666666667,0.0016133911465160836,9917
0.8265,0.001613228473482557,9918
0.8265833333333333,0.0016130658332493195,9919
0.8266666666666667,0.0016129032258064516,9920
0.82675,0.0016127406511440379,9921
0.8268333333333333,0.001612578109252167,9922
0.8269166666666666,0.001612415600120931,9923
0.827,0.0016122531237404273,9924
0.8270833333333333,0.0016120906801007557,9925
0.8271666666666667,0.001611928269192021,9926
0.82725,0.0016117658910043315,9927
0.8273333333333334,0.0016116035455278,9928
0.8274166666666667,0.001611441232752543,9929
0.8275,0.0016112789526686808,9930
0.8275833333333333,0.0016111167052663376,9931
0.8276666666666667,0.0016109544905356424,9932
0.82775,0.001610792308466727,9933
0.8278333333333333,0.0016106301590497283,9934
0.8279166666666666,0.0016104680422747862,9935
0.828,0.001610305958132045,9936
0.8280833333333333,0.0016101439066116534,9937
0.8281666666666667,0.0016099818877037633,9938
0.82825,0.001609819901398531,9939
0.8283333333333334,0.0016096579476861167,9940
0.8284166666666667,0.0016094960265566843,9941
0.8285,0.0016093341380004024,9942
0.8285833333333333,0.0016091722820074424,9943
0.8286666666666667,0.0016090104585679806,9944
0.82875,0.001608848667672197,9945
0.8288333333333333,0.0016086869093102755,9946
0.8289166666666666,0.0016085251834724037,9947
0.829,0.0016083634901487736,9948
0.8290833333333333,0.0016082018293295808,9949
0.8291666666666667,0.0016080402010050252,9950
0.82925,0.00160787860516531,9951
0.8293333333333334,0.001607717041800643,9952
0.8294166666666667,0.001607555510901236,9953
0.8295,0.0016073940124573037,9954
0.8295833333333333,0.0016072325464590658,9955
0.8296666666666667,0.0016070711128967456,9956
0.82975,0.0017073415687456062,9957
0.8298333333333333,0.0017071701144808194,9958
0.8299166666666666,0.0017069986946480571,9959
0.83,0.0017068273092369479,9960
0.8300833333333333,0.0017066559582371247,9961
0.8301666666666667,0.0017064846416382253,9962
0.83025,0.0017063133594298907,9963
0.8303333333333334,0.0018065034122842231,9964
0.8304166666666667,0.0018063221274460613,9965
0.8305,0.001806140878988561,9966
0.8305833333333333,0.0018059596669007724,9967
0.8306666666666667,0.0018057784911717496,9968
0.83075,0.0018055973517905506,9969
0.8308333333333333,0.0018054162487462387,9970
0.8309166666666666,0.001805235182027881,9971
0.831,0.0018050541516245488,9972
0.8310833333333333,0.0018048731575253183,9973
0.8311666666666667,0.00180469219971927,9974
0.83125,0.0018045112781954887,9975
0.8313333333333334,0.0018043303929430633,9976
0.8314166666666667,0.0018041495439510874,9977
0.8315,0.0018039687312086591,9978
0.8315833333333333,0.0018037879547048803,9979
0.8316666666666667,0.0018036072144288577,9980
0.83175,0.0018034265103697023,9981
0.8318333333333333,0.0018032458425165298,9982
0.8319166666666666,0.0018030652108584593,9983
0.832,0.0018028846153846155,9984
0.8320833333333333,0.001802704056084126,9985
0.8321666666666667,0.0018025235329461246,9986
0.83225,0.0018023430459597476,9987
0.8323333333333334,0.0019022827392871447,9988
0.8324166666666667,0.0019020923015316848,9989
0.8325,0.0019019019019019018,9990
0.8325833333333333,0.0019017115403863478,9991
0.8326666666666667,0.0019015212169735788,9992
0.83275,0.0019013309316521566,9993
0.8328333333333333,0.0019011406844106464,9994
0.8329166666666666,0.0019009504752376188,9995
0.833,0.0019007603041216487,9996
0.8330833333333333,0.0019005701710513153,9997
0.8331666666666667,0.001900380076015203,9998
0.83325,0.0019001900190019003,9999
0.8333333333333334,0.0019,10000
0.8334166666666667,0.0018998100189981002,10001
0.8335,0.001899620075984803,10002
0.8335833333333333,0.0018994301709487154,10003
0.8336666666666667,0.0018992403038784486,10004
0.83375,0.0018990504747626188,10005
0.8338333333333333,0.001898860683589846,10006
0.8339166666666666,0.0018986709303487558,10007
0.834,0.0018984812150279777,10008
0.8340833333333333,0.0018982915376161455,10009
0.8341666666666666,0.001898101898101898,10010
0.83425,0.0018979122964738787,10011
0.8343333333333334,0.0018977227327207351,10012
0.8344166666666667,0.0018975332068311196,10013
0.8345,0.0018973437187936888,10014
0.8345833333333333,0.0018971542685971043,10015
0.8346666666666667,0.0018969648562300319,10016
0.83475,0.001896775481681142,10017
0.8348333333333333,0.0018965861449391096,10018
0.8349166666666666,0.0018963968459926141,10019
0.835,0.0018962075848303393,10020
0.8350833333333333,0.001896018361440974,10021
0.8351666666666666,0.001895829175813211,10022
0.83525,0.0018956400279357478,10023
0.8353333333333334,0.0018954509177972864,10024
0.8354166666666667,0.0018952618453865336,10025
0.8355,0.0018950728106922003,10026
0.8355833333333333,0.0018948838137030019,10027
0.8356666666666667,0.0018946948544076585,10028
0.83575,0.0018945059327948948,10029
0.8358333333333333,0.0018943170488534397,10030
0.8359166666666666,0.0018941282025720268,10031
0.836,0.001893939393939394,10032
0.8360833333333333,0.0018937506229442839,10033
0.8361666666666666,0.0018935618895754435,10034
0.83625,0.0018933731938216244,10035
0.8363333333333334,0.0018931845356715824,10036
0.8364166666666667,0.001892995915114078,10037
0.8365,0.001892807332137876,10038
0.8365833333333333,0.0018926187867317461,10039
0.8366666666666667,0.0018924302788844622,10040
0.83675,0.0018922418085848022,10041
0.8368333333333333,0.0018920533758215495,10042
0.8369166666666666,0.001891864980583491,10043
0.837,0.0018916766228594185,10044
0.8370833333333333,0.0018914883026381285,10045
0.8371666666666666,0.0018913000199084213,10046
0.83725,0.0018911117746591023,10047
0.8373333333333334,0.001890923566878981,10048
0.8374166666666667,0.0018907353965568713,10049
0.8375,0.001890547263681592,10050
0.8375833333333333,0.001890359168241966,10051
0.8376666666666667,0.0018901711102268205,10052
0.83775,0.0018899830896249876,10053
0.8378333333333333,0.0018897951064253034,10054
0.8379166666666666,0.0018896071606166087,10055
0.838,0.0018894192521877486,10056
0.8380833333333333,0.0018892313811275728,10057
0.8381666666666666,0.0018890435474249354,10058
0.83825,0.0018888557510686947,10059
0.8383333333333334,0.0018886679920477136,10060
0.8384166666666667,0.0018884802703508599,10061
0.8385,0.0018882925859670045,10062
0.8385833333333333,0.0018881049388850245,10063
0.8386666666666667,0.0018879173290937998,10064
0.83875,0.0018877297565822156,10065
0.8388333333333333,0.0018875422213391615,10066
0.8389166666666666,0.0018873547233535313,10067
0.839,0.0018871672626142233,10068
0.8390833333333333,0.00188697983911014,10069
0.8391666666666666,0.0018867924528301887,10070
0.83925,0.0018866051037632807,10071
0.8393333333333334,0.001886417791898332,10072
0.8394166666666667,0.0018862305172242628,10073
0.8395,0.001886043279729998,10074
0.8395833333333333,0.0018858560794044665,10075
0.8396666666666667,0.0018856689162366018,10076
0.83975,0.0018854817902153418,10077
0.8398333333333333,0.001885294701329629,10078
0.8399166666666666,0.0018851076495684095,10079
0.84,0.001884920634920635,10080
0.8400833333333333,0.0018847336573752603,10081
0.8401666666666666,0.0018845467169212459,10082
0.84025,0.0018843598135475552,10083
0.8403333333333334,0.0018841729472431575,10084
0.8404166666666667,0.0018839861179970254,10085
0.8405,0.001883799325798136,10086
0.8405833333333333,0.0018836125706354714,10087
0.8406666666666667,0.0018834258524980175,10088
0.84075,0.0018832391713747645,10089
0.8408333333333333,0.0018830525272547076,10090
0.8409166666666666,0.0018828659201268457,10091
0.841,0.0018826793499801824,10092
0.8410833333333333,0.0018824928168037253,10093
0.8411666666666666,0.001882306320586487,10094
0.84125,0.001882119861317484,10095
0.8413333333333334,0.001881933438985737,10096
0.8414166666666667,0.0018817470535802713,10097
0.8415,0.001881560705090117,10098
0.8415833333333333,0.0018813743935043074,10099
0.8416666666666667,0.0018811881188118811,10100
0.84175,0.001881001881001881,10101
0.8418333333333333,0.0018808156800633538,10102
0.8419166666666666,0.0018806295159853508,10103
0.842,0.001880443388756928,10104
0.8420833333333333,0.001880257298367145,10105
0.8421666666666666,0.0018800712448050663,10106
0.84225,0.0018798852280597605,10107
0.8423333333333334,0.0018796992481203006,10108
0.8424166666666667,0.0019784350578692256,10109
0.8425,0.0019782393669634025,10110
0.8425833333333334,0.001978043714766096,10111
0.8426666666666667,0.001977848101265823,10112
0.84275,0.0019776525264511026,10113
0.8428333333333333,0.0019774569903104606,10114
0.8429166666666666,0.001977261492832427,10115
0.843,0.0019770660340055358,10116
0.8430833333333333,0.0019768706138183255,10117
0.8431666666666666,0.0019766752322593396,10118
0.84325,0.001976479889317126,10119
0.8433333333333334,0.001976284584980237,10120
0.8434166666666667,0.0019760893192372294,10121
0.8435,0.0019758940920766646,10122
0.8435833333333334,0.0019756989034871086,10123
0.8436666666666667,0.0019755037534571317,10124
0.84375,0.0019753086419753087,10125
0.8438333333333333,0.0019751135690302193,10126
0.8439166666666666,0.0019749185346104475,10127
0.844,0.0019747235387045812,10128
0.8440833333333333,0.0019745285813012143,10129
0.8441666666666666,0.0019743336623889436,10130
0.84425,0.0019741387819563715,10131
0.8443333333333334,0.0019739439399921043,10132
0.8444166666666667,0.0019737491364847527,10133
0.8445,0.0019735543714229325,10134
0.8445833333333334,0.001973359644795264,10135
0.8446666666666667,0.001973164956590371,10136
0.84475,0.0019729703067968827,10137
0.8448333333333333,0.0019727756954034327,10138
0.8449166666666666,0.0019725811223986586,10139
0.845,0.0019723865877712033,10140
0.8450833333333333,0.0019721920915097132,10141
0.8451666666666666,0.0019719976336028395,10142
0.84525,0.002070393374741201,10143
0.8453333333333334,0.0020701892744479497,10144
0.8454166666666667,0.0020699852143913258,10145
0.8455,0.0020697811945594325,10146
0.8455833333333334,0.0020695772149403767,10147
0.8456666666666667,0.0020693732755222706,10148
0.84575,0.002069169376293231,10149
0.8458333333333333,0.0020689655172413794,10150
0.8459166666666667,0.002068761698354842,10151
0.846,0.0020685579196217494,10152
0.8460833333333333,0.0020683541810302374,10153
0.8461666666666666,0.002068150482568446,10154
0.84625,0.00206794682422452,10155
0.8463333333333334,0.0020677432059866088,10156
0.8464166666666667,0.002067539627842867,10157
0.8465,0.002067336089781453,10158
0.8465833333333334,0.0020671325917905304,10159
0.8466666666666667,0.0020669291338582677,10160
0.84675,0.002066725715972837,10161
0.8468333333333333,0.0020665223381224167,10162
0.8469166666666667,0.0020663190002951884,10163
0.847,0.002066115702479339,10164
0.8470833333333333,0.0020659124446630595,10165
0.8471666666666666,0.0020657092268345466,10166
0.84725,0.0020655060489820007,10167
0.8473333333333334,0.002065302911093627,10168
0.8474166666666667,0.0020650998131576358,10169
0.8475,0.002064896755162242,10170
0.8475833333333334,0.0020646937370956643,10171
0.8476666666666667,0.0020644907589461264,10172
0.84775,0.0020642878207018578,10173
0.8478333333333333,0.0020640849223510912,10174
0.8479166666666667,0.002063882063882064,10175
0.848,0.002063679245283019,10176
0.8480833333333333,0.002063476466542203,10177
0.8481666666666666,0.0020632737276478678,10178
0.84825,0.00206307102858827,10179
0.8483333333333334,0.0020628683693516697,10180
0.8484166666666667,0.0020626657499263333,10181
0.8485,0.0020624631703005302,10182
0.8485833333333334,0.0020622606304625357,10183
0.8486666666666667,0.0020620581304006285,10184
0.84875,0.002061855670103093,10185
0.8488333333333333,0.002061653249558217,10186
0.8489166666666667,0.002061450868754295,10187
0.849,0.002061248527679623,10188
0.8490833333333333,0.0020610462263225045,10189
0.8491666666666666,0.0020608439646712462,10190
0.84925,0.0020606417427141595,10191
0.8493333333333334,0.0020604395604395605,10192
0.8494166666666667,0.00206023741783577,10193
0.8495,0.0020600353148911123,10194
0.8495833333333334,0.0020598332515939185,10195
0.8496666666666667,0.0020596312279325224,10196
0.84975,0.002059429243895263,10197
0.8498333333333333,0.0020592272994704843,10198
0.8499166666666667,0.002059025394646534,10199
0.85,0.002058823529411765,10200
0.8500833333333333,0.002058621703754534,10201
0.8501666666666666,0.0020584199176632034,10202
0.85025,0.0020582181711261394,10203
0.8503333333333334,0.002058016464131713,10204
0.8504166666666667,0.0020578147966682997,10205
0.8505,0.00205761316872428,10206
0.8505833333333334,0.0020574115802880375,10207
0.8506666666666667,0.0020572100313479623,10208
0.85075,0.002057008521892448,10209
0.8508333333333333,0.002056807051909892,10210
0.8509166666666667,0.0020566056213886983,10211
0.851,0.002056404230317274,10212
0.8510833333333333,0.00205620287868403,10213
0.8511666666666666,0.002056001566477384,10214
0.85125,0.0020558002936857563,10215
0.8513333333333334,0.0020555990602975725,10216
0.8514166666666667,0.0020553978663012625,10217
0.8515,0.002055196711685261,10218
0.8515833333333334,0.0020549955964380075,10219
0.8516666666666667,0.002054794520547945,10220
0.85175,0.002054593484003522,10221
0.8518333333333333,0.002054392486793191,10222
0.8519166666666667,0.0020541915289054094,10223
0.852,0.0020539906103286387,10224
0.8520833333333333,0.0020537897310513448,10225
0.8521666666666666,0.0020535888910619988,10226
0.85225,0.002053388090349076,10227
0.8523333333333334,0.002053187328901056,10228
0.8524166666666667,0.002052986606706423,10229
0.8525,0.0020527859237536657,10230
0.8525833333333334,0.0020525852800312777,10231
0.8526666666666667,0.002052384675527756,10232
0.85275,0.0020521841102316037,10233
0.8528333333333333,0.002051983584131327,10234
0.8529166666666667,0.0020517830972154373,10235
0.853,0.0020515826494724504,10236
0.8530833333333333,0.002051382240890886,10237
0.8531666666666666,0.0020511818714592693,10238
0.85325,0.0020509815411661296,10239
0.8533333333333334,0.00205078125,10240
0.8534166666666667,0.002050580997949419,10241
0.8535,0.002050380785002929,10242
0.8535833333333334,0.0020501806111490775,10243
0.8536666666666667,0.0020499804763764156,10244
0.85375,0.0020497803806734994,10245
0.8538333333333333,0.0020495803240288893,10246
0.8539166666666667,0.0020493803064311504,10247
0.854,0.0020491803278688526,10248
0.8540833333333333,0.002048980388330569,10249
0.8541666666666666,0.002048780487804878,10250
0.85425,0.002048580626280363,10251
0.8543333333333333,0.0020483808037456107,10252
0.8544166666666667,0.0020481810201892128,10253
0.8545,0.002047981275599766,10254
0.8545833333333334,0.0020477815699658703,10255
0.8546666666666667,0.002047581903276131,10256
0.85475,0.0020473822755191578,10257
0.8548333333333333,0.002047182686683564,10258
0.8549166666666667,0.0021444585242226337,10259
0.855,0.0021442495126705653,10260
0.8550833333333333,0.0021440405418575188,10261
0.8551666666666666,0.0021438316117715845,10262
0.85525,0.0021436227224008574,10263
0.8553333333333333,0.0021434138737334374,10264
0.8554166666666667,0.002143205065757428,10265
0.8555,0.002142996298460939,10266
0.8555833333333334,0.0021427875718320836,10267
0.8556666666666667,0.0021425788858589795,10268
0.85575,0.0021423702405297495,10269
0.8558333333333333,0.002142161635832522,10270
0.8559166666666667,0.0022393145750170384,10271
0.856,0.0022390965732087226,10272
0.8560833333333333,0.0022388786138421105,10273
0.8561666666666666,0.002238660696904808,10274
0.85625,0.002238442822384428,10275
0.8563333333333333,0.002238224990268587,10276
0.8564166666666667,0.002238007200544906,10277
0.8565,0.002237789453201012,10278
0.8565833333333334,0.0022375717482245355,10279
0.8566666666666667,0.0022373540856031127,10280
0.85675,0.0022371364653243847,10281
0.8568333333333333,0.002236918887375997,10282
0.8569166666666667,0.0022367013517455995,10283
0.857,0.002236483858420848,10284
0.8570833333333333,0.002236266407389402,10285
0.8571666666666666,0.002236048998638927,10286
0.85725,0.0022358316321570916,10287
0.8573333333333333,0.002235614307931571,10288
0.8574166666666667,0.002235397025950044,10289
0.8575,0.0022351797862001943,10290
0.8575833333333334,0.0022349625886697116,10291
0.8576666666666667,0.0022347454333462883,10292
0.85775,0.0022345283202176236,10293
0.8578333333333333,0.0022343112492714205,10294
0.8579166666666667,0.002234094220495386,10295
0.858,0.002233877233877234,10296
0.8580833333333333,0.002233660289404681,10297
0.8581666666666666,0.0022334433870654495,10298
0.85825,0.002233226526847267,10299
0.8583333333333333,0.002233009708737864,10300
0.8584166666666667,0.0022327929327249784,10301
0.8585,0.00223257619879635,10302
0.8585833333333334,0.0022323595069397265,10303
0.8586666666666667,0.002232142857142857,10304
0.85875,0.0022319262493934984,10305
0.8588333333333333,0.00223170968367941,10306
0.8589166666666667,0.0022314931599883574,10307
0.859,0.00223127667830811,10308
0.8590833333333333,0.002231060238626443,10309
0.8591666666666666,0.0022308438409311348,10310
0.85925,0.00223062748520997,10311
0.8593333333333333,0.002230411171450737,10312
0.8594166666666667,0.0022301948996412296,10313
0.8595,0.002229978669769246,10314
0.8595833333333334,0.0022297624818225885,10315
0.8596666666666667,0.0022295463357890656,10316
0.85975,0.0023262576330328583,10317
0.8598333333333333,0.0023260321767784456,10318
0.8599166666666667,0.002325806764221339,10319
0.86,0.002325581395348837,10320
0.8600833333333333,0.0023253560701482416,10321
0.8601666666666666,0.002325130788606859,10322
0.86025,0.0023249055507120024,10323
0.8603333333333333,0.002324680356450988,10324
0.8604166666666667,0.002324455205811138,10325
0.8605,0.002324230098779779,10326
0.8605833333333334,0.0023240050353442432,10327
0.8606666666666667,0.0023237800154918666,10328
0.86075,0.0023235550392099913,10329
0.8608333333333333,0.002323330106485963,10330
0.8609166666666667,0.002323105217307134,10331
0.861,0.0023228803716608595,10332
0.8610833333333333,0.002322655569534501,10333
0.8611666666666666,0.002322430810915425,10334
0.86125,0.0023222060957910013,10335
0.8613333333333333,0.0023219814241486067,10336
0.8614166666666667,0.0023217567959756217,10337
0.8615,0.0023215322112594312,10338
0.8615833333333334,0.002321307669987426,10339
0.8616666666666667,0.0023210831721470018,10340
0.86175,0.0023208587177255585,10341
0.8618333333333333,0.002320634306710501,10342
0.8619166666666667,0.002320409939089239,10343
0.862,0.002320185614849188,10344
0.8620833333333333,0.002319961333977767,10345
0.8621666666666666,0.002319737096462401,10346
0.86225,0.002319512902290519,10347
0.8623333333333333,0.0023192887514495554,10348
0.8624166666666667,0.0023190646439269495,10349
0.8625,0.002318840579710145,10350
0.8625833333333334,0.0023186165587865907,10351
0.8626666666666667,0.00231839258114374,10352
0.86275,0.0023181686467690526,10353
0.8628333333333333,0.0023179447556499902,10354
0.8629166666666667,0.0023177209077740223,10355
0.863,0.002317497103128621,10356
0.8630833333333333,0.002317273341701265,10357
0.8631666666666666,0.0023170496234794363,10358
0.86325,0.0023168259484506225,10359
0.8633333333333333,0.0023166023166023165,10360
0.8634166666666667,0.002316378727922015,10361
0.8635,0.0023161551823972205,10362
0.8635833333333334,0.0023159316800154396,10363
0.8636666666666667,0.0023157082207641835,10364
0.86375,0.0023154848046309695,10365
0.8638333333333333,0.0023152614316033185,10366
0.8639166666666667,0.0023150381016687565,10367
0.864,0.0023148148148148147,10368
0.8640833333333333,0.0023145915710290287,10369
0.8641666666666666,0.0023143683702989393,10370
0.86425,0.0023141452126120912,10371
0.8643333333333333,0.0023139220979560356,10372
0.8644166666666667,0.002313699026318326,10373
0.8645,0.002313475997686524,10374
0.8645833333333334,0.0023132530120481927,10375
0.8646666666666667,0.002313030069390902,10376
0.86475,0.0023128071697022263,10377
0.8648333333333333,0.0023125843129697438,10378
0.8649166666666667,0.0023123614991810387,10379
0.865,0.0023121387283236996,10380
0.8650833333333333,0.002311916000385319,10381
0.8651666666666666,0.0023116933153534964,10382
0.86525,0.0023114706732158337,10383
0.8653333333333333,0.0023112480739599386,10384
0.8654166666666666,0.0023110255175734233,10385
0.8655,0.002310803004043905,10386
0.8655833333333334,0.0023105805333590063,10387
0.8656666666666667,0.0023103581055063534,10388
0.86575,0.002310135720473578,10389
0.8658333333333333,0.0023099133782483157,10390
0.8659166666666667,0.002309691078818208,10391
0.866,0.0023094688221709007,10392
0.8660833333333333,0.002309246608294044,10393
0.8661666666666666,0.0023090244371752936,10394
0.86625,0.002308802308802309,10395
0.8663333333333333,0.002308580223162755,10396
0.8664166666666666,0.002308358180244301,10397
0.8665,0.002308136180034622,10398
0.8665833333333334,0.002307914222521396,10399
0.8666666666666667,0.002307692307692308,10400
0.86675,0.0023074704355350445,10401
0.8668333333333333,0.0023072486060373007,10402
0.8669166666666667,0.002307026819186773,10403
0.867,0.002306805074971165,10404
0.8670833333333333,0.0023065833733781835,10405
0.8671666666666666,0.0023063617143955412,10406
0.86725,0.0023061400980109543,10407
0.8673333333333333,0.0023059185242121443,10408
0.8674166666666666,0.0023056969929868385,10409
0.8675,0.0023054755043227667,10410
0.8675833333333334,0.002305254058207665,10411
0.8676666666666667,0.002305032654629274,10412
0.86775,0.0023048112935753384,10413
0.8678333333333333,0.0023045899750336087,10414
0.8679166666666667,0.0023043686989918386,10415
0.868,0.002304147465437788,10416
0.8680833333333333,0.0023039262743592206,10417
0.8681666666666666,0.002303705125743905,10418
0.86825,0.002303484019579614,10419
0.8683333333333333,0.0023032629558541267,10420
0.8684166666666666,0.002303041934555225,10421
0.8685,0.002302820955670697,10422
0.8685833333333334,0.0023026000191883333,10423
0.8686666666666667,0.0023023791250959325,10424
0.86875,0.002302158273381295,10425
0.8688333333333333,0.002301937464032227,10426
0.8689166666666667,0.0023017166970365397,10427
0.869,0.0023014959723820483,10428
0.8690833333333333,0.002301275290056573,10429
0.8691666666666666,0.0023010546500479385,10430
0.86925,0.0023008340523439745,10431
0.8693333333333333,0.0023006134969325155,10432
0.8694166666666666,0.0023003929838013993,10433
0.8695,0.0023001725129384704,10434
0.8695833333333334,0.0022999520843315765,10435
0.8696666666666667,0.0022997316979685703,10436
0.86975,0.0022995113538373095,10437
0.8698333333333333,0.0022992910519256562,10438
0.8699166666666667,0.002299070792221477,10439
0.87,0.0022988505747126436,10440
0.8700833333333333,0.002298630399387032,10441
0.8701666666666666,0.0022984102662325224,10442
0.87025,0.002298190175237001,10443
0.8703333333333333,0.002297970126388357,10444
0.8704166666666666,0.0022977501196744855,10445
0.8705,0.0022975301550832855,10446
0.8705833333333334,0.002297310232602661,10447
0.8706666666666667,0.002297090352220521,10448
0.87075,0.0022968705139247776,10449
0.8708333333333333,0.0022966507177033493,10450
0.8709166666666667,0.0022964309635441584,10451
0.871,0.002296211251435132,10452
0.8710833333333333,0.002295991581364202,10453
0.8711666666666666,0.0022957719533193035,10454
0.87125,0.0022955523672883787,10455
0.8713333333333333,0.0022953328232593728,10456
0.8714166666666666,0.0022951133212202354,10457
0.8715,0.0023905144387072097,10458
0.8715833333333334,0.002390285878191032,10459
0.8716666666666667,0.002390057361376673,10460
0.87175,0.0023898288882516013,10461
0.8718333333333333,0.0023896004588032883,10462
0.8719166666666667,0.0023893720730192108,10463
0.872,0.00238914373088685,10464
0.8720833333333333,0.0023889154323936935,10465
0.8721666666666666,0.002388687177527231,10466
0.87225,0.0023884589662749593,10467
0.8723333333333333,0.002388230798624379,10468
0.8724166666666666,0.0023880026745629955,10469
0.8725,0.002387774594078319,10470
0.8725833333333334,0.0023875465571578645,10471
0.8726666666666667,0.002387318563789152,10472
0.87275,0.002387090613959706,10473
0.8728333333333333,0.0023868627076570554,10474
0.8729166666666667,0.002386634844868735,10475
0.873,0.0023864070255822834,10476
0.8730833333333333,0.0023861792497852437,10477
0.8731666666666666,0.002385951517465165,10478
0.87325,0.0023857238286096,10479
0.8733333333333333,0.002385496183206107,10480
0.8734166666666666,0.0023852685812422478,10481
0.8735,0.0023850410227055905,10482
0.8735833333333334,0.002384813507583707,10483
0.8736666666666667,0.0023845860358641738,10484
0.87375,0.002384358607534573,10485
0.8738333333333334,0.002384131222582491,10486
0.8739166666666667,0.0023839038809955184,10487
0.874,0.002383676582761251,10488
0.8740833333333333,0.0023834493278672895,10489
0.8741666666666666,0.0023832221163012394,10490
0.87425,0.0023829949480507102,10491
0.8743333333333333,0.002382767823103317,10492
0.8744166666666666,0.0023825407414466786,10493
0.8745,0.00238231370306842,10494
0.8745833333333334,0.0023820867079561697,10495
0.8746666666666667,0.002381859756097561,10496
0.87475,0.0023816328474802325,10497
0.8748333333333334,0.002381405982091827,10498
0.8749166666666667,0.0023811791599199924,10499
0.875,0.002380952380952381,10500
0.8750833333333333,0.0023807256451766497,10501
0.8751666666666666,0.0023804989525804607,10502
0.87525,0.0023802723031514806,10503
0.8753333333333333,0.00238004569687738,10504
0.8754166666666666,0.002379819133745835,10505
0.8755,0.002379592613744527,10506
0.8755833333333334,0.00237936613686114,10507
0.8756666666666667,0.002379139703083365,10508
0.87575,0.002378913312398896,10509
0.8758333333333334,0.002378686964795433,10510
0.8759166666666667,0.0023784606602606792,10511
0.876,0.0024733637747336376,10512
0.8760833333333333,0.002473128507562066,10513
0.8761666666666666,0.0024728932851436182,10514
0.87625,0.0024726581074655256,10515
0.8763333333333333,0.002472422974515025,10516
0.8764166666666666,0.00256727203575164,10517
0.8765,0.0026621030614185207,10518
0.8765833333333334,0.0026618499857400894,10519
0.8766666666666667,0.002661596958174905,10520
0.87675,0.0026613439787092482,10521
0.8768333333333334,0.002661091047329405,10522
0.8769166666666667,0.002660838164021667,10523
0.877,0.0026605853287723297,10524
0.8770833333333333,0.002660332541567696,10525
0.8771666666666667,0.002660079802394072,10526
0.87725,0.0026598271112377695,10527
0.8773333333333333,0.0026595744680851063,10528
0.8774166666666666,0.0026593218729224046,10529
0.8775,0.0026590693257359924,10530
0.8775833333333334,0.002658816826512202,10531
0.8776666666666667,0.002658564375237372,10532
0.87775,0.0026583119718978448,10533
0.8778333333333334,0.0026580596164799694,10534
0.8779166666666667,0.0026578073089701,10535
0.878,0.0026575550493545936,10536
0.8780833333333333,0.002657302837619816,10537
0.8781666666666667,0.002657050673752135,10538
0.87825,0.002656798557737926,10539
0.8783333333333333,0.0026565464895635673,10540
0.8784166666666666,0.0026562944692154443,10541
0.8785,0.0026560424966799467,10542
0.8785833333333334,0.0026557905719434695,10543
0.8786666666666667,0.002655538694992413,10544
0.87875,0.0026552868658131818,10545
0.8788333333333334,0.0026550350843921864,10546
0.8789166666666667,0.0026547833507158435,10547
0.879,0.0026545316647705727,10548
0.8790833333333333,0.0026542800265428003,10549
0.8791666666666667,0.002654028436018957,10550
0.87925,0.00265377689318548,10551
0.8793333333333333,0.00265352539802881,10552
0.8794166666666666,0.002653273950535393,10553
0.8795,0.0026530225506916807,10554
0.8795833333333334,0.0026527711984841306,10555
0.8796666666666667,0.002652519893899204,10556
0.87975,0.0026522686369233684,10557
0.8798333333333334,0.002652017427543095,10558
0.8799166666666667,0.002651766265744862,10559
0.88,0.0026515151515151517,10560
0.8800833333333333,0.0026512640848404506,10561
0.8801666666666667,0.0026510130657072524,10562
0.88025,0.0026507620941020544,10563
0.8803333333333333,0.0026505111700113595,10564
0.8804166666666666,0.002650260293421675,10565
0.8805,0.0026500094643195156,10566
0.8805833333333334,0.0026497586826913977,10567
0.8806666666666667,0.0026495079485238456,10568
0.88075,0.0026492572618033875,10569
0.8808333333333334,0.0026490066225165563,10570
0.8809166666666667,0.0026487560306498914,10571
0.881,0.0026485054861899358,10572
0.8810833333333333,0.0027428355244490683,10573
0.8811666666666667,0.002742576130130509,10574
0.88125,0.002742316784869976,10575
0.8813333333333333,0.002742057488653555,10576
0.8814166666666666,0.002741798241467335,10577
0.8815,0.00274153904329741,10578
0.8815833333333334,0.00274127989412988,10579
0.8816666666666667,0.002835538752362949,10580
0.88175,0.002835270768358378,10581
0.8818333333333334,0.002835002835002835,10582
0.8819166666666667,0.002834734952281962,10583
0.882,0.002928949357520786,10584
0.8820833333333333,0.0029286726499763815,10585
0.8821666666666667,0.0029283959947099944,10586
0.88225,0.00292811939170681,10587
0.8823333333333333,0.002927842840952021,10588
0.8824166666666666,0.0029275663424308245,10589
0.8825,0.0029272898961284232,10590
0.8825833333333334,0.0029270135020300256,10591
0.8826666666666667,0.002926737160120846,10592
0.88275,0.002926460870386104,10593
0.8828333333333334,0.002926184632811025,10594
0.8829166666666667,0.00292590844738084,10595
0.883,0.0029256323140807853,10596
0.8830833333333333,0.0029253562328961026,10597
0.8831666666666667,0.0030194376297414606,10598
0.88325,0.0030191527502594585,10599
0.8833333333333333,0.0030188679245283017,10600
0.8834166666666666,0.00301858315253278,10601
0.8835,0.003018298434257687,10602
0.8835833333333334,0.0030180137696878243,10603
0.8836666666666667,0.003017729158807997,10604
0.88375,0.0030174446016030176,10605
0.8838333333333334,0.003017160098057703,10606
0.8839166666666667,0.0030168756481568776,10607
0.884,0.0030165912518853697,10608
0.8840833333333333,0.003110566500141389,10609
0.8841666666666667,0.003110273327049953,10610
0.88425,0.0031099802092168505,10611
0.8843333333333333,0.0031096871466264604,10612
0.8844166666666666,0.003109394139263168,10613
0.8845,0.0031091011871113624,10614
0.8845833333333334,0.0031088082901554403,10615
0.8846666666666667,0.0031085154483798043,10616
0.88475,0.0031082226617688614,10617
0.8848333333333334,0.003107929930307026,10618
0.8849166666666667,0.0031076372539787173,10619
0.885,0.0031073446327683617,10620
0.8850833333333333,0.00310705206666039,10621
0.8851666666666667,0.003106759555639239,10622
0.88525,0.0031064670996893535,10623
0.8853333333333333,0.0031061746987951807,10624
0.8854166666666666,0.0031058823529411766,10625
0.8855,0.003105590062111801,10626
0.8855833333333333,0.0031052978262915217,10627
0.8856666666666667,0.0031050056454648097,10628
0.88575,0.0031047135196161446,10629
0.8858333333333334,0.003198494825964252,10630
0.8859166666666667,0.003198193961057285,10631
0.886,0.003197893152746426,10632
0.8860833333333333,0.003197592401015706,10633
0.8861666666666667,0.003197291705849163,10634
0.88625,0.0031969910672308417,10635
0.8863333333333333,0.0031966904851447914,10636
0.8864166666666666,0.0031963899595750683,10637
0.8865,0.003196089490505734,10638
0.8865833333333333,0.003289782874330294,10639
0.8866666666666667,0.003289473684210526,10640
0.88675,0.0032891645522037404,10641
0.8868333333333334,0.003288855478293554,10642
0.8869166666666667,0.003288546462463591,10643
0.887,0.003288237504697482,10644
0.8870833333333333,0.0032879286049788633,10645
0.8871666666666667,0.003287619763291377,10646
0.88725,0.003287310979618672,10647
0.8873333333333333,0.0032870022539444026,10648
0.8874166666666666,0.00328669358625223,10649
0.8875,0.0032863849765258214,10650
0.8875833333333333,0.00328607642474885,10651
0.8876666666666667,0.0032857679309049944,10652
0.88775,0.0032854594949779407,10653
0.8878333333333334,0.0032851511169513796,10654
0.8879166666666667,0.00328484279680901,10655
0.888,0.0032845345345345347,10656
0.8880833333333333,0.0032842263301116636,10657
0.8881666666666667,0.003377744417339088,10658
0.88825,0.0033774275260343373,10659
0.8883333333333333,0.0034709193245778614,10660
0.8884166666666666,0.003470593752931245,10661
0.8885,0.003470268242356031,10662
0.8885833333333333,0.003469942792835037,10663
0.8886666666666667,0.0034696174043510877,10664
0.88875,0.0035630567276136896,10665
0.8888333333333334,0.0035627226701668855,10666
0.8889166666666667,0.0035623886753538953,10667
0.889,0.0035620547431571056,10668
0.8890833333333333,0.003561720873558909,10669
0.8891666666666667,0.003561387066541706,10670
0.88925,0.0035610533220879017,10671
0.8893333333333333,0.00356071964017991,10672
0.8894166666666666,0.00356038602080015,10673
0.8895,0.0035600524639310474,10674
0.8895833333333333,0.003559718969555035,10675
0.8896666666666667,0.0035593855376545524,10676
0.88975,0.0035590521682120446,10677
0.8898333333333334,0.0035587188612099642,10678
0.8899166666666667,0.0035583856166307706,10679
0.89,0.0035580524344569287,10680
0.8900833333333333,0.003557719314670911,10681
0.8901666666666667,0.0035573862572551955,10682
0.89025,0.003557053262192268,10683
0.8903333333333333,0.00355672032946462,10684
0.8904166666666666,0.0035563874590547498,10685
0.8905,0.003556054650945162,10686
0.8905833333333333,0.0035557219051183682,10687
0.8906666666666667,0.003555389221556886,10688
0.89075,0.0035550566002432405,10689
0.8908333333333334,0.0035547240411599626,10690
0.8909166666666667,0.0036479281638761574,10691
0.891,0.003647586980920314,10692
0.8910833333333333,0.003647245861778734,10693
0.8911666666666667,0.003646904806433514,10694
0.89125,0.0036465638148667602,10695
0.8913333333333333,0.0036462228870605836,10696
0.8914166666666666,0.003739366177432925,10697
0.8915,0.003832492054589643,10698
0.8915833333333333,0.0038321338442845127,10699
0.8916666666666667,0.003925233644859813,10700
0.89175,0.003924866834875245,10701
0.8918333333333334,0.0039245000934404785,10702
0.8919166666666667,0.004017565168644305,10703
0.892,0.0040171898355754855,10704
0.8920833333333333,0.004016814572629613,10705
0.8921666666666667,0.004016439379787035,10706
0.89225,0.004016064257028112,10707
0.8923333333333333,0.004015689204333209,10708
0.8924166666666666,0.004015314221682696,10709
0.8925,0.004014939309056956,10710
0.8925833333333333,0.004014564466436374,10711
0.8926666666666667,0.004014189693801344,10712
0.89275,0.004013814991132269,10713
0.8928333333333334,0.004013440358409557,10714
0.8929166666666667,0.004013065795613626,10715
0.893,0.004012691302724898,10716
0.8930833333333333,0.0040123168797238035,10717
0.8931666666666667,0.0040119425265907815,10718
0.89325,0.004011568243306279,10719
0.8933333333333333,0.004011194029850746,10720
0.8934166666666666,0.004010819886204645,10721
0.8935,0.0040104458123484425,10722
0.8935833333333333,0.004010071808262613,10723
0.8936666666666667,0.004009697873927639,10724
0.89375,0.004009324009324009,10725
0.8938333333333334,0.004008950214432221,10726
0.8939166666666667,0.004008576489232777,10727
0.894,0.00400820283370619,10728
0.8940833333333333,0.0040078292478329764,10729
0.8941666666666667,0.004007455731593662,10730
0.89425,0.004100270245084335,10731
0.8943333333333333,0.004099888184867686,10732
0.8944166666666666,0.004099506195844592,10733
0.8945,0.0040991242779951555,10734
0.8945833333333333,0.004098742431299487,10735
0.8946666666666667,0.004098360655737705,10736
0.89475,0.004097978951289932,10737
0.8948333333333334,0.004097597317936301,10738
0.8949166666666667,0.0040972157556569515,10739
0.895,0.00409683426443203,10740
0.8950833333333333,0.004096452844241691,10741
0.8951666666666667,0.0040960714950660955,10742
0.89525,0.004095690216885414,10743
0.8953333333333333,0.004095309009679821,10744
0.8954166666666666,0.004094927873429502,10745
0.8955,0.004094546808114647,10746
0.8955833333333333,0.0040941658137154556,10747
0.8956666666666667,0.004093784890212133,10748
0.89575,0.004093404037584892,10749
0.8958333333333334,0.004093023255813954,10750
0.8959166666666667,0.0040926425448795465,10751
0.896,0.004092261904761905,10752
0.8960833333333333,0.004091881335441272,10753
0.8961666666666667,0.004091500836897899,10754
0.89625,0.004091120409112041,10755
0.8963333333333333,0.004090740052063964,10756
0.8964166666666666,0.004090359765733941,10757
0.8965,0.00408997955010225,10758
0.8965833333333333,0.004089599405149177,10759
0.8966666666666666,0.004089219330855019,10760
0.89675,0.004088839327200075,10761
0.8968333333333334,0.004088459394164653,10762
0.8969166666666667,0.004088079531729072,10763
0.897,0.004087699739873653,10764
0.8970833333333333,0.004087320018578727,10765
0.8971666666666667,0.0040869403678246334,10766
0.89725,0.004086560787591715,10767
0.8973333333333333,0.004086181277860327,10768
0.8974166666666666,0.0040858018386108275,10769
0.8975,0.004085422469823584,10770
0.8975833333333333,0.004177885061739857,10771
0.8976666666666666,0.004177497215001857,10772
0.89775,0.004177109440267335,10773
0.8978333333333334,0.004176721737516243,10774
0.8979166666666667,0.004176334106728539,10775
0.898,0.0041759465478841875,10776
0.8980833333333333,0.004175559060963162,10777
0.8981666666666667,0.004175171645945445,10778
0.89825,0.004174784302811021,10779
0.8983333333333333,0.004174397031539889,10780
0.8984166666666666,0.004174009832112049,10781
0.8985,0.004173622704507512,10782
0.8985833333333333,0.004265974218677548,10783
0.8986666666666666,0.004265578635014837,10784
0.89875,0.004265183124710246,10785
0.8988333333333334,0.004264787687743371,10786
0.8989166666666667,0.0042643923240938165,10787
0.899,0.004263997033741194,10788
0.8990833333333333,0.0042636018166651215,10789
0.8991666666666667,0.004263206672845227,10790
0.89925,0.004355481419701603,10791
0.8993333333333333,0.004355077835433654,10792
0.8994166666666666,0.004354674325952006,10793
0.8995,0.004354270891235872,10794
0.8995833333333333,0.004353867531264474,10795
0.8996666666666666,0.004353464246017043,10796
0.89975,0.004353061035472817,10797
0.8998333333333334,0.004352657899611039,10798
0.8999166666666667,0.004352254838410964,10799
0.9,0.0043518518518518515,10800
0.9000833333333333,0.004351448939912971,10801
0.9001666666666667,0.004351046102573597,10802
0.90025,0.004350643339813015,10803
0.9003333333333333,0.004350240651610515,10804
0.9004166666666666,0.004349838037945396,10805
0.9005,0.004349435498796964,10806
0.9005833333333333,0.004349033034144536,10807
0.9006666666666666,0.0043486306439674315,10808
0.90075,0.004348228328244981,10809
0.9008333333333334,0.004347826086956522,10810
0.9009166666666667,0.004347423920081399,10811
0.901,0.004347021827598964,10812
0.9010833333333333,0.004346619809488579,10813
0.9011666666666667,0.00434621786572961,10814
0.90125,0.004345815996301433,10815
0.9013333333333333,0.004345414201183432,10816
0.9014166666666666,0.004345012480354997,10817
0.9015,0.004344610833795526,10818
0.9015833333333333,0.004436639245771328,10819
0.9016666666666666,0.0044362292051756,10820
0.90175,0.004528232141206913,10821
0.9018333333333334,0.004527813712807244,10822
0.9019166666666667,0.00452739536172965,10823
0.902,0.004526977087952698,10824
0.9020833333333333,0.004526558891454965,10825
0.9021666666666667,0.004526140772215038,10826
0.90225,0.004525722730211509,10827
0.9023333333333333,0.0045253047654229776,10828
0.9024166666666666,0.004524886877828055,10829
0.9025,0.004524469067405355,10830
0.9025833333333333,0.004616378912381128,10831
0.9026666666666666,0.004615952732644018,10832
0.90275,0.004615526631588664,10833
0.9028333333333334,0.0046151006091932805,10834
0.9029166666666667,0.004706968158744809,10835
0.903,0.004706533776301218,10836
0.9030833333333333,0.004706099474024177,10837
0.9031666666666667,0.004797933198007013,10838
0.90325,0.004797490543408063,10839
0.9033333333333333,0.004797047970479705,10840
0.9034166666666666,0.0048888478922608615,10841
0.9035,0.00488839697472791,10842
0.9035833333333333,0.004887946140367057,10843
0.9036666666666666,0.0048874953891552934,10844
0.90375,0.004887044721069617,10845
0.9038333333333334,0.004886594136087037,10846
0.9039166666666667,0.004886143634184567,10847
0.904,0.004885693215339233,10848
0.9040833333333333,0.004885242879528067,10849
0.9041666666666667,0.004884792626728111,10850
0.90425,0.004884342456916413,10851
0.9043333333333333,0.0048838923700700336,10852
0.9044166666666666,0.00497558278816917,10853
0.9045,0.004975124378109453,10854
0.9045833333333333,0.004974666052510364,10855
0.9046666666666666,0.004974207811348563,10856
0.90475,0.004973749654600719,10857
0.9048333333333334,0.004973291582243507,10858
0.9049166666666667,0.0049728335942536145,10859
0.905,0.0050644567219152855,10860
0.9050833333333334,0.00506399042445447,10861
0.9051666666666667,0.0050635242128521454,10862
0.90525,0.005063058087084599,10863
0.9053333333333333,0.00506259204712813,10864
0.9054166666666666,0.0050621260929590425,10865
0.9055,0.005061660224553653,10866
0.9055833333333333,0.005061194441888285,10867
0.9056666666666666,0.005060728744939271,10868
0.90575,0.005060263133682952,10869
0.9058333333333334,0.005059797608095676,10870
0.9059166666666667,0.005059332168153804,10871
0.906,0.0051508462104488595,10872
0.9060833333333334,0.005150372482295594,10873
0.9061666666666667,0.005149898841272761,10874
0.90625,0.005149425287356322,10875
0.9063333333333333,0.005240897388745862,10876
0.9064166666666666,0.00524041555575986,10877
0.9065,0.005239933811362383,10878
0.9065833333333333,0.005239452155529001,10879
0.9066666666666666,0.005238970588235294,10880
0.90675,0.005238489109456851,10881
0.9068333333333334,0.00523800771916927,10882
0.9069166666666667,0.005237526417348158,10883
0.907,0.005237045203969129,10884
0.9070833333333334,0.005236564079007809,10885
0.9071666666666667,0.005236083042439831,10886
0.90725,0.005235602094240838,10887
0.9073333333333333,0.00523512123438648,10888
0.9074166666666666,0.00523464046285242,10889
0.9075,0.005234159779614325,10890
0.9075833333333333,0.005233679184647874,10891
0.9076666666666666,0.005233198677928755,10892
0.90775,0.005232718259432663,10893
0.9078333333333334,0.005232237929135304,10894
0.9079166666666667,0.005231757687012391,10895
0.908,0.0052312775330396475,10896
0.9080833333333334,0.005230797467192805,10897
0.9081666666666667,0.005230317489447605,10898
0.90825,0.005229837599779796,10899
0.9083333333333333,0.005229357798165138,10900
0.9084166666666667,0.005228878084579397,10901
0.9085,0.005228398458998349,10902
0.9085833333333333,0.005227918921397781,10903
0.9086666666666666,0.005227439471753485,10904
0.90875,0.005226960110041265,10905
0.9088333333333334,0.005226480836236934,10906
0.9089166666666667,0.0052260016503163104,10907
0.909,0.005225522552255226,10908
0.9090833333333334,0.005225043542029517,10909
0.9091666666666667,0.005224564619615032,10910
0.90925,0.005224085784987627,10911
0.9093333333333333,0.005223607038123167,10912
0.9094166666666667,0.005223128378997526,10913
0.9095,0.005222649807586586,10914
0.9095833333333333,0.005222171323866239,10915
0.9096666666666666,0.005221692927812385,10916
0.90975,0.005221214619400934,10917
0.9098333333333334,0.005220736398607804,10918
0.9099166666666667,0.00522025826540892,10919
0.91,0.0052197802197802195,10920
0.9100833333333334,0.0052193022616976465,10921
0.9101666666666667,0.005218824391137154,10922
0.91025,0.005218346608074705,10923
0.9103333333333333,0.0052178689124862685,10924
0.9104166666666667,0.0052173913043478265,10925
0.9105,0.005308438586857038,10926
0.9105833333333333,0.005307952777523566,10927
0.9106666666666666,0.005307467057101025,10928
0.91075,0.005306981425565011,10929
0.9108333333333334,0.005306495882891125,10930
0.9109166666666667,0.0053060104290549815,10931
0.911,0.005305525064032199,10932
0.9110833333333334,0.005305039787798408,10933
0.9111666666666667,0.0053045546003292485,10934
0.91125,0.005304069501600366,10935
0.9113333333333333,0.0053035844915874176,10936
0.9114166666666667,0.005303099570266069,10937
0.9115,0.005302614737611995,10938
0.9115833333333333,0.005393546027973307,10939
0.9116666666666666,0.005393053016453382,10940
0.91175,0.005392560095055296,10941
0.9118333333333334,0.005392067263754341,10942
0.9119166666666667,0.005482957141551677,10943
0.912,0.005482456140350877,10944
0.9120833333333334,0.00548195523069895,10945
0.9121666666666667,0.005572811986113649,10946
0.91225,0.005572302914040377,10947
0.9123333333333333,0.00557179393496529,10948
0.9124166666666667,0.00557128504886291,10949
0.9125,0.005570776255707763,10950
0.9125833333333333,0.0055702675554743855,10951
0.9126666666666666,0.005569758948137327,10952
0.91275,0.00556925043367114,10953
0.9128333333333334,0.005568742012050393,10954
0.9129166666666667,0.005568233683249658,10955
0.913,0.00556772544724352,10956
0.9130833333333334,0.005658483161449302,10957
0.9131666666666667,0.005657966782259536,10958
0.91325,0.005657450497308148,10959
0.9133333333333333,0.0056569343065693434,10960
0.9134166666666667,0.005656418210017334,10961
0.9135,0.005655902207626346,10962
0.9135833333333333,0.00565538629937061,10963
0.9136666666666666,0.0056548704852243704,10964
0.91375,0.005654354765161879,10965
0.9138333333333334,0.005653839139157396,10966
0.9139166666666667,0.005653323607185192,10967
0.914,0.005652808169219548,10968
0.9140833333333334,0.00574345883854499,10969
0.9141666666666667,0.005742935278030993,10970
0.91425,0.005833561206817974,10971
0.9143333333333333,0.005833029529711994,10972
0.9144166666666667,0.00583249794951244,10973
0.9145,0.00583196646619282,10974
0.9145833333333333,0.00592255125284738,10975
0.9146666666666666,0.0059220116618075806,10976
0.91475,0.0059214721690808055,10977
0.9148333333333334,0.005920932774640189,10978
0.9149166666666667,0.005920393478458876,10979
0.915,0.005919854280510018,10980
0.9150833333333334,0.006010381568163191,10981
0.9151666666666667,0.006009834274266983,10982
0.91525,0.006009287080032778,10983
0.9153333333333333,0.006008739985433357,10984
0.9154166666666667,0.006008192990441511,10985
0.9155,0.006007646095030038,10986
0.9155833333333333,0.006007099299171748,10987
0.9156666666666666,0.006006552602839462,10988
0.91575,0.006006006006006006,10989
0.9158333333333334,0.006005459508644222,10990
0.9159166666666667,0.006004913110726959,10991
0.916,0.006004366812227074,10992
0.9160833333333334,0.006003820613117439,10993
0.9161666666666667,0.006003274513370929,10994
0.91625,0.006002728512960437,10995
0.9163333333333333,0.006002182611858858,10996
0.9164166666666667,0.006001636810039101,10997
0.9165,0.006001091107474086,10998
0.9165833333333333,0.00600054550413674,10999
0.9166666666666666,0.006,11000
0.91675,0.0059994545950368145,11001
0.9168333333333333,0.005998909289220142,11002
0.9169166666666667,0.0059983640825229485,11003
0.917,0.0059978189749182115,11004
0.9170833333333334,0.005997273966378919,11005
0.9171666666666667,0.005996729056878067,11006
0.91725,0.005996184246388662,11007
0.9173333333333333,0.005995639534883721,11008
0.9174166666666667,0.00599509492233627,11009
0.9175,0.005994550408719346,11010
0.9175833333333333,0.005994005994005994,11011
0.9176666666666666,0.00599346167816927,11012
0.91775,0.0059929174611822395,11013
0.9178333333333333,0.005992373343017977,11014
0.9179166666666667,0.005991829323649569,11015
0.918,0.005991285403050109,11016
0.9180833333333334,0.005990741581192702,11017
0.9181666666666667,0.005990197858050463,11018
0.91825,0.005989654233596515,11019
0.9183333333333333,0.005989110707803993,11020
0.9184166666666667,0.00598856728064604,11021
0.9185,0.005988023952095809,11022
0.9185833333333333,0.005987480722126463,11023
0.9186666666666666,0.005986937590711176,11024
0.91875,0.00598639455782313,11025
0.9188333333333333,0.005985851623435516,11026
0.9189166666666667,0.005985308787521538,11027
0.919,0.006075444323540079,11028
0.9190833333333334,0.006074893462689274,11029
0.9191666666666667,0.006165004533091568,11030
0.91925,0.006164445653159279,11031
0.9193333333333333,0.006163886874546773,11032
0.9194166666666667,0.0061633281972265025,11033
0.9195,0.0061627696211709266,11034
0.9195833333333333,0.006162211146352515,11035
0.9196666666666666,0.0061616527727437476,11036
0.91975,0.006161094500317115,11037
0.9198333333333333,0.006160536329045117,11038
0.9199166666666667,0.006159978258900262,11039
0.92,0.006159420289855073,11040
0.9200833333333334,0.0061588624218820755,11041
0.9201666666666667,0.006248867958703133,11042
0.92025,0.006248302091822874,11043
0.9203333333333333,0.006247736327417602,11044
0.9204166666666667,0.006247170665459484,11045
0.9205,0.0062466051059206955,11046
0.9205833333333333,0.006246039648773422,11047
0.9206666666666666,0.006245474293989863,11048
0.92075,0.006244909041542221,11049
0.9208333333333333,0.006244343891402715,11050
0.9209166666666667,0.006243778843543571,11051
0.921,0.006243213897937025,11052
0.9210833333333334,0.006242649054555324,11053
0.9211666666666667,0.006242084313370725,11054
0.92125,0.006241519674355495,11055
0.9213333333333333,0.006240955137481911,11056
0.9214166666666667,0.006240390702722257,11057
0.9215,0.006239826370048833,11058
0.9215833333333333,0.006239262139433945,11059
0.9216666666666666,0.0062386980108499095,11060
0.92175,0.006238133984269053,11061
0.9218333333333333,0.006237570059663714,11062
0.9219166666666667,0.006237006237006237,11063
0.922,0.006326825741142444,11064
0.9220833333333334,0.0063262539539087215,11065
0.9221666666666667,0.006325682270016266,11066
0.92225,0.006325110689437065,11067
0.9223333333333333,0.006324539212143115,11068
0.9224166666666667,0.0063239678381064235,11069
0.9225,0.006323396567299007,11070
0.9225833333333333,0.0064131514768313615,11071
0.9226666666666666,0.00641257225433526,11072
0.92275,0.006411993136458051,11073
0.9228333333333333,0.006501715730540003,11074
0.9229166666666667,0.006591422121896163,11075
0.923,0.006590827013362225,11076
0.9230833333333334,0.0065902320122776924,11077
0.9231666666666667,0.006589637118613468,11078
0.92325,0.006589042332340464,11079
0.9233333333333333,0.006588447653429603,11080
0.9234166666666667,0.006587853081851818,11081
0.9235,0.006587258617578054,11082
0.9235833333333333,0.0065866642605792655,11083
0.9236666666666666,0.0065860700108264164,11084
0.92375,0.006585475868290482,11085
0.9238333333333333,0.00658488183294245,11086
0.9239166666666667,0.006584287904753315,11087
0.924,0.006583694083694084,11088
0.9240833333333334,0.006583100369735774,11089
0.9241666666666667,0.006582506762849414,11090
0.92425,0.0065819132630060406,11091
0.9243333333333333,0.006581319870176704,11092
0.9244166666666667,0.006670873523843866,11093
0.9245,0.006670272219217595,11094
0.9245833333333333,0.006669671022983326,11095
0.9246666666666666,0.006759192501802451,11096
0.92475,0.006758583400919167,11097
0.9248333333333333,0.006757974409803569,11098
0.9249166666666667,0.006757365528425984,11099
0.925,0.006846846846846847,11100
0.9250833333333334,0.00684623006936312,11101
0.9251666666666667,0.006845613402990452,11102
0.92525,0.00684499684769882,11103
0.9253333333333333,0.006844380403458214,11104
0.9254166666666667,0.006933813597478613,11105
0.9255,0.006933189267062849,11106
0.9255833333333333,0.006932565049068155,11107
0.9256666666666666,0.00693194094346417,11108
0.92575,0.006931316950220542,11109
0.9258333333333333,0.006930693069306931,11110
0.9259166666666667,0.006930069300693007,11111
0.926,0.006929445644348452,11112
0.9260833333333334,0.007018806802843516,11113
0.9261666666666667,0.007018175274428649,11114
0.92625,0.007017543859649123,11115
0.9263333333333333,0.007016912558474271,11116
0.9264166666666667,0.007016281370873437,11117
0.9265,0.007015650296815974,11118
0.9265833333333333,0.007015019336271248,11119
0.9266666666666666,0.007014388489208633,11120
0.92675,0.007013757755597518,11121
0.9268333333333333,0.007013127135407301,11122
0.9269166666666667,0.00701249662860739,11123
0.927,0.007011866235167206,11124
0.9270833333333334,0.00701123595505618,11125
0.9271666666666667,0.007010605788243754,11126
0.92725,0.0070998472184775775,11127
0.9273333333333333,0.007099209202012941,11128
0.9274166666666667,0.007098571300206667,11129
0.9275,0.007097933513027853,11130
0.9275833333333333,0.007097295840445602,11131
0.9276666666666666,0.007096658282429034,11132
0.92775,0.007096020838947274,11133
0.9278333333333333,0.007185198491108317,11134
0.9279166666666666,0.007184553210597216,11135
0.928,0.007183908045977011,11136
0.9280833333333334,0.007183262997216486,11137
0.9281666666666667,0.007272400790087987,11138
0.92825,0.007271747912739025,11139
0.9283333333333333,0.007271095152603231,11140
0.9284166666666667,0.007270442509649044,11141
0.9285,0.007269789983844911,11142
0.9285833333333333,0.007269137575159293,11143
0.9286666666666666,0.00726848528356066,11144
0.92875,0.007267833109017497,11145
0.9288333333333333,0.007267181051498295,11146
0.9289166666666666,0.007266529110971562,11147
0.929,0.007265877287405812,11148
0.9290833333333334,0.00735491972374204,11149
0.9291666666666667,0.0073542600896860984,11150
0.92925,0.007353600573939557,11151
0.9293333333333333,0.007352941176470588,11152
0.9294166666666667,0.0073522818972473775,11153
0.9295,0.007351622736238121,11154
0.9295833333333333,0.007350963693411027,11155
0.9296666666666666,0.007350304768734313,11156
0.92975,0.007349645962176212,11157
0.9298333333333333,0.007348987273704965,11158
0.9299166666666666,0.007437942467963079,11159
0.93,0.0074372759856630825,11160
0.9300833333333334,0.007436609622793656,11161
0.9301666666666667,0.007435943379322702,11162
0.93025,0.007435277255218131,11163
0.9303333333333333,0.007434611250447868,11164
0.9304166666666667,0.0074339453649798475,11165
0.9305,0.007433279598782017,11166
0.9305833333333333,0.007432613951822334,11167
0.9306666666666666,0.007431948424068768,11168
0.93075,0.007520816545796401,11169
0.9308333333333333,0.0075201432408236344,11170
0.9309166666666666,0.007519470056396025,11171
0.931,0.007518796992481203,11172
0.9310833333333334,0.007518124049046809,11173
0.9311666666666667,0.007606944693037408,11174
0.93125,0.007606263982102908,11175
0.9313333333333333,0.0076055833929849674,11176
0.9314166666666667,0.007694372371835018,11177
0.9315,0.007693684022186438,11178
0.9315833333333333,0.007692995795688344,11179
0.9316666666666666,0.007692307692307693,11180
0.93175,0.007781057150523209,11181
0.9318333333333333,0.007869790735109999,11182
0.9319166666666666,0.007869087007064294,11183
0.932,0.007868383404864092,11184
0.9320833333333334,0.007867679928475637,11185
0.9321666666666667,0.00786697657786519,11186
0.93225,0.007866273352999017,11187
0.9323333333333333,0.007865570253843403,11188
0.9324166666666667,0.007864867280364644,11189
0.9325,0.007864164432529044,11190
0.9325833333333333,0.007863461710302923,11191
0.9326666666666666,0.007862759113652609,11192
0.93275,0.007862056642544447,11193
0.9328333333333333,0.007861354296944793,11194
0.9329166666666666,0.00786065207682001,11195
0.933,0.007859949982136478,11196
0.9330833333333334,0.007859248012860587,11197
0.9331666666666667,0.007858546168958742,11198
0.93325,0.00794713813733369,11199
0.9333333333333333,0.007946428571428571,11200
0.9334166666666667,0.007945719132220338,11201
0.9335,0.008034279592929834,11202
0.9335833333333333,0.00803356243863251,11203
0.9336666666666666,0.00803284541235273,11204
0.93375,0.008032128514056224,11205
0.9338333333333333,0.008031411743708727,11206
0.9339166666666666,0.008030695101275988,11207
0.934,0.008029978586723769,11208
0.9340833333333334,0.008029262200017843,11209
0.9341666666666667,0.008028545941123996,11210
0.93425,0.008027829810008028,11211
0.9343333333333333,0.008027113806635747,11212
0.9344166666666667,0.008026397930972979,11213
0.9345,0.008025682182985553,11214
0.9345833333333333,0.008024966562639322,11215
0.9346666666666666,0.008024251069900143,11216
0.93475,0.008023535704733886,11217
0.9348333333333333,0.008022820467106437,11218
0.9349166666666666,0.008022105356983689,11219
0.935,0.008021390374331552,11220
0.9350833333333334,0.008020675519115943,11221
0.9351666666666667,0.008109071466761718,11222
0.93525,0.008108348926312037,11223
0.9353333333333333,0.008107626514611548,11224
0.9354166666666667,0.008106904231625835,11225
0.9355,0.008106182077320506,11226
0.9355833333333333,0.008105460051661174,11227
0.9356666666666666,0.008104738154613466,11228
0.93575,0.008104016386143022,11229
0.9358333333333333,0.008103294746215494,11230
0.9359166666666666,0.008102573234796545,11231
0.936,0.008101851851851851,11232
0.9360833333333334,0.008101130597347102,11233
0.9361666666666667,0.008100409471247997,11234
0.93625,0.00809968847352025,11235
0.9363333333333334,0.008098967604129583,11236
0.9364166666666667,0.008098246863041737,11237
0.9365,0.00809752625022246,11238
0.9365833333333333,0.008096805765637512,11239
0.9366666666666666,0.00809608540925267,11240
0.93675,0.008095365181033716,11241
0.9368333333333333,0.00809464508094645,11242
0.9369166666666666,0.008093925108956684,11243
0.937,0.008093205265030238,11244
0.9370833333333334,0.008092485549132947,11245
0.9371666666666667,0.00809176596123066,11246
0.93725,0.008091046501289233,11247
0.9373333333333334,0.008090327169274538,11248
0.9374166666666667,0.008089607965152458,11249
0.9375,0.008088888888888889,11250
0.9375833333333333,0.008088169940449738,11251
0.9376666666666666,0.008087451119800925,11252
0.93775,0.00808673242690838,11253
0.9378333333333333,0.008174871156921983,11254
0.9379166666666666,0.008174144824522434,11255
0.938,0.008173418621179816,11256
0.9380833333333334,0.008172692546859732,11257
0.9381666666666667,0.008260792325457452,11258
0.93825,0.00826005861977085,11259
0.9383333333333334,0.008259325044404974,11260
0.9384166666666667,0.008258591599325104,11261
0.9385,0.008257858284496537,11262
0.9385833333333333,0.008257125099884579,11263
0.9386666666666666,0.008256392045454546,11264
0.93875,0.00825565912117177,11265
0.9388333333333333,0.008254926327001597,11266
0.9389166666666666,0.0083429484334783,11267
0.939,0.008342208022719205,11268
0.9390833333333334,0.008341467743366759,11269
0.9391666666666667,0.008429458740017746,11270
0.93925,0.00842871085085618,11271
0.9393333333333334,0.008427963094393186,11272
0.9394166666666667,0.008427215470593453,11273
0.9395,0.008426467979421677,11274
0.9395833333333333,0.008425720620842573,11275
0.9396666666666667,0.008513657325292657,11276
0.93975,0.008512902367650971,11277
0.9398333333333333,0.008600815747472956,11278
0.9399166666666666,0.008600053196205337,11279
0.94,0.008599290780141844,11280
0.9400833333333334,0.00859852849924652,11281
0.9401666666666667,0.008597766353483425,11282
0.94025,0.008597004342816628,11283
0.9403333333333334,0.008596242467210208,11284
0.9404166666666667,0.008595480726628267,11285
0.9405,0.00859471912103491,11286
0.9405833333333333,0.008593957650394259,11287
0.9406666666666667,0.008593196314670447,11288
0.94075,0.00859243511382762,11289
0.9408333333333333,0.008591674047829938,11290
0.9409166666666666,0.008590913116641574,11291
0.941,0.00859015232022671,11292
0.9410833333333334,0.008677942088019128,11293
0.9411666666666667,0.00867717372055959,11294
0.94125,0.008676405489154493,11295
0.9413333333333334,0.008675637393767706,11296
0.9414166666666667,0.008674869434363104,11297
0.9415,0.008674101610904586,11298
0.9415833333333333,0.00867333392335605,11299
0.9416666666666667,0.008672566371681416,11300
0.94175,0.008671798955844615,11301
0.9418333333333333,0.008671031675809591,11302
0.9419166666666666,0.008670264531540298,11303
0.942,0.00875796178343949,11304
0.9420833333333334,0.00875718708536046,11305
0.9421666666666667,0.008756412524323368,11306
0.94225,0.008844078889183692,11307
0.9423333333333334,0.008843296781039971,11308
0.9424166666666667,0.008842514811212308,11309
0.9425,0.008841732979664015,11310
0.9425833333333333,0.008840951286358412,11311
0.9426666666666667,0.00884016973125884,11312
0.94275,0.008927782197471935,11313
0.9428333333333333,0.008926993105886512,11314
0.9429166666666666,0.00901458241272647,11315
0.943,0.009013785790031814,11316
0.9430833333333334,0.009012989308120526,11317
0.9431666666666667,0.009100547799964658,11318
0.94325,0.009099743793621344,11319
0.9433333333333334,0.009098939929328621,11320
0.9434166666666667,0.009098136207048847,11321
0.9435,0.009097332626744392,11322
0.9435833333333333,0.009096529188377639,11323
0.9436666666666667,0.009095725891910985,11324
0.94375,0.009094922737306844,11325
0.9438333333333333,0.009094119724527635,11326
0.9439166666666666,0.009181601483181779,11327
0.944,0.009180790960451978,11328
0.9440833333333334,0.00917998058081031,11329
0.9441666666666667,0.009267431597528684,11330
0.94425,0.009354867178536758,11331
0.9443333333333334,0.009354041651959053,11332
0.9444166666666667,0.009353216271066797,11333
0.9445,0.009352391035821422,11334
0.9445833333333333,0.009351565946184385,11335
0.9446666666666667,0.009438955539872972,11336
0.94475,0.009438122960218752,11337
0.9448333333333333,0.009437290527429882,11338
0.9449166666666666,0.009436458241467502,11339
0.945,0.009435626102292769,11340
0.9450833333333334,0.00952296975575346,11341
0.9451666666666667,0.009522130135778522,11342
0.94525,0.009521290663845543,11343
0.9453333333333334,0.009520451339915375,11344
0.9454166666666667,0.009519612163948876,11345
0.9455,0.009518773135906928,11346
0.9455833333333333,0.009517934255750418,11347
0.9456666666666667,0.009605216778286923,11348
0.94575,0.009604370429112698,11349
0.9458333333333333,0.00960352422907489,11350
0.9459166666666666,0.009690776143071095,11351
0.946,0.009689922480620155,11352
0.9460833333333334,0.009689068968554567,11353
0.9461666666666667,0.009688215606834596,11354
0.94625,0.009687362395420519,11355
0.9463333333333334,0.009686509334272632,11356
0.9464166666666667,0.009773707845381703,11357
0.9465,0.00977284733227681,11358
0.9465833333333333,0.009771986970684038,11359
0.9466666666666667,0.009859154929577466,11360
0.94675,0.009858287122612447,11361
0.9468333333333333,0.00985741946840345,11362
0.9469166666666666,0.009856551966910147,11363
0.947,0.009855684618092221,11364
0.9470833333333334,0.00985481742190937,11365
0.9471666666666667,0.00994193207812775,11366
0.94725,0.00994105744699569,11367
0.9473333333333334,0.00994018296973962,11368
0.9474166666666667,0.009939308646318937,11369
0.9475,0.009938434476693053,11370
0.9475833333333333,0.009937560460821388,11371
0.9476666666666667,0.009936686598663383,11372
0.94775,0.009935812890178492,11373
0.9478333333333333,0.009934939335326182,11374
0.9479166666666666,0.009934065934065935,11375
0.948,0.009933192686357244,11376
0.9480833333333333,0.00993231959215962,11377
0.9481666666666667,0.009931446651432588,11378
0.94825,0.010018455048774057,11379
0.9483333333333334,0.010017574692442882,11380
0.9484166666666667,0.01001669449081803,11381
0.9485,0.010103672465296082,11382
0.9485833333333333,0.01010278485460775,11383
0.9486666666666667,0.010101897399859451,11384
0.94875,0.010101010101010102,11385
0.9488333333333333,0.010100122958018619,11386
0.9489166666666666,0.010099235970843945,11387
0.949,0.010186160871092378,11388
0.9490833333333333,0.010185266485205022,11389
0.9491666666666667,0.010184372256365233,11390
0.94925,0.010183478184531648,11391
0.9493333333333334,0.010182584269662922,11392
0.9494166666666667,0.010181690511717722,11393
0.9495,0.010180796910654731,11394
0.9495833333333333,0.010179903466432647,11395
0.9496666666666667,0.010179010179010179,11396
0.94975,0.010178117048346057,11397
0.9498333333333333,0.010177224074399017,11398
0.9499166666666666,0.010176331257127818,11399
0.95,0.010175438596491228,11400
0.9500833333333333,0.010262257696693273,11401
0.9501666666666667,0.010261357656551482,11402
0.95025,0.010260457774269928,11403
0.9503333333333334,0.010347246580147317,11404
0.9504166666666667,0.010434020166593599,11405
0.9505,0.010433105383131686,11406
0.9505833333333333,0.010432190760059613,11407
0.9506666666666667,0.010431276297335203,11408
0.95075,0.010430361994916294,11409
0.9508333333333333,0.010429447852760737,11410
0.9509166666666666,0.010428533870826396,11411
0.951,0.010427620049071154,11412
0.9510833333333333,0.010426706387452904,11413
0.9511666666666667,0.010513404590853337,11414
0.95125,0.010512483574244415,11415
0.9513333333333334,0.01051156271899089,11416
0.9514166666666667,0.010510642025050363,11417
0.9515,0.010509721492380452,11418
0.9515833333333333,0.010508801120938787,11419
0.9516666666666667,0.010507880910683012,11420
0.95175,0.010506960861570791,11421
0.9518333333333333,0.010593591315006128,11422
0.9519166666666666,0.010592663923662786,11423
0.952,0.010591736694677872,11424
0.9520833333333333,0.010678336980306347,11425
0.9521666666666667,0.010677402415543498,11426
0.95225,0.010763980047256498,11427
0.9523333333333334,0.010763038151907595,11428
0.9524166666666667,0.010762096421384199,11429
0.9525,0.010761154855643044,11430
0.9525833333333333,0.010760213454640889,11431
0.9526666666666667,0.0107592722183345,11432
0.95275,0.010758331146680662,11433
0.9528333333333333,0.010757390239636172,11434
0.9529166666666666,0.01075644949715785,11435
0.953,0.010755508919202518,11436
0.9530833333333333,0.010754568505727027,11437
0.9531666666666667,0.010753628256688233,11438
0.95325,0.01084010840108401,11439
0.9533333333333334,0.010839160839160839,11440
0.9534166666666667,0.010838213442880867,11441
0.9535,0.010837266212200665,11442
0.9535833333333333,0.010923708817617757,11443
0.9536666666666667,0.011010136315973435,11444
0.95375,0.011009174311926606,11445
0.9538333333333333,0.011095579241656474,11446
0.9539166666666666,0.01109460994146938,11447
0.954,0.011093640810621943,11448
0.9540833333333333,0.011092671849069789,11449
0.9541666666666667,0.011179039301310043,11450
0.95425,0.011178063051261898,11451
0.9543333333333334,0.011264407963674467,11452
0.9544166666666667,0.011263424430280276,11453
0.9545,0.011262441068622316,11454
0.9545833333333333,0.011348756001745963,11455
0.9546666666666667,0.011347765363128492,11456
0.95475,0.011346774897442612,11457
0.9548333333333333,0.011345784604643043,11458
0.9549166666666666,0.011344794484684527,11459
0.955,0.011431064572425828,11460
0.9550833333333333,0.011430067184364366,11461
0.9551666666666667,0.011429069970336764,11462
0.95525,0.011428072930297479,11463
0.9553333333333334,0.011427076064200977,11464
0.9554166666666667,0.011426079372001744,11465
0.9555,0.011425082853654282,11466
0.9555833333333333,0.011511293276358246,11467
0.9556666666666667,0.011510289501220789,11468
0.95575,0.011596477460981776,11469
0.9558333333333333,0.011595466434176112,11470
0.9559166666666666,0.011594455583645715,11471
0.956,0.011593444909344492,11472
0.9560833333333333,0.011592434411226357,11473
0.9561666666666667,0.01159142408924525,11474
0.95625,0.01159041394335512,11475
0.9563333333333334,0.011589403973509934,11476
0.9564166666666667,0.011675524962969417,11477
0.9565,0.011674507753964105,11478
0.9565833333333333,0.011760606324592734,11479
0.9566666666666667,0.011759581881533102,11480
0.95675,0.011758557616932322,11481
0.9568333333333333,0.011757533530743772,11482
0.9569166666666666,0.01175650962292084,11483
0.957,0.011842563566701497,11484
0.9570833333333333,0.011841532433609055,11485
0.9571666666666667,0.011840501480062686,11486
0.95725,0.011926525637677375,11487
0.9573333333333334,0.011925487465181059,11488
0.9574166666666667,0.012011489250587518,11489
0.9575,0.012010443864229765,11490
0.9575833333333333,0.012009398659820729,11491
0.9576666666666667,0.012008353637312914,11492
0.95775,0.012007308796658836,11493
0.9578333333333333,0.012006264137811033,11494
0.9579166666666666,0.012005219660722053,11495
0.958,0.012004175365344467,11496
0.9580833333333333,0.01200313125163086,11497
0.9581666666666667,0.01208905896677683,11498
0.95825,0.012088007652839378,11499
0.9583333333333334,0.01208695652173913,11500
0.9584166666666667,0.012085905573428398,11501
0.9585,0.012084854807859502,11502
0.9585833333333333,0.012083804224984786,11503
0.9586666666666667,0.012169680111265646,11504
0.95875,0.012168622338113864,11505
0.9588333333333333,0.012254475925604033,11506
0.9589166666666666,0.012253410967237333,11507
0.959,0.012252346193952034,11508
0.9590833333333333,0.012251281605699887,11509
0.9591666666666666,0.012250217202432667,11510
0.95925,0.012249152984102164,11511
0.9593333333333334,0.012248088950660182,11512
0.9594166666666667,0.012247025102058542,11513
0.9595,0.01233281222859128,11514
0.9595833333333333,0.012331741207121147,11515
0.9596666666666667,0.012330670371656825,11516
0.95975,0.012329599722149866,11517
0.9598333333333333,0.012328529258551832,11518
0.9599166666666666,0.012327458980814306,11519
0.96,0.012413194444444444,11520
0.9600833333333333,0.012498915024737435,11521
0.9601666666666666,0.012497830237805936,11522
0.96025,0.01249674563915647,11523
0.9603333333333334,0.012495661228740022,11524
0.9604166666666667,0.012494577006507593,11525
0.9605,0.012580253340274163,11526
0.9605833333333333,0.012579161967554438,11527
0.9606666666666667,0.012664816099930604,11528
0.96075,0.012663717581750368,11529
0.9608333333333333,0.012662619254119687,11530
0.9609166666666666,0.012661521116988986,11531
0.961,0.012660423170308707,11532
0.9610833333333333,0.012659325414029306,11533
0.9611666666666666,0.012658227848101266,11534
0.96125,0.012657130472475075,11535
0.9613333333333334,0.012742718446601941,11536
0.9614166666666667,0.012741613937765451,11537
0.9615,0.012740509620384815,11538
0.9615833333333333,0.012739405494410262,11539
0.9616666666666667,0.012824956672443674,11540
0.96175,0.012910493024867862,11541
0.9618333333333333,0.012909374458499394,11542
0.9619166666666666,0.01290825608593953,11543
0.962,0.012907137907137907,11544
0.9620833333333333,0.0129926375054136,11545
0.9621666666666666,0.012991512212021479,11546
0.96225,0.01307698969429289,11547
0.9623333333333334,0.013162452372705231,11548
0.9624166666666667,0.013161312667763443,11549
0.9625,0.013246753246753246,11550
0.9625833333333333,0.01324560644100078,11551
0.9626666666666667,0.013244459833795014,11552
0.96275,0.013243313425084394,11553
0.9628333333333333,0.01324216721481738,11554
0.9629166666666666,0.01324102120294245,11555
0.963,0.0132398753894081,11556
0.9630833333333333,0.013325257419745608,11557
0.9631666666666666,0.01332410451635231,11558
0.96325,0.01340946448654728,11559
0.9633333333333334,0.013408304498269897,11560
0.9634166666666667,0.01349364241847591,11561
0.9635,0.013492475350285417,11562
0.9635833333333333,0.013577791230649486,11563
0.9636666666666667,0.013576617087512972,11564
0.96375,0.013575443147427584,11565
0.9638333333333333,0.013574269410340654,11566
0.9639166666666666,0.013659548716175326,11567
0.964,0.013658367911479945,11568
0.9640833333333333,0.01374362520529,11569
0.9641666666666666,0.013742437337942956,11570
0.96425,0.013741249675913923,11571
0.9643333333333334,0.013740062219149671,11572
0.9644166666666667,0.013738874967596994,11573
0.9645,0.013737687921202696,11574
0.9645833333333333,0.013822894168466522,11575
0.9646666666666667,0.013821700069108501,11576
0.96475,0.01390688433963894,11577
0.9648333333333333,0.013905683192261185,11578
0.9649166666666666,0.013904482252353398,11579
0.965,0.01390328151986183,11580
0.9650833333333333,0.013902080994732752,11581
0.9651666666666666,0.013987221550682093,11582
0.96525,0.013986013986013986,11583
0.9653333333333334,0.013984806629834255,11584
0.9654166666666667,0.013983599482088908,11585
0.9655,0.013982392542723977,11586
0.9655833333333333,0.013981185811685509,11587
0.9656666666666667,0.014066275457369692,11588
0.96575,0.014151350418500302,11589
0.9658333333333333,0.014150129421915444,11590
0.9659166666666666,0.014148908636010697,11591
0.966,0.014147688060731538,11592
0.9660833333333333,0.01423272664538946,11593
0.9661666666666666,0.014231499051233396,11594
0.96625,0.014230271668822769,11595
0.9663333333333334,0.014229044498102795,11596
0.9664166666666667,0.014227817539018712,11597
0.9665,0.014312812553888601,11598
0.9665833333333333,0.014311578584360721,11599
0.9666666666666667,0.014310344827586207,11600
0.96675,0.014395310749073355,11601
0.9668333333333333,0.014394069987933114,11602
0.9669166666666666,0.014392829440661897,11603
0.967,0.014391589107204412,11604
0.9670833333333333,0.014390348987505385,11605
0.9671666666666666,0.014389109081509564,11606
0.96725,0.01447402429568364,11607
0.9673333333333334,0.014558924879393522,11608
0.9674166666666667,0.014557670772676373,11609
0.9675,0.014556416881998277,11610
0.9675833333333334,0.014555163207303419,11611
0.9676666666666667,0.014553909748535997,11612
0.96775,0.01463876689916473,11613
0.9678333333333333,0.014637506457723437,11614
0.9679166666666666,0.014636246233318984,11615
0.968,0.014634986225895317,11616
0.9680833333333333,0.014719807179134028,11617
0.9681666666666666,0.014718540196247203,11618
0.96825,0.014803339357948189,11619
0.9683333333333334,0.014802065404475043,11620
0.9684166666666667,0.01488684278461406,11621
0.9685,0.014885561865427638,11622
0.9685833333333334,0.014884281166652327,11623
0.9686666666666667,0.014883000688231245,11624
0.96875,0.014881720430107527,11625
0.9688333333333333,0.014880440392224324,11626
0.9689166666666666,0.014879160574524814,11627
0.969,0.014877880976952184,11628
0.9690833333333333,0.014876601599449651,11629
0.9691666666666666,0.014875322441960447,11630
0.96925,0.01496002063451122,11631
0.9693333333333334,0.015044704264099037,11632
0.9694166666666667,0.015129373334479498,11633
0.9695,0.015128072889805742,11634
0.9695833333333334,0.015212720240653201,11635
0.9696666666666667,0.015211412856651771,11636
0.96975,0.015210105697344677,11637
0.9698333333333333,0.015208798762674,11638
0.9699166666666666,0.015207492052581838,11639
0.97,0.015206185567010309,11640
0.9700833333333333,0.015204879305901555,11641
0.9701666666666666,0.015289469163373991,11642
0.97025,0.015288155973546337,11643
0.9703333333333334,0.015286843009275164,11644
0.9704166666666667,0.015285530270502362,11645
0.9705,0.015284217757169843,11646
0.9705833333333334,0.015282905469219541,11647
0.9706666666666667,0.015281593406593406,11648
0.97075,0.01528028156923341,11649
0.9708333333333333,0.015278969957081546,11650
0.9709166666666667,0.015277658570079821,11651
0.971,0.015276347408170271,11652
0.9710833333333333,0.015360851282931434,11653
0.9711666666666666,0.015445340655568903,11654
0.97125,0.015444015444015444,11655
0.9713333333333334,0.015528483184625944,11656
0.9714166666666667,0.015527151068027795,11657
0.9715,0.015611597186481386,11658
0.9715833333333334,0.015610258169654345,11659
0.9716666666666667,0.015694682675814753,11660
0.97175,0.01569333676357088,11661
0.9718333333333333,0.015691991082147146,11662
0.9719166666666667,0.01569064563148418,11663
0.972,0.015689300411522635,11664
0.9720833333333333,0.01568795542220317,11665
0.9721666666666666,0.01577232984741985,11666
0.97225,0.01577097797205794,11667
0.9723333333333334,0.01576962632841961,11668
0.9724166666666667,0.015768274916445283,11669
0.9725,0.015766923736075408,11670
0.9725833333333334,0.015851255248050724,11671
0.9726666666666667,0.015849897189856067,11672
0.97275,0.01584853936434507,11673
0.9728333333333333,0.01584718177145794,11674
0.9729166666666667,0.015845824411134905,11675
0.973,0.015844467283316205,11676
0.9730833333333333,0.01584311038794211,11677
0.9731666666666666,0.015841753724952903,11678
0.97325,0.01592602106344721,11679
0.9733333333333334,0.01601027397260274,11680
0.9734166666666667,0.01609451245612533,11681
0.9735,0.016093134737202534,11682
0.9735833333333334,0.016091757254129934,11683
0.9736666666666667,0.016175967134542963,11684
0.97375,0.016260162601626018,11685
0.9738333333333333,0.016258771179188773,11686
0.9739166666666667,0.01625737999486609,11687
0.974,0.01625598904859685,11688
0.9740833333333333,0.01625459834031996,11689
0.9741666666666666,0.016338751069289992,11690
0.97425,0.016422889402104183,11691
0.9743333333333334,0.016421484775915155,11692
0.9744166666666667,0.01642008038997691,11693
0.9745,0.016418676244227808,11694
0.9745833333333334,0.016502778965369815,11695
0.9746666666666667,0.016501367989056086,11696
0.97475,0.01649995725399675,11697
0.9748333333333333,0.016584031458368953,11698
0.9749166666666667,0.016582613898623814,11699
0.975,0.01658119658119658,11700
0.9750833333333333,0.016579779506025127,11701
0.9751666666666666,0.016578362673047343,11702
0.97525,0.016576946082201144,11703
0.9753333333333334,0.01657552973342447,11704
0.9754166666666667,0.016574113626655274,11705
0.9755,0.01657269776183154,11706
0.9755833333333334,0.016571282138891263,11707
0.9756666666666667,0.016569866757772462,11708
0.97575,0.016568451618413187,11709
0.9758333333333333,0.016567036720751493,11710
0.9759166666666667,0.01656562206472547,11711
0.976,0.016649590163934427,11712
0.9760833333333333,0.016648168701442843,11713
0.9761666666666666,0.016646747481645893,11714
0.97625,0.016645326504481434,11715
0.9763333333333334,0.016643905769887335,11716
0.9764166666666667,0.016727831356149185,11717
0.9765,0.01681174261819423,11718
0.9765833333333334,0.016895639559689393,11719
0.9766666666666667,0.01689419795221843,11720
0.97675,0.016978073543213037,11721
0.9768333333333333,0.017061934823408974,11722
0.9769166666666667,0.017060479399471126,11723
0.977,0.017059024223814397,11724
0.9770833333333333,0.017142857142857144,11725
0.9771666666666666,0.017141395190175678,11726
0.97725,0.017139933486825274,11727
0.9773333333333334,0.017138472032742155,11728
0.9774166666666667,0.017137010827862564,11729
0.9775,0.017135549872122763,11730
0.9775833333333334,0.017219333390162815,11731
0.9776666666666667,0.017217865666553017,11732
0.97775,0.017216398193130488,11733
0.9778333333333333,0.01721493096983126,11734
0.9779166666666667,0.01729867916489135,11735
0.978,0.017297205180640762,11736
0.9780833333333333,0.017295731447559002,11737
0.9781666666666666,0.017379451354574884,11738
0.97825,0.01746315699804072,11739
0.9783333333333334,0.01746166950596252,11740
0.9784166666666667,0.01754535388808449,11741
0.9785,0.01762902401635156,11742
0.9785833333333334,0.017712679894405177,11743
0.9786666666666667,0.017711171662125342,11744
0.97875,0.017709663686675182,11745
0.9788333333333333,0.017708155967989102,11746
0.9789166666666667,0.01770664850600153,11747
0.979,0.017790262172284643,11748
0.9790833333333333,0.017788747978551366,11749
0.9791666666666666,0.017872340425531916,11750
0.97925,0.017870819504723003,11751
0.9793333333333333,0.01786929884275017,11752
0.9794166666666667,0.01786777843954735,11753
0.9795,0.017866258295048495,11754
0.9795833333333334,0.017949808592088473,11755
0.9796666666666667,0.017948281728479076,11756
0.97975,0.018031810836097645,11757
0.9798333333333333,0.018115325735669333,11758
0.9799166666666667,0.01811378518581512,11759
0.98,0.018197278911564627,11760
0.9800833333333333,0.018280758438908255,11761
0.9801666666666666,0.018279204216969904,11762
0.98025,0.018277650259287598,11763
0.9803333333333333,0.01827609656579395,11764
0.9804166666666667,0.01827454313642159,11765
0.9805,0.018272989971103177,11766
0.9805833333333334,0.018271437069771395,11767
0.9806666666666667,0.018354860639021073,11768
0.98075,0.018353301045118533,11769
0.9808333333333333,0.018351741716227696,11770
0.9809166666666667,0.018435137201597146,11771
0.981,0.018518518518518517,11772
0.9810833333333333,0.018516945553384862,11773
0.9811666666666666,0.0185153728554442,11774
0.98125,0.01851380042462845,11775
0.9813333333333333,0.018512228260869564,11776
0.9814166666666667,0.018595567631824742,11777
0.9815,0.01859398879266429,11778
0.9815833333333334,0.018677307071907633,11779
0.9816666666666667,0.01867572156196944,11780
0.98175,0.018674136321195144,11781
0.9818333333333333,0.018757426582923103,11782
0.9819166666666667,0.018755834677077143,11783
0.982,0.018754243041412086,11784
0.9820833333333333,0.01883750530335172,11785
0.9821666666666666,0.01883590700831495,11786
0.98225,0.01883430898447442,11787
0.9823333333333333,0.018917543264336614,11788
0.9824166666666667,0.01891593858681822,11789
0.9825,0.018999151823579304,11790
0.9825833333333334,0.018997540496989228,11791
0.9826666666666667,0.019080732700135685,11792
0.98275,0.01907911472907657,11793
0.9828333333333333,0.01916228590808886,11794
0.9829166666666667,0.019160661297159813,11795
0.983,0.019243811461512376,11796
0.9830833333333333,0.019242180215308977,11797
0.9831666666666666,0.019240549245634852,11798
0.98325,0.01932367149758454,11799
0.9833333333333333,0.019322033898305085,11800
0.9834166666666667,0.01932039657656131,11801
0.9835,0.019318759532282664,11802
0.9835833333333334,0.01931712276539863,11803
0.9836666666666667,0.0193154862758387,11804
0.98375,0.019313850063532402,11805
0.9838333333333333,0.019312214128409284,11806
0.9839166666666667,0.01939527399000593,11807
0.984,0.01947831978319783,11808
0.9840833333333333,0.019476670336184266,11809
0.9841666666666666,0.01947502116850127,11810
0.98425,0.019558039116078233,11811
0.9843333333333333,0.019641043007111413,11812
0.9844166666666667,0.019724032845170575,11813
0.9845,0.019807008633824275,11814
0.9845833333333334,0.019805332204824375,11815
0.9846666666666667,0.01980365605958023,11816
0.98475,0.019886604045019886,11817
0.9848333333333333,0.01988492130648164,11818
0.9849166666666667,0.019883238852694815,11819
0.985,0.01988155668358714,11820
0.9850833333333333,0.019879874799086372,11821
0.9851666666666666,0.019962781255286752,11822
0.98525,0.020045673686881503,11823
0.9853333333333333,0.020128552097428958,11824
0.9854166666666667,0.02021141649048626,11825
0.9855,0.020209707424319295,11826
0.9855833333333334,0.020292550942758097,11827
0.9856666666666667,0.02037538045316199,11828
0.98575,0.020373657959252684,11829
0.9858333333333333,0.020456466610312765,11830
0.9859166666666667,0.020454737553883863,11831
0.986,0.020453008789722785,11832
0.9860833333333333,0.02045128031775543,11833
0.9861666666666666,0.020534054419469327,11834
0.98625,0.020616814533164343,11835
0.9863333333333333,0.020615072659682324,11836
0.9864166666666667,0.02069781194559432,11837
0.9865,0.020780537252914344,11838
0.9865833333333334,0.020778781991722273,11839
0.9866666666666667,0.020861486486486485,11840
0.98675,0.020859724685415082,11841
0.9868333333333333,0.02085796318189495,11842
0.9869166666666667,0.02094064004053027,11843
0.987,0.02093887200270179,11844
0.9870833333333333,0.021021528070916,11845
0.9871666666666666,0.02101975350329225,11846
0.98725,0.021102388790411073,11847
0.9873333333333333,0.021185010128291694,11848
0.9874166666666667,0.02126761752046586,11849
0.9875,0.021350210970464134,11850
0.9875833333333334,0.021348409416926842,11851
0.9876666666666667,0.021346608167397908,11852
0.98775,0.021344807221800387,11853
0.9878333333333333,0.021343006580057364,11854
0.9879166666666667,0.021425558835934205,11855
0.988,0.0215080971659919,11856
0.9880833333333333,0.021506283208231426,11857
0.9881666666666666,0.021504469556417608,11858
0.98825,0.021586980352474913,11859
0.9883333333333333,0.02166947723440135,11860
0.9884166666666667,0.021667650282438243,11861
0.9885,0.021665823638509527,11862
0.9885833333333334,0.0216639973025373,11863
0.9886666666666667,0.021662171274443694,11864
0.98875,0.021744627054361566,11865
0.9888333333333333,0.021827068936457104,11866
0.9889166666666667,0.0219094969242437,11867
0.989,0.021907650825749917,11868
0.9890833333333333,0.021990058134636448,11869
0.9891666666666666,0.02207245155855097,11870
0.98925,0.022154831101002442,11871
0.9893333333333333,0.022152964959568734,11872
0.9894166666666667,0.02215109913248547,11873
0.9895,0.022149233619673237,11874
0.9895833333333334,0.02214736842105263,11875
0.9896666666666667,0.02222970697204446,11876
0.98975,0.02231203165782605,11877
0.9898333333333333,0.02231015322444856,11878
0.9899166666666667,0.022308275107332267,11879
0.99,0.02239057239057239,11880
0.9900833333333333,0.022472855820217155,11881
0.9901666666666666,0.022470964484093588,11882
0.99025,0.02246907346629639,11883
0.9903333333333333,0.02255132951868058,11884
0.9904166666666666,0.022549432057214977,11885
0.9905,0.02254753491502608,11886
0.9905833333333334,0.022545638092033315,11887
0.9906666666666667,0.022543741588156124,11888
0.99075,0.022541845403313988,11889
0.9908333333333333,0.02253994953742641,11890
0.9909166666666667,0.022622151206795053,11891
0.991,0.022704339051463168,11892
0.9910833333333333,0.02270243000084083,11893
0.9911666666666666,0.022784597275937447,11894
0.99125,0.022866750735603195,11895
0.9913333333333333,0.022864828513786146,11896
0.9914166666666666,0.022946961418845085,11897
0.9915,0.02302908051773407,11898
0.9915833333333334,0.023027145138246913,11899
0.9916666666666667,0.023109243697478993,11900
0.99175,0.023191328459793294,11901
0.9918333333333333,0.023273399428667452,11902
0.9919166666666667,0.023271444173737714,11903
0.992,0.023353494623655914,11904
0.9920833333333333,0.023351532969340612,11905
0.9921666666666666,0.023349571644548966,11906
0.99225,0.02334761064919795,11907
0.9923333333333333,0.02334564998320457,11908
0.9924166666666666,0.023427659753127886,11909
0.9925,0.023509655751469353,11910
0.9925833333333334,0.023507681974645287,11911
0.9926666666666667,0.02350570852921424,11912
0.99275,0.023587677327289516,11913
0.9928333333333333,0.023669632365284538,11914
0.9929166666666667,0.02375157364666387,11915
0.993,0.023833501174890904,11916
0.9930833333333333,0.023915414953427878,11917
0.9931666666666666,0.023997314985735863,11918
0.99325,0.02399530161926336,11919
0.9933333333333333,0.023993288590604026,11920
0.9934166666666666,0.024075161479741633,11921
0.9935,0.02415702063412179,11922
0.9935833333333334,0.024154994548351925,11923
0.9936666666666667,0.024152968802415298,11924
0.99375,0.024150943396226414,11925
0.9938333333333333,0.024148918329699814,11926
0.9939166666666667,0.024230736983315168,11927
0.994,0.024228705566733736,11928
0.9940833333333333,0.02422667449073686,11929
0.9941666666666666,0.024224643755238893,11930
0.99425,0.02430642863129662,11931
0.9943333333333333,0.02430439155212873,11932
0.9944166666666666,0.024386156037878155,11933
0.9945,0.024384112619406737,11934
0.9945833333333334,0.02446585672392124,11935
0.9946666666666667,0.024463806970509382,11936
0.99475,0.024545530702856665,11937
0.9948333333333333,0.02462724074384319,11938
0.9949166666666667,0.024625177988106206,11939
0.995,0.024706867671691793,11940
0.9950833333333333,0.024704798593082656,11941
0.9951666666666666,0.02470272986099481,11942
0.99525,0.024784392531189817,11943
0.9953333333333333,0.02486604152712659,11944
0.9954166666666666,0.02486395981582252,11945
0.9955,0.024945588481500084,11946
0.9955833333333334,0.025027203482045703,11947
0.9956666666666667,0.025108804820890524,11948
0.99575,0.025190392501464556,11949
0.9958333333333333,0.02518828451882845,11950
0.9959166666666667,0.025269851895238893,11951
0.996,0.025267737617135206,11952
0.9960833333333333,0.025265623692796786,11953
0.9961666666666666,0.02526351012213485,11954
0.99625,0.025261396905060643,11955
0.9963333333333333,0.025259284041485447,11956
0.9964166666666666,0.025257171531320566,11957
0.9965,0.025338685398896138,11958
0.9965833333333334,0.025336566602558744,11959
0.9966666666666667,0.025334448160535115,11960
0.99675,0.025415935122481397,11961
0.9968333333333333,0.025413810399598728,11962
0.9969166666666667,0.02549527710440525,11963
0.997,0.02549314610498161,11964
0.9970833333333333,0.02557459256163811,11965
0.9971666666666666,0.025656025405315058,11966
0.99725,0.025737444639425084,11967
0.9973333333333333,0.025735294117647058,11968
0.9974166666666666,0.025733143955217645,11969
0.9975,0.025730994152046785,11970
0.9975833333333334,0.025812379918135495,11971
0.9976666666666667,0.025810223855663214,11972
0.99775,0.025808068153345028,11973
0.9978333333333333,0.025805912811090695,11974
0.9979166666666667,0.02580375782881002,11975
0.998,0.02588510354041416,11976
0.9980833333333333,0.025882942306086665,11977
0.9981666666666666,0.025880781432626482,11978
0.99825,0.02596210034226563,11979
0.9983333333333333,0.025959933222036727,11980
0.9984166666666666,0.025957766463567313,11981
0.9985,0.026039058587881823,11982
0.9985833333333334,0.026036885587916215,11983
0.9986666666666667,0.0260347129506008,11984
0.99875,0.026032540675844807,11985
0.9988333333333334,0.026030368763557483,11986
0.9989166666666667,0.026111620922666223,11987
0.999,0.02619285952619286,11988
0.9990833333333333,0.026274084577529402,11989
0.9991666666666666,0.02635529608006672,11990
0.99925,0.026353098156951048,11991
0.9993333333333333,0.026350900600400268,11992
0.9994166666666666,0.026348703410322687,11993
0.9995,0.026429881607470403,11994
0.9995833333333334,0.026511046269278866,11995
0.9996666666666667,0.026592197399133044,11996
0.99975,0.026589980828540468,11997
0.9998333333333334,0.026587764627437907,11998
0.9999166666666667,0.026585548795732977,11999
1.0,0.026583333333333334,12000
